{
    "format_version": "1.10.0",
    "minecraft:attachable": {
        "description": {
            "identifier": "geyser_custom:gmdl_6d0b461",
			"item": { "minecraft:leather_helmet": "query.owner_identifier == 'minecraft:player'" },
            "materials": {
                "default": "entity_alphatest_one_sided",
                "enchanted": "entity_alphatest_one_sided"
            },
            "textures": {
                "default": "textures/armor/gamemaster/gamemaster_layer_1",
                "enchanted": "textures/misc/enchanted_actor_glint"
            },
            "geometry": {
                "default": "geometry.player.armor.helmet"
            },
            "scripts": {
                "parent_setup": "v.chest_layer_visible = 0.0;"
            }, 
            "render_controllers": ["controller.render.armor"]
        }
    }
}