{
    "format_version": "1.10.0",
    "minecraft:attachable": {
      "description": {
        "identifier": "geyser_custom:gmdl_4e49897",
        "item": { "minecraft:leather_chestplate": "query.owner_identifier == 'minecraft:player'" },
        "materials": {
          "default": "entity_alphatest_one_sided",
          "enchanted": "entity_alphatest_one_sided"
        },
        "textures": {
          "default": "textures/armor/gamemaster/gamemaster_layer_1",
          "enchanted": "textures/misc/enchanted_item_glint"
        },
        "geometry": {
          "default": "geometry.player.armor.chestplate"
        },
        "scripts": {
          "parent_setup": "variable.chest_layer_visible = 0.0;"
        },
        "render_controllers": [ "controller.render.armor" ]
      }
    }
  }
  