{"format_version":"1.16.0","minecraft:geometry":[{"description":{"identifier":"geometry.geyser_custom.geo_e15902e","texture_width":16,"texture_height":16,"visible_bounds_width":4,"visible_bounds_height":4.5,"visible_bounds_offset":[0,0.75,0]},"bones":[{"name":"geyser_custom","binding":"c.item_slot == 'head' ? 'head' : q.item_slot_to_bone_name(c.item_slot)","pivot":[0,8,0]},{"name":"geyser_custom_x","parent":"geyser_custom","pivot":[0,8,0]},{"name":"geyser_custom_y","parent":"geyser_custom_x","pivot":[0,8,0]},{"name":"geyser_custom_z","parent":"geyser_custom_y","pivot":[0,8,0],"cubes":[{"origin":[-6,0,-4],"size":[12,13,8],"uv":{"north":{"uv":[10.016,12.016],"uv_size":[1.484,1.609]},"south":{"uv":[10.016,12.016],"uv_size":[1.484,1.609]},"east":{"uv":[10.141,12.016],"uv_size":[1.109,1.609]},"west":{"uv":[10.141,12.016],"uv_size":[1.109,1.609]},"up":{"uv":[13.484,8.984],"uv_size":[-1.484,-0.984]},"down":{"uv":[10.615,13.234],"uv_size":[-0.615,-0.984]}}},{"origin":[-6,13,-4],"size":[12,2,1],"uv":{"north":{"uv":[10.016,12.004],"uv_size":[1.484,0.246]},"south":{"uv":[10.016,12.004],"uv_size":[1.484,0.246]},"east":{"uv":[10.002,12.004],"uv_size":[0.123,0.246]},"west":{"uv":[10.002,12.004],"uv_size":[0.123,0.246]},"up":{"uv":[11.484,12.123],"uv_size":[-1.484,-0.123]},"down":{"uv":[11.484,12.123],"uv_size":[-1.484,-0.123]}}},{"origin":[-6,13,3],"size":[12,2,1],"uv":{"north":{"uv":[10.016,12.004],"uv_size":[1.484,0.246]},"south":{"uv":[10.016,12.004],"uv_size":[1.484,0.246]},"east":{"uv":[10.002,12.004],"uv_size":[0.123,0.246]},"west":{"uv":[10.002,12.004],"uv_size":[0.123,0.246]},"up":{"uv":[11.484,12.123],"uv_size":[-1.484,-0.123]},"down":{"uv":[11.484,12.123],"uv_size":[-1.484,-0.123]}}}]},{"parent":"geyser_custom_z","pivot":[4.7174,21.9676,0.0339],"rotation":[0,0,-45],"cubes":[{"origin":[4.5763,20.9852,-0.2477],"size":[0.25,2,0.5],"pivot":[4.7174,21.9676,0.0339],"uv":{"north":{"uv":[12.0005,8.004],"uv_size":[0.0308,0.246]},"south":{"uv":[12.0005,8.004],"uv_size":[0.0308,0.246]},"east":{"uv":[12.001,8.004],"uv_size":[0.0615,0.246]},"west":{"uv":[12.001,8.004],"uv_size":[0.0615,0.246]},"up":{"uv":[12.0308,8.0615],"uv_size":[-0.0308,-0.0615]},"down":{"uv":[12.0308,8.0615],"uv_size":[-0.0308,-0.0615]}}}],"name":"rot_1"},{"parent":"geyser_custom_z","pivot":[4.2631,15.0126,-3.4585],"rotation":[0,0,-45],"cubes":[{"origin":[3.2465,14.0152,-3.9777],"size":[2,2,1],"pivot":[4.2631,15.0126,-3.4585],"uv":{"north":{"uv":[10.004,12.004],"uv_size":[0.246,0.246]},"south":{"uv":[10.004,12.004],"uv_size":[0.246,0.246]},"east":{"uv":[10.002,12.004],"uv_size":[0.123,0.246]},"west":{"uv":[10.002,12.004],"uv_size":[0.123,0.246]},"up":{"uv":[10.246,12.123],"uv_size":[-0.246,-0.123]},"down":{"uv":[10.246,12.123],"uv_size":[-0.246,-0.123]}}}],"name":"rot_2"},{"parent":"geyser_custom_z","pivot":[4.2631,15.0126,3.4915],"rotation":[0,0,-45],"cubes":[{"origin":[3.2465,14.0152,2.9723],"size":[2,2,1],"pivot":[4.2631,15.0126,3.4915],"uv":{"north":{"uv":[10.004,12.004],"uv_size":[0.246,0.246]},"south":{"uv":[10.004,12.004],"uv_size":[0.246,0.246]},"east":{"uv":[10.002,12.004],"uv_size":[0.123,0.246]},"west":{"uv":[10.002,12.004],"uv_size":[0.123,0.246]},"up":{"uv":[10.246,12.123],"uv_size":[-0.246,-0.123]},"down":{"uv":[10.246,12.123],"uv_size":[-0.246,-0.123]}}}],"name":"rot_3"},{"parent":"geyser_custom_z","pivot":[1.4347,15.0064,-3.4524],"rotation":[0,0,-45],"cubes":[{"origin":[0.4181,14.0091,-3.9716],"size":[2,2,1],"pivot":[1.4347,15.0064,-3.4524],"uv":{"north":{"uv":[10.004,12.004],"uv_size":[0.246,0.246]},"south":{"uv":[10.004,12.004],"uv_size":[0.246,0.246]},"east":{"uv":[10.002,12.004],"uv_size":[0.123,0.246]},"west":{"uv":[10.002,12.004],"uv_size":[0.123,0.246]},"up":{"uv":[10.246,12.123],"uv_size":[-0.246,-0.123]},"down":{"uv":[10.246,12.123],"uv_size":[-0.246,-0.123]}}}],"name":"rot_4"},{"parent":"geyser_custom_z","pivot":[1.4347,15.0064,3.4976],"rotation":[0,0,-45],"cubes":[{"origin":[0.4181,14.0091,2.9784],"size":[2,2,1],"pivot":[1.4347,15.0064,3.4976],"uv":{"north":{"uv":[10.004,12.004],"uv_size":[0.246,0.246]},"south":{"uv":[10.004,12.004],"uv_size":[0.246,0.246]},"east":{"uv":[10.002,12.004],"uv_size":[0.123,0.246]},"west":{"uv":[10.002,12.004],"uv_size":[0.123,0.246]},"up":{"uv":[10.246,12.123],"uv_size":[-0.246,-0.123]},"down":{"uv":[10.246,12.123],"uv_size":[-0.246,-0.123]}}}],"name":"rot_5"},{"parent":"geyser_custom_z","pivot":[-1.3938,15.0052,-3.4512],"rotation":[0,0,-45],"cubes":[{"origin":[-2.4103,14.0079,-3.9704],"size":[2,2,1],"pivot":[-1.3938,15.0052,-3.4512],"uv":{"north":{"uv":[10.004,12.004],"uv_size":[0.246,0.246]},"south":{"uv":[10.004,12.004],"uv_size":[0.246,0.246]},"east":{"uv":[10.002,12.004],"uv_size":[0.123,0.246]},"west":{"uv":[10.002,12.004],"uv_size":[0.123,0.246]},"up":{"uv":[10.246,12.123],"uv_size":[-0.246,-0.123]},"down":{"uv":[10.246,12.123],"uv_size":[-0.246,-0.123]}}}],"name":"rot_6"},{"parent":"geyser_custom_z","pivot":[-1.3938,15.0052,3.4988],"rotation":[0,0,-45],"cubes":[{"origin":[-2.4103,14.0079,2.9796],"size":[2,2,1],"pivot":[-1.3938,15.0052,3.4988],"uv":{"north":{"uv":[10.004,12.004],"uv_size":[0.246,0.246]},"south":{"uv":[10.004,12.004],"uv_size":[0.246,0.246]},"east":{"uv":[10.002,12.004],"uv_size":[0.123,0.246]},"west":{"uv":[10.002,12.004],"uv_size":[0.123,0.246]},"up":{"uv":[10.246,12.123],"uv_size":[-0.246,-0.123]},"down":{"uv":[10.246,12.123],"uv_size":[-0.246,-0.123]}}}],"name":"rot_7"},{"parent":"geyser_custom_z","pivot":[-4.2222,15.0101,-3.4561],"rotation":[0,0,-45],"cubes":[{"origin":[-5.2388,14.0128,-3.9753],"size":[2,2,1],"pivot":[-4.2222,15.0101,-3.4561],"uv":{"north":{"uv":[10.004,12.004],"uv_size":[0.246,0.246]},"south":{"uv":[10.004,12.004],"uv_size":[0.246,0.246]},"east":{"uv":[10.002,12.004],"uv_size":[0.123,0.246]},"west":{"uv":[10.002,12.004],"uv_size":[0.123,0.246]},"up":{"uv":[10.246,12.123],"uv_size":[-0.246,-0.123]},"down":{"uv":[10.246,12.123],"uv_size":[-0.246,-0.123]}}}],"name":"rot_8"},{"parent":"geyser_custom_z","pivot":[-4.2222,15.0101,3.4939],"rotation":[0,0,-45],"cubes":[{"origin":[-5.2388,14.0128,2.9747],"size":[2,2,1],"pivot":[-4.2222,15.0101,3.4939],"uv":{"north":{"uv":[10.004,12.004],"uv_size":[0.246,0.246]},"south":{"uv":[10.004,12.004],"uv_size":[0.246,0.246]},"east":{"uv":[10.002,12.004],"uv_size":[0.123,0.246]},"west":{"uv":[10.002,12.004],"uv_size":[0.123,0.246]},"up":{"uv":[10.246,12.123],"uv_size":[-0.246,-0.123]},"down":{"uv":[10.246,12.123],"uv_size":[-0.246,-0.123]}}}],"name":"rot_9"},{"parent":"geyser_custom_z","pivot":[-2.4061,15.0099,-2.2398],"rotation":[22.5,0,0],"cubes":[{"origin":[-3.9047,14.75,-3.2287],"size":[3,0.5,2],"pivot":[-2.4061,15.0099,-2.2398],"uv":{"north":{"uv":[14.852,12.8245],"uv_size":[0.1229,0.4755]},"south":{"uv":[14.852,12.8245],"uv_size":[0.1229,0.4755]},"east":{"uv":[14.852,12.8245],"uv_size":[0.1229,0.4755]},"west":{"uv":[14.852,12.8245],"uv_size":[0.1229,0.4755]},"up":{"uv":[14.8446,13.2923],"uv_size":[-0.8446,-0.4755]},"down":{"uv":[14.8446,13.8089],"uv_size":[-0.8446,-0.4755]}}}],"name":"rot_10"},{"parent":"geyser_custom_z","pivot":[5.9666,19.9118,0.0312],"rotation":[0,0,-22.5],"cubes":[{"origin":[5.8224,19.4226,-0.2487],"size":[0.25,2,0.5],"pivot":[5.9666,19.9118,0.0312],"uv":{"north":{"uv":[12.0005,8.004],"uv_size":[0.0308,0.246]},"south":{"uv":[12.0005,8.004],"uv_size":[0.0308,0.246]},"east":{"uv":[12.001,8.004],"uv_size":[0.0615,0.246]},"west":{"uv":[12.001,8.004],"uv_size":[0.0615,0.246]},"up":{"uv":[12.0308,8.0615],"uv_size":[-0.0308,-0.0615]},"down":{"uv":[12.0308,8.0615],"uv_size":[-0.0308,-0.0615]}}}],"name":"rot_11"},{"parent":"geyser_custom_z","pivot":[-3.1274,23.0422,0.033],"rotation":[0,0,-22.5],"cubes":[{"origin":[-4.1098,22.9012,-0.2486],"size":[2,0.25,0.5],"pivot":[-3.1274,23.0422,0.033],"uv":{"north":{"uv":[12.0005,8.246],"uv_size":[0.0308,-0.246]},"south":{"uv":[12.0005,8.246],"uv_size":[0.0308,-0.246]},"east":{"uv":[12.0005,8.0615],"uv_size":[0.0308,-0.0615]},"west":{"uv":[12.0005,8.0615],"uv_size":[0.0308,-0.0615]},"up":{"uv":[12.0615,8.004],"uv_size":[-0.0615,0.246]},"down":{"uv":[12.0615,8.004],"uv_size":[-0.0615,0.246]}}}],"name":"rot_12"},{"parent":"geyser_custom_z","pivot":[1,20.5,7.5],"rotation":[0,-0,0],"cubes":[{"origin":[-6.5,12.5,-0.5],"size":[0.5,1,1],"pivot":[1,20.5,7.5],"uv":{"north":{"uv":[12.0615,8.002],"uv_size":[-0.0615,0.123]},"south":{"uv":[12.0615,8.002],"uv_size":[-0.0615,0.123]},"east":{"uv":[12.123,8.002],"uv_size":[-0.123,0.123]},"west":{"uv":[12.123,8.002],"uv_size":[-0.123,0.123]},"up":{"uv":[12.001,8.123],"uv_size":[0.0615,-0.123]},"down":{"uv":[12.001,8.123],"uv_size":[0.0615,-0.123]}}},{"origin":[-6.25,13.5,-0.25],"size":[0.25,6,0.5],"pivot":[1,20.5,7.5],"uv":{"north":{"uv":[12.0308,8.012],"uv_size":[-0.0308,0.738]},"south":{"uv":[12.0308,8.012],"uv_size":[-0.0308,0.738]},"east":{"uv":[12.0615,8.012],"uv_size":[-0.0615,0.738]},"west":{"uv":[12.0615,8.012],"uv_size":[-0.0615,0.738]},"up":{"uv":[12.0005,8.0615],"uv_size":[0.0308,-0.0615]},"down":{"uv":[12.0005,8.0615],"uv_size":[0.0308,-0.0615]}}}],"name":"rot_13"},{"parent":"geyser_custom_z","pivot":[0.2918,14.2501,0.8809],"rotation":[0,-0,0],"cubes":[{"origin":[-4.9047,14,-1.9787],"size":[3,0.5,2],"pivot":[0.2918,14.2501,0.8809],"uv":{"north":{"uv":[14.852,12.8245],"uv_size":[0.1229,0.4755]},"south":{"uv":[14.852,12.8245],"uv_size":[0.1229,0.4755]},"east":{"uv":[14.852,12.8245],"uv_size":[0.1229,0.4755]},"west":{"uv":[14.852,12.8245],"uv_size":[0.1229,0.4755]},"up":{"uv":[14.8446,13.2923],"uv_size":[-0.8446,-0.4755]},"down":{"uv":[14.8446,13.8089],"uv_size":[-0.8446,-0.4755]}}},{"origin":[-1.5665,14,-0.7103],"size":[2,0.5,3],"pivot":[0.2918,14.2501,0.8809],"uv":{"north":{"uv":[15.8354,12.8064],"uv_size":[0.1228,0.3936]},"south":{"uv":[15.8354,12.8064],"uv_size":[0.1228,0.3936]},"east":{"uv":[15.8354,12.8064],"uv_size":[0.1228,0.3936]},"west":{"uv":[15.8354,12.8064],"uv_size":[0.1228,0.3936]},"up":{"uv":[15.8115,13.1935],"uv_size":[-0.8283,-0.3935]},"down":{"uv":[15.8283,13.5935],"uv_size":[-0.8283,-0.3935]}}}],"name":"rot_14"},{"parent":"geyser_custom_z","pivot":[0.1918,14.2501,0.8809],"rotation":[0,-0,0],"cubes":[{"origin":[3.8938,14,-0.6158],"size":[2,0.5,3],"pivot":[0.1918,14.2501,0.8809],"uv":{"north":{"uv":[15.8354,12.8064],"uv_size":[0.1228,0.3936]},"south":{"uv":[15.8354,12.8064],"uv_size":[0.1228,0.3936]},"east":{"uv":[15.8354,12.8064],"uv_size":[0.1228,0.3936]},"west":{"uv":[15.8354,12.8064],"uv_size":[0.1228,0.3936]},"up":{"uv":[15.8115,13.1935],"uv_size":[-0.8283,-0.3935]},"down":{"uv":[15.8283,13.5935],"uv_size":[-0.8283,-0.3935]}}}],"name":"rot_15"},{"parent":"geyser_custom_z","pivot":[0.0044,13.9939,3.5105],"rotation":[0,-0,0],"cubes":[{"origin":[-6.0061,13,-2.9852],"size":[1,2,6],"pivot":[0.0044,13.9939,3.5105],"uv":{"north":{"uv":[10.002,12.004],"uv_size":[0.123,0.246]},"south":{"uv":[10.002,12.004],"uv_size":[0.123,0.246]},"east":{"uv":[10.012,12.004],"uv_size":[0.738,0.246]},"west":{"uv":[10.012,12.004],"uv_size":[0.738,0.246]},"up":{"uv":[10.738,12.123],"uv_size":[-0.738,-0.123]},"down":{"uv":[10.738,12.123],"uv_size":[-0.738,-0.123]}}},{"origin":[4.9939,13,-2.9852],"size":[1,2,6],"pivot":[0.0044,13.9939,3.5105],"uv":{"north":{"uv":[10.002,12.004],"uv_size":[0.123,0.246]},"south":{"uv":[10.002,12.004],"uv_size":[0.123,0.246]},"east":{"uv":[10.012,12.004],"uv_size":[0.738,0.246]},"west":{"uv":[10.012,12.004],"uv_size":[0.738,0.246]},"up":{"uv":[10.738,12.123],"uv_size":[-0.738,-0.123]},"down":{"uv":[10.738,12.123],"uv_size":[-0.738,-0.123]}}}],"name":"rot_16"},{"parent":"geyser_custom_z","pivot":[0,8,-0.125],"rotation":[0,-0,0],"cubes":[{"origin":[-5,2,-4.125],"size":[10,10,0],"pivot":[0,8,-0.125],"uv":{"north":{"uv":[14.266,10.516],"uv_size":[1.484,1.234]}}}],"name":"rot_17"},{"parent":"geyser_custom_z","pivot":[-1,20.5,7.5],"rotation":[0,-0,0],"cubes":[{"origin":[6,12.5,-0.5],"size":[0.5,1,1],"pivot":[-1,20.5,7.5],"uv":{"north":{"uv":[12.001,8.002],"uv_size":[0.0615,0.123]},"south":{"uv":[12.001,8.002],"uv_size":[0.0615,0.123]},"east":{"uv":[12.002,8.002],"uv_size":[0.123,0.123]},"west":{"uv":[12.002,8.002],"uv_size":[0.123,0.123]},"up":{"uv":[12.0615,8.123],"uv_size":[-0.0615,-0.123]},"down":{"uv":[12.0615,8.123],"uv_size":[-0.0615,-0.123]}}},{"origin":[6,13.5,-0.25],"size":[0.25,6,0.5],"pivot":[-1,20.5,7.5],"uv":{"north":{"uv":[12.0005,8.012],"uv_size":[0.0308,0.738]},"south":{"uv":[12.0005,8.012],"uv_size":[0.0308,0.738]},"east":{"uv":[12.001,8.012],"uv_size":[0.0615,0.738]},"west":{"uv":[12.001,8.012],"uv_size":[0.0615,0.738]},"up":{"uv":[12.0308,8.0615],"uv_size":[-0.0308,-0.0615]},"down":{"uv":[12.0308,8.0615],"uv_size":[-0.0308,-0.0615]}}}],"name":"rot_18"},{"parent":"geyser_custom_z","pivot":[-1.4555,14.853,1.6772],"rotation":[0,-0,0],"cubes":[{"origin":[-1.4826,14.6,1.1781],"size":[3,0.5,2],"pivot":[-1.4555,14.853,1.6772],"uv":{"north":{"uv":[15.8354,12.0064],"uv_size":[0.1226,0.3936]},"south":{"uv":[15.8354,12.0064],"uv_size":[0.1226,0.3936]},"east":{"uv":[15.8354,12.0064],"uv_size":[0.1226,0.3936]},"west":{"uv":[15.8354,12.0064],"uv_size":[0.1226,0.3936]},"up":{"uv":[15.8283,12.3935],"uv_size":[-0.8283,-0.3935]},"down":{"uv":[15.8283,12.7935],"uv_size":[-0.8283,-0.3935]}}}],"name":"rot_19"},{"parent":"geyser_custom_z","pivot":[-1.6082,14.2501,-0.9192],"rotation":[0,-0,0],"cubes":[{"origin":[-1.2248,14,-2.9759],"size":[3,0.5,2],"pivot":[-1.6082,14.2501,-0.9192],"uv":{"north":{"uv":[14.852,12.8245],"uv_size":[0.1229,0.4755]},"south":{"uv":[14.852,12.8245],"uv_size":[0.1229,0.4755]},"east":{"uv":[14.852,12.8245],"uv_size":[0.1229,0.4755]},"west":{"uv":[14.852,12.8245],"uv_size":[0.1229,0.4755]},"up":{"uv":[14.8446,13.2923],"uv_size":[-0.8446,-0.4755]},"down":{"uv":[14.8446,13.8089],"uv_size":[-0.8446,-0.4755]}}}],"name":"rot_20"},{"parent":"geyser_custom_z","pivot":[1.2472,23.4266,0.0304],"rotation":[0,0,0],"cubes":[{"origin":[-2.2289,23.2856,-0.2486],"size":[4.4586,0.2467,0.4974],"pivot":[1.2472,23.4266,0.0304],"uv":{"north":{"uv":[12.0005,8.004],"uv_size":[0.0308,0.246]},"south":{"uv":[12.0005,8.004],"uv_size":[0.0308,0.246]},"east":{"uv":[12.0005,8.001],"uv_size":[0.0308,0.0615]},"west":{"uv":[12.0005,8.001],"uv_size":[0.0308,0.0615]},"up":{"uv":[12.0615,8.246],"uv_size":[-0.0615,-0.246]},"down":{"uv":[12.0615,8.246],"uv_size":[-0.0615,-0.246]}}}],"name":"rot_21"},{"parent":"geyser_custom_z","pivot":[0.5918,16.3501,-4.0192],"rotation":[-22.5,0,0],"cubes":[{"origin":[0.0485,16.1,-2.3199],"size":[2,0.5,3],"pivot":[0.5918,16.3501,-4.0192],"uv":{"north":{"uv":[15.8354,12.0064],"uv_size":[0.1226,0.3936]},"south":{"uv":[15.8354,12.0064],"uv_size":[0.1226,0.3936]},"east":{"uv":[15.8354,12.0064],"uv_size":[0.1226,0.3936]},"west":{"uv":[15.8354,12.0064],"uv_size":[0.1226,0.3936]},"up":{"uv":[15.8279,12.3772],"uv_size":[-0.8445,-0.3772]},"down":{"uv":[15.8278,12.7939],"uv_size":[-0.8444,-0.3772]}}}],"name":"rot_22"},{"parent":"geyser_custom_z","pivot":[3.1891,14.2477,-1.2597],"rotation":[0,-22.5,0],"cubes":[{"origin":[2.2053,14,-2.7736],"size":[2,0.5,3],"pivot":[3.1891,14.2477,-1.2597],"uv":{"north":{"uv":[14.852,12.8245],"uv_size":[0.1229,0.4755]},"south":{"uv":[14.852,12.8245],"uv_size":[0.1229,0.4755]},"east":{"uv":[14.852,12.8245],"uv_size":[0.1229,0.4755]},"west":{"uv":[14.852,12.8245],"uv_size":[0.1229,0.4755]},"up":{"uv":[14.8446,13.2923],"uv_size":[-0.8446,-0.4755]},"down":{"uv":[14.8446,13.8089],"uv_size":[-0.8446,-0.4755]}}}],"name":"rot_23"},{"parent":"geyser_custom_z","pivot":[0.2918,14.2501,0.8809],"rotation":[0,-22.5,0],"cubes":[{"origin":[-4.4573,14,2.156],"size":[3,0.5,2],"pivot":[0.2918,14.2501,0.8809],"uv":{"north":{"uv":[15.8354,12.0064],"uv_size":[0.1226,0.3936]},"south":{"uv":[15.8354,12.0064],"uv_size":[0.1226,0.3936]},"east":{"uv":[15.8354,12.0064],"uv_size":[0.1226,0.3936]},"west":{"uv":[15.8354,12.0064],"uv_size":[0.1226,0.3936]},"up":{"uv":[15.8283,12.3935],"uv_size":[-0.8283,-0.3935]},"down":{"uv":[15.8283,12.7935],"uv_size":[-0.8283,-0.3935]}}}],"name":"rot_24"},{"parent":"geyser_custom_z","pivot":[-1.4555,14.853,0.6772],"rotation":[0,-22.5,0],"cubes":[{"origin":[-4.0037,14.6,-0.7347],"size":[2,0.5,3],"pivot":[-1.4555,14.853,0.6772],"uv":{"north":{"uv":[14.852,12.0064],"uv_size":[0.1229,0.3936]},"south":{"uv":[14.852,12.0064],"uv_size":[0.1229,0.3936]},"east":{"uv":[14.852,12.0064],"uv_size":[0.1229,0.3936]},"west":{"uv":[14.852,12.0064],"uv_size":[0.1229,0.3936]},"up":{"uv":[14.8446,12.3772],"uv_size":[-0.8446,-0.3772]},"down":{"uv":[14.8446,12.7772],"uv_size":[-0.8446,-0.3772]}}}],"name":"rot_25"},{"parent":"geyser_custom_z","pivot":[3.1274,23.0422,0.033],"rotation":[0,0,22.5],"cubes":[{"origin":[2.1098,22.9012,-0.2486],"size":[2,0.25,0.5],"pivot":[3.1274,23.0422,0.033],"uv":{"north":{"uv":[12.0005,8.004],"uv_size":[0.0308,0.246]},"south":{"uv":[12.0005,8.004],"uv_size":[0.0308,0.246]},"east":{"uv":[12.0005,8.001],"uv_size":[0.0308,0.0615]},"west":{"uv":[12.0005,8.001],"uv_size":[0.0308,0.0615]},"up":{"uv":[12.0615,8.246],"uv_size":[-0.0615,-0.246]},"down":{"uv":[12.0615,8.246],"uv_size":[-0.0615,-0.246]}}}],"name":"rot_26"},{"parent":"geyser_custom_z","pivot":[-5.9666,19.9118,0.0312],"rotation":[0,0,22.5],"cubes":[{"origin":[-6.0724,19.4226,-0.2487],"size":[0.25,2,0.5],"pivot":[-5.9666,19.9118,0.0312],"uv":{"north":{"uv":[12.0308,8.004],"uv_size":[-0.0308,0.246]},"south":{"uv":[12.0308,8.004],"uv_size":[-0.0308,0.246]},"east":{"uv":[12.0615,8.004],"uv_size":[-0.0615,0.246]},"west":{"uv":[12.0615,8.004],"uv_size":[-0.0615,0.246]},"up":{"uv":[12.0005,8.0615],"uv_size":[0.0308,-0.0615]},"down":{"uv":[12.0005,8.0615],"uv_size":[0.0308,-0.0615]}}}],"name":"rot_27"},{"parent":"geyser_custom_z","pivot":[5.4575,14.978,0.6817],"rotation":[-45,0,0],"cubes":[{"origin":[4.9383,11.9916,-2.3233],"size":[0.9847,1.6743,1.6678],"pivot":[5.4575,14.978,0.6817],"uv":{"north":{"uv":[10.002,12.0033],"uv_size":[0.1211,0.2059]},"south":{"uv":[10.002,12.0033],"uv_size":[0.1211,0.2059]},"east":{"uv":[10.0033,12.0033],"uv_size":[0.2051,0.2059]},"west":{"uv":[10.0033,12.0033],"uv_size":[0.2051,0.2059]},"up":{"uv":[10.2051,12.1211],"uv_size":[-0.2051,-0.1211]},"down":{"uv":[10.2051,12.1211],"uv_size":[-0.2051,-0.1211]}}}],"name":"rot_28"},{"parent":"geyser_custom_z","pivot":[5.4522,14.9896,0.2165],"rotation":[-45,0,0],"cubes":[{"origin":[4.9391,13.9988,-0.7841],"size":[0.9847,1.6743,1.6678],"pivot":[5.4522,14.9896,0.2165],"uv":{"north":{"uv":[10.002,12.0033],"uv_size":[0.1211,0.2059]},"south":{"uv":[10.002,12.0033],"uv_size":[0.1211,0.2059]},"east":{"uv":[10.0033,12.0033],"uv_size":[0.2051,0.2059]},"west":{"uv":[10.0033,12.0033],"uv_size":[0.2051,0.2059]},"up":{"uv":[10.2051,12.1211],"uv_size":[-0.2051,-0.1211]},"down":{"uv":[10.2051,12.1211],"uv_size":[-0.2051,-0.1211]}}}],"name":"rot_29"},{"parent":"geyser_custom_z","pivot":[5.4518,14.9963,-0.2487],"rotation":[-45,0,0],"cubes":[{"origin":[4.9399,16.0047,0.7515],"size":[0.9847,1.6743,1.6678],"pivot":[5.4518,14.9963,-0.2487],"uv":{"north":{"uv":[10.002,12.0033],"uv_size":[0.1211,0.2059]},"south":{"uv":[10.002,12.0033],"uv_size":[0.1211,0.2059]},"east":{"uv":[10.0033,12.0033],"uv_size":[0.2051,0.2059]},"west":{"uv":[10.0033,12.0033],"uv_size":[0.2051,0.2059]},"up":{"uv":[10.2051,12.1211],"uv_size":[-0.2051,-0.1211]},"down":{"uv":[10.2051,12.1211],"uv_size":[-0.2051,-0.1211]}}}],"name":"rot_30"},{"parent":"geyser_custom_z","pivot":[-5.5018,14.9963,-0.2487],"rotation":[-45,0,0],"cubes":[{"origin":[-5.9746,16.0047,0.7515],"size":[0.9847,1.6743,1.6678],"pivot":[-5.5018,14.9963,-0.2487],"uv":{"north":{"uv":[10.1251,12.0033],"uv_size":[0.1211,0.2059]},"south":{"uv":[10.1251,12.0033],"uv_size":[0.1211,0.2059]},"east":{"uv":[10.2118,12.0033],"uv_size":[0.2051,0.2059]},"west":{"uv":[10.2118,12.0033],"uv_size":[0.2051,0.2059]},"up":{"uv":[10.2051,12.2442],"uv_size":[-0.2051,-0.1211]},"down":{"uv":[10.2051,12.2442],"uv_size":[-0.2051,-0.1211]}}}],"name":"rot_31"},{"parent":"geyser_custom_z","pivot":[-5.5022,14.9896,0.2165],"rotation":[-45,0,0],"cubes":[{"origin":[-5.9738,13.9988,-0.7841],"size":[0.9847,1.6743,1.6678],"pivot":[-5.5022,14.9896,0.2165],"uv":{"north":{"uv":[10.127,12.0033],"uv_size":[0.1211,0.2059]},"south":{"uv":[10.127,12.0033],"uv_size":[0.1211,0.2059]},"east":{"uv":[10.2533,12.0033],"uv_size":[0.2051,0.2059]},"west":{"uv":[10.2533,12.0033],"uv_size":[0.2051,0.2059]},"up":{"uv":[10.2051,12.2461],"uv_size":[-0.2051,-0.1211]},"down":{"uv":[10.2051,12.2461],"uv_size":[-0.2051,-0.1211]}}}],"name":"rot_32"},{"parent":"geyser_custom_z","pivot":[-5.5075,14.978,0.6817],"rotation":[-45,0,0],"cubes":[{"origin":[-5.973,11.9916,-2.3233],"size":[0.9847,1.6743,1.6678],"pivot":[-5.5075,14.978,0.6817],"uv":{"north":{"uv":[10.1251,12.0033],"uv_size":[0.1211,0.2059]},"south":{"uv":[10.1251,12.0033],"uv_size":[0.1211,0.2059]},"east":{"uv":[10.2118,12.0033],"uv_size":[0.2051,0.2059]},"west":{"uv":[10.2118,12.0033],"uv_size":[0.2051,0.2059]},"up":{"uv":[10.2051,12.2442],"uv_size":[-0.2051,-0.1211]},"down":{"uv":[10.2051,12.2442],"uv_size":[-0.2051,-0.1211]}}}],"name":"rot_33"},{"parent":"geyser_custom_z","pivot":[0.5918,14.8501,-3.7192],"rotation":[0,-45,0],"cubes":[{"origin":[2.291,14.6,-5.1758],"size":[3,0.5,2],"pivot":[0.5918,14.8501,-3.7192],"uv":{"north":{"uv":[14.852,12.0064],"uv_size":[0.1229,0.3936]},"south":{"uv":[14.852,12.0064],"uv_size":[0.1229,0.3936]},"east":{"uv":[14.852,12.0064],"uv_size":[0.1229,0.3936]},"west":{"uv":[14.852,12.0064],"uv_size":[0.1229,0.3936]},"up":{"uv":[14.8446,12.3772],"uv_size":[-0.8446,-0.3772]},"down":{"uv":[14.8446,12.7772],"uv_size":[-0.8446,-0.3772]}}}],"name":"rot_34"},{"parent":"geyser_custom_z","pivot":[-0.1082,14.2501,0.0808],"rotation":[0,-45,0],"cubes":[{"origin":[1.591,14,-1.3758],"size":[3,0.5,2],"pivot":[-0.1082,14.2501,0.0808],"uv":{"north":{"uv":[14.852,12.0064],"uv_size":[0.1229,0.3936]},"south":{"uv":[14.852,12.0064],"uv_size":[0.1229,0.3936]},"east":{"uv":[14.852,12.0064],"uv_size":[0.1229,0.3936]},"west":{"uv":[14.852,12.0064],"uv_size":[0.1229,0.3936]},"up":{"uv":[14.8446,12.3772],"uv_size":[-0.8446,-0.3772]},"down":{"uv":[14.8446,12.7772],"uv_size":[-0.8446,-0.3772]}}}],"name":"rot_35"},{"parent":"geyser_custom_z","pivot":[-4.7174,21.9676,0.0339],"rotation":[0,0,45],"cubes":[{"origin":[-4.8263,20.9852,-0.2477],"size":[0.25,2,0.5],"pivot":[-4.7174,21.9676,0.0339],"uv":{"north":{"uv":[12.0308,8.004],"uv_size":[-0.0308,0.246]},"south":{"uv":[12.0308,8.004],"uv_size":[-0.0308,0.246]},"east":{"uv":[12.0615,8.004],"uv_size":[-0.0615,0.246]},"west":{"uv":[12.0615,8.004],"uv_size":[-0.0615,0.246]},"up":{"uv":[12.0005,8.0615],"uv_size":[0.0308,-0.0615]},"down":{"uv":[12.0005,8.0615],"uv_size":[0.0308,-0.0615]}}}],"name":"rot_36"}]}]}
