{"format_version":"1.16.0","minecraft:geometry":[{"description":{"identifier":"geometry.geyser_custom.geo_8280216","texture_width":16,"texture_height":16,"visible_bounds_width":4,"visible_bounds_height":4.5,"visible_bounds_offset":[0,0.75,0]},"bones":[{"name":"geyser_custom","binding":"c.item_slot == 'head' ? 'head' : q.item_slot_to_bone_name(c.item_slot)","pivot":[0,8,0]},{"name":"geyser_custom_x","parent":"geyser_custom","pivot":[0,8,0]},{"name":"geyser_custom_y","parent":"geyser_custom_x","pivot":[0,8,0]},{"name":"geyser_custom_z","parent":"geyser_custom_y","pivot":[0,8,0],"cubes":[]},{"parent":"geyser_custom_z","pivot":[-7.8461,14.5018,-10.1812],"rotation":[22.5,0,0],"cubes":[{"origin":[7.0521,7.9556,-16.3],"size":[1,3,5],"pivot":[-7.8461,14.5018,-10.1812],"uv":{"north":{"uv":[6.984,1.016],"uv_size":[-1.484,0.984]},"south":{"uv":[5.516,5.016],"uv_size":[1.484,0.984]},"east":{"uv":[5.516,5.984],"uv_size":[1.484,-4.984]},"west":{"uv":[5.516,1.016],"uv_size":[1.484,4.984]},"up":{"uv":[6.992,5.984],"uv_size":[-0.492,-4.984]},"down":{"uv":[5.992,5.984],"uv_size":[-0.492,-4.984]}}},{"origin":[7.0521,6.9556,-15.3],"size":[1,1,6],"pivot":[-7.8461,14.5018,-10.1812],"uv":{"north":{"uv":[5.492,2.016],"uv_size":[-0.492,0.984]},"south":{"uv":[5.008,7.016],"uv_size":[0.492,0.984]},"east":{"uv":[5.008,7.984],"uv_size":[0.492,-5.984]},"west":{"uv":[5.008,2.016],"uv_size":[0.492,5.984]},"up":{"uv":[5.492,7.984],"uv_size":[-0.492,-5.984]},"down":{"uv":[5.492,7.984],"uv_size":[-0.492,-5.984]}}},{"origin":[7.0521,10.9556,-15.3],"size":[1,1,4],"pivot":[-7.8461,14.5018,-10.1812],"uv":{"north":{"uv":[7.492,2.016],"uv_size":[-0.492,0.984]},"south":{"uv":[7.008,5.016],"uv_size":[0.492,0.984]},"east":{"uv":[7.008,5.984],"uv_size":[0.492,-3.984]},"west":{"uv":[7.008,2.016],"uv_size":[0.492,3.984]},"up":{"uv":[7.492,5.984],"uv_size":[-0.492,-3.984]},"down":{"uv":[7.492,5.984],"uv_size":[-0.492,-3.984]}}},{"origin":[7.0521,11.9556,-14.3],"size":[1,1,2],"pivot":[-7.8461,14.5018,-10.1812],"uv":{"north":{"uv":[7.992,3.016],"uv_size":[-0.492,0.984]},"south":{"uv":[7.508,4.016],"uv_size":[0.492,0.984]},"east":{"uv":[7.508,4.984],"uv_size":[0.492,-1.984]},"west":{"uv":[7.508,3.016],"uv_size":[0.492,1.984]},"up":{"uv":[7.992,4.984],"uv_size":[-0.492,-1.984]},"down":{"uv":[7.992,4.984],"uv_size":[-0.492,-1.984]}}},{"origin":[7.0521,5.9556,-12.3],"size":[1,1,4],"pivot":[-7.8461,14.5018,-10.1812],"uv":{"north":{"uv":[4.992,5.016],"uv_size":[-0.492,0.984]},"south":{"uv":[4.508,8.016],"uv_size":[0.492,0.984]},"east":{"uv":[4.508,8.984],"uv_size":[0.492,-3.984]},"west":{"uv":[4.508,5.016],"uv_size":[0.492,3.984]},"up":{"uv":[4.992,8.984],"uv_size":[-0.492,-3.984]},"down":{"uv":[4.992,8.984],"uv_size":[-0.492,-3.984]}}},{"origin":[7.0521,4.9556,-11.3],"size":[1,1,4],"pivot":[-7.8461,14.5018,-10.1812],"uv":{"north":{"uv":[4.492,6.016],"uv_size":[-0.492,0.984]},"south":{"uv":[4.008,9.016],"uv_size":[0.492,0.984]},"east":{"uv":[4.008,9.984],"uv_size":[0.492,-3.984]},"west":{"uv":[4.008,6.016],"uv_size":[0.492,3.984]},"up":{"uv":[4.492,9.984],"uv_size":[-0.492,-3.984]},"down":{"uv":[4.492,9.984],"uv_size":[-0.492,-3.984]}}},{"origin":[7.0521,7.9556,-11.3],"size":[1,1,1],"pivot":[-7.8461,14.5018,-10.1812],"uv":{"north":{"uv":[5.992,6.016],"uv_size":[-0.492,0.984]},"south":{"uv":[5.508,6.016],"uv_size":[0.492,0.984]},"east":{"uv":[5.508,6.984],"uv_size":[0.492,-0.984]},"west":{"uv":[5.508,6.016],"uv_size":[0.492,0.984]},"up":{"uv":[5.992,6.984],"uv_size":[-0.492,-0.984]},"down":{"uv":[5.992,6.984],"uv_size":[-0.492,-0.984]}}},{"origin":[7.0521,3.9556,-10.3],"size":[1,1,4],"pivot":[-7.8461,14.5018,-10.1812],"uv":{"north":{"uv":[3.992,7.016],"uv_size":[-0.492,0.984]},"south":{"uv":[3.508,10.016],"uv_size":[0.492,0.984]},"east":{"uv":[3.508,10.984],"uv_size":[0.492,-3.984]},"west":{"uv":[3.508,7.016],"uv_size":[0.492,3.984]},"up":{"uv":[3.992,10.984],"uv_size":[-0.492,-3.984]},"down":{"uv":[3.992,10.984],"uv_size":[-0.492,-3.984]}}},{"origin":[7.0521,2.9556,-9.3],"size":[1,1,6],"pivot":[-7.8461,14.5018,-10.1812],"uv":{"north":{"uv":[3.492,8.016],"uv_size":[-0.492,0.984]},"south":{"uv":[3.008,13.016],"uv_size":[0.492,0.984]},"east":{"uv":[3.008,13.984],"uv_size":[0.492,-5.984]},"west":{"uv":[3.008,8.016],"uv_size":[0.492,5.984]},"up":{"uv":[3.492,13.984],"uv_size":[-0.492,-5.984]},"down":{"uv":[3.492,13.984],"uv_size":[-0.492,-5.984]}}},{"origin":[7.0521,0.9556,-8.3],"size":[1,2,6],"pivot":[-7.8461,14.5018,-10.1812],"uv":{"north":{"uv":[2.984,9.016],"uv_size":[-0.984,0.984]},"south":{"uv":[2.016,14.016],"uv_size":[0.984,0.984]},"east":{"uv":[2.016,14.984],"uv_size":[0.984,-5.984]},"west":{"uv":[2.016,9.016],"uv_size":[0.984,5.984]},"up":{"uv":[2.992,14.984],"uv_size":[-0.492,-5.984]},"down":{"uv":[2.492,14.984],"uv_size":[-0.492,-5.984]}}},{"origin":[7.0521,-1.0444,-7.3],"size":[1,2,4],"pivot":[-7.8461,14.5018,-10.1812],"uv":{"north":{"uv":[1.984,10.016],"uv_size":[-0.984,0.984]},"south":{"uv":[1.016,13.016],"uv_size":[0.984,0.984]},"east":{"uv":[1.016,13.984],"uv_size":[0.984,-3.984]},"west":{"uv":[1.016,10.016],"uv_size":[0.984,3.984]},"up":{"uv":[1.992,13.984],"uv_size":[-0.492,-3.984]},"down":{"uv":[1.492,13.984],"uv_size":[-0.492,-3.984]}}},{"origin":[7.0521,-2.0444,-6.3],"size":[1,1,2],"pivot":[-7.8461,14.5018,-10.1812],"uv":{"north":{"uv":[0.992,11.016],"uv_size":[-0.492,0.984]},"south":{"uv":[0.508,12.016],"uv_size":[0.492,0.984]},"east":{"uv":[0.508,12.984],"uv_size":[0.492,-1.984]},"west":{"uv":[0.508,11.016],"uv_size":[0.492,1.984]},"up":{"uv":[0.992,12.984],"uv_size":[-0.492,-1.984]},"down":{"uv":[0.992,12.984],"uv_size":[-0.492,-1.984]}}}],"name":"rot_1"},{"parent":"geyser_custom_z","pivot":[-22.9461,14.5018,-10.1812],"rotation":[22.5,0,0],"cubes":[{"origin":[-8.0479,7.9556,-16.3],"size":[1,3,5],"pivot":[-22.9461,14.5018,-10.1812],"uv":{"north":{"uv":[6.984,1.016],"uv_size":[-1.484,0.984]},"south":{"uv":[5.516,5.016],"uv_size":[1.484,0.984]},"east":{"uv":[5.516,5.984],"uv_size":[1.484,-4.984]},"west":{"uv":[5.516,1.016],"uv_size":[1.484,4.984]},"up":{"uv":[6.992,5.984],"uv_size":[-0.492,-4.984]},"down":{"uv":[5.992,5.984],"uv_size":[-0.492,-4.984]}}},{"origin":[-8.0479,6.9556,-15.3],"size":[1,1,6],"pivot":[-22.9461,14.5018,-10.1812],"uv":{"north":{"uv":[5.492,2.016],"uv_size":[-0.492,0.984]},"south":{"uv":[5.008,7.016],"uv_size":[0.492,0.984]},"east":{"uv":[5.008,7.984],"uv_size":[0.492,-5.984]},"west":{"uv":[5.008,2.016],"uv_size":[0.492,5.984]},"up":{"uv":[5.492,7.984],"uv_size":[-0.492,-5.984]},"down":{"uv":[5.492,7.984],"uv_size":[-0.492,-5.984]}}},{"origin":[-8.0479,10.9556,-15.3],"size":[1,1,4],"pivot":[-22.9461,14.5018,-10.1812],"uv":{"north":{"uv":[7.492,2.016],"uv_size":[-0.492,0.984]},"south":{"uv":[7.008,5.016],"uv_size":[0.492,0.984]},"east":{"uv":[7.008,5.984],"uv_size":[0.492,-3.984]},"west":{"uv":[7.008,2.016],"uv_size":[0.492,3.984]},"up":{"uv":[7.492,5.984],"uv_size":[-0.492,-3.984]},"down":{"uv":[7.492,5.984],"uv_size":[-0.492,-3.984]}}},{"origin":[-8.0479,11.9556,-14.3],"size":[1,1,2],"pivot":[-22.9461,14.5018,-10.1812],"uv":{"north":{"uv":[7.992,3.016],"uv_size":[-0.492,0.984]},"south":{"uv":[7.508,4.016],"uv_size":[0.492,0.984]},"east":{"uv":[7.508,4.984],"uv_size":[0.492,-1.984]},"west":{"uv":[7.508,3.016],"uv_size":[0.492,1.984]},"up":{"uv":[7.992,4.984],"uv_size":[-0.492,-1.984]},"down":{"uv":[7.992,4.984],"uv_size":[-0.492,-1.984]}}},{"origin":[-8.0479,5.9556,-12.3],"size":[1,1,4],"pivot":[-22.9461,14.5018,-10.1812],"uv":{"north":{"uv":[4.992,5.016],"uv_size":[-0.492,0.984]},"south":{"uv":[4.508,8.016],"uv_size":[0.492,0.984]},"east":{"uv":[4.508,8.984],"uv_size":[0.492,-3.984]},"west":{"uv":[4.508,5.016],"uv_size":[0.492,3.984]},"up":{"uv":[4.992,8.984],"uv_size":[-0.492,-3.984]},"down":{"uv":[4.992,8.984],"uv_size":[-0.492,-3.984]}}},{"origin":[-8.0479,4.9556,-11.3],"size":[1,1,4],"pivot":[-22.9461,14.5018,-10.1812],"uv":{"north":{"uv":[4.492,6.016],"uv_size":[-0.492,0.984]},"south":{"uv":[4.008,9.016],"uv_size":[0.492,0.984]},"east":{"uv":[4.008,9.984],"uv_size":[0.492,-3.984]},"west":{"uv":[4.008,6.016],"uv_size":[0.492,3.984]},"up":{"uv":[4.492,9.984],"uv_size":[-0.492,-3.984]},"down":{"uv":[4.492,9.984],"uv_size":[-0.492,-3.984]}}},{"origin":[-8.0479,7.9556,-11.3],"size":[1,1,1],"pivot":[-22.9461,14.5018,-10.1812],"uv":{"north":{"uv":[5.992,6.016],"uv_size":[-0.492,0.984]},"south":{"uv":[5.508,6.016],"uv_size":[0.492,0.984]},"east":{"uv":[5.508,6.984],"uv_size":[0.492,-0.984]},"west":{"uv":[5.508,6.016],"uv_size":[0.492,0.984]},"up":{"uv":[5.992,6.984],"uv_size":[-0.492,-0.984]},"down":{"uv":[5.992,6.984],"uv_size":[-0.492,-0.984]}}},{"origin":[-8.0479,3.9556,-10.3],"size":[1,1,4],"pivot":[-22.9461,14.5018,-10.1812],"uv":{"north":{"uv":[3.992,7.016],"uv_size":[-0.492,0.984]},"south":{"uv":[3.508,10.016],"uv_size":[0.492,0.984]},"east":{"uv":[3.508,10.984],"uv_size":[0.492,-3.984]},"west":{"uv":[3.508,7.016],"uv_size":[0.492,3.984]},"up":{"uv":[3.992,10.984],"uv_size":[-0.492,-3.984]},"down":{"uv":[3.992,10.984],"uv_size":[-0.492,-3.984]}}},{"origin":[-8.0479,2.9556,-9.3],"size":[1,1,6],"pivot":[-22.9461,14.5018,-10.1812],"uv":{"north":{"uv":[3.492,8.016],"uv_size":[-0.492,0.984]},"south":{"uv":[3.008,13.016],"uv_size":[0.492,0.984]},"east":{"uv":[3.008,13.984],"uv_size":[0.492,-5.984]},"west":{"uv":[3.008,8.016],"uv_size":[0.492,5.984]},"up":{"uv":[3.492,13.984],"uv_size":[-0.492,-5.984]},"down":{"uv":[3.492,13.984],"uv_size":[-0.492,-5.984]}}},{"origin":[-8.0479,0.9556,-8.3],"size":[1,2,6],"pivot":[-22.9461,14.5018,-10.1812],"uv":{"north":{"uv":[2.984,9.016],"uv_size":[-0.984,0.984]},"south":{"uv":[2.016,14.016],"uv_size":[0.984,0.984]},"east":{"uv":[2.016,14.984],"uv_size":[0.984,-5.984]},"west":{"uv":[2.016,9.016],"uv_size":[0.984,5.984]},"up":{"uv":[2.992,14.984],"uv_size":[-0.492,-5.984]},"down":{"uv":[2.492,14.984],"uv_size":[-0.492,-5.984]}}},{"origin":[-8.0479,-1.0444,-7.3],"size":[1,2,4],"pivot":[-22.9461,14.5018,-10.1812],"uv":{"north":{"uv":[1.984,10.016],"uv_size":[-0.984,0.984]},"south":{"uv":[1.016,13.016],"uv_size":[0.984,0.984]},"east":{"uv":[1.016,13.984],"uv_size":[0.984,-3.984]},"west":{"uv":[1.016,10.016],"uv_size":[0.984,3.984]},"up":{"uv":[1.992,13.984],"uv_size":[-0.492,-3.984]},"down":{"uv":[1.492,13.984],"uv_size":[-0.492,-3.984]}}},{"origin":[-8.0479,-2.0444,-6.3],"size":[1,1,2],"pivot":[-22.9461,14.5018,-10.1812],"uv":{"north":{"uv":[0.992,11.016],"uv_size":[-0.492,0.984]},"south":{"uv":[0.508,12.016],"uv_size":[0.492,0.984]},"east":{"uv":[0.508,12.984],"uv_size":[0.492,-1.984]},"west":{"uv":[0.508,11.016],"uv_size":[0.492,1.984]},"up":{"uv":[0.992,12.984],"uv_size":[-0.492,-1.984]},"down":{"uv":[0.992,12.984],"uv_size":[-0.492,-1.984]}}}],"name":"rot_2"},{"parent":"geyser_custom_z","pivot":[-0.3502,6.796,-5.8462],"rotation":[-0,0,0],"cubes":[{"origin":[-8,5.4498,-6.8421],"size":[16,13,9.4],"pivot":[-0.3502,6.796,-5.8462],"uv":{"north":{"uv":[8.016,0.016],"uv_size":[3.984,0.984]},"south":{"uv":[8.016,0.016],"uv_size":[3.984,5.984]},"east":{"uv":[11.508,0.016],"uv_size":[0.492,5.984]},"west":{"uv":[8.008,0.016],"uv_size":[0.492,5.984]},"up":{"uv":[11.984,0.984],"uv_size":[-3.984,-0.984]},"down":{"uv":[11.984,5.984],"uv_size":[-3.984,-0.984]}}},{"origin":[0,3.4498,-6.8421],"size":[6,2,9.4],"pivot":[-0.3502,6.796,-5.8462],"uv":{"north":{"uv":[10.516,0.016],"uv_size":[1.484,0.984]},"south":{"uv":[8.516,6.016],"uv_size":[1.484,0.984]},"east":{"uv":[8.516,6.016],"uv_size":[1.484,0.984]},"west":{"uv":[8.516,6.016],"uv_size":[1.484,0.984]},"up":{"uv":[9.984,6.984],"uv_size":[-1.484,-0.984]},"down":{"uv":[9.984,6.984],"uv_size":[-1.484,-0.984]}}},{"origin":[-6,3.4498,-6.8421],"size":[4,2,9.4],"pivot":[-0.3502,6.796,-5.8462],"uv":{"north":{"uv":[8.516,0.016],"uv_size":[0.984,0.984]},"south":{"uv":[10.516,6.016],"uv_size":[0.984,0.984]},"east":{"uv":[10.516,6.016],"uv_size":[0.984,0.984]},"west":{"uv":[10.516,6.016],"uv_size":[0.984,0.984]},"up":{"uv":[11.484,6.984],"uv_size":[-0.984,-0.984]},"down":{"uv":[11.484,6.984],"uv_size":[-0.984,-0.984]}}}],"name":"rot_3"},{"parent":"geyser_custom_z","pivot":[7.4539,21.5018,-7.1812],"rotation":[0,0,0],"cubes":[{"origin":[6.9521,23.6556,-14],"size":[1,3,5],"pivot":[7.4539,21.5018,-7.1812],"uv":{"north":{"uv":[6.984,1.016],"uv_size":[-1.484,0.984]},"south":{"uv":[5.516,5.016],"uv_size":[1.484,0.984]},"east":{"uv":[5.516,5.984],"uv_size":[1.484,-4.984]},"west":{"uv":[5.516,1.016],"uv_size":[1.484,4.984]},"up":{"uv":[6.992,5.984],"uv_size":[-0.492,-4.984]},"down":{"uv":[5.992,5.984],"uv_size":[-0.492,-4.984]}}},{"origin":[6.9521,22.6556,-13],"size":[1,1,6],"pivot":[7.4539,21.5018,-7.1812],"uv":{"north":{"uv":[5.492,2.016],"uv_size":[-0.492,0.984]},"south":{"uv":[5.008,7.016],"uv_size":[0.492,0.984]},"east":{"uv":[5.008,7.984],"uv_size":[0.492,-5.984]},"west":{"uv":[5.008,2.016],"uv_size":[0.492,5.984]},"up":{"uv":[5.492,7.984],"uv_size":[-0.492,-5.984]},"down":{"uv":[5.492,7.984],"uv_size":[-0.492,-5.984]}}},{"origin":[6.9521,26.6556,-13],"size":[1,1,4],"pivot":[7.4539,21.5018,-7.1812],"uv":{"north":{"uv":[7.492,2.016],"uv_size":[-0.492,0.984]},"south":{"uv":[7.008,5.016],"uv_size":[0.492,0.984]},"east":{"uv":[7.008,5.984],"uv_size":[0.492,-3.984]},"west":{"uv":[7.008,2.016],"uv_size":[0.492,3.984]},"up":{"uv":[7.492,5.984],"uv_size":[-0.492,-3.984]},"down":{"uv":[7.492,5.984],"uv_size":[-0.492,-3.984]}}},{"origin":[6.9521,27.6556,-12],"size":[1,1,2],"pivot":[7.4539,21.5018,-7.1812],"uv":{"north":{"uv":[7.992,3.016],"uv_size":[-0.492,0.984]},"south":{"uv":[7.508,4.016],"uv_size":[0.492,0.984]},"east":{"uv":[7.508,4.984],"uv_size":[0.492,-1.984]},"west":{"uv":[7.508,3.016],"uv_size":[0.492,1.984]},"up":{"uv":[7.992,4.984],"uv_size":[-0.492,-1.984]},"down":{"uv":[7.992,4.984],"uv_size":[-0.492,-1.984]}}},{"origin":[6.9521,21.6556,-10],"size":[1,1,4],"pivot":[7.4539,21.5018,-7.1812],"uv":{"north":{"uv":[4.992,5.016],"uv_size":[-0.492,0.984]},"south":{"uv":[4.508,8.016],"uv_size":[0.492,0.984]},"east":{"uv":[4.508,8.984],"uv_size":[0.492,-3.984]},"west":{"uv":[4.508,5.016],"uv_size":[0.492,3.984]},"up":{"uv":[4.992,8.984],"uv_size":[-0.492,-3.984]},"down":{"uv":[4.992,8.984],"uv_size":[-0.492,-3.984]}}},{"origin":[6.9521,20.6556,-9],"size":[1,1,4],"pivot":[7.4539,21.5018,-7.1812],"uv":{"north":{"uv":[4.492,6.016],"uv_size":[-0.492,0.984]},"south":{"uv":[4.008,9.016],"uv_size":[0.492,0.984]},"east":{"uv":[4.008,9.984],"uv_size":[0.492,-3.984]},"west":{"uv":[4.008,6.016],"uv_size":[0.492,3.984]},"up":{"uv":[4.492,9.984],"uv_size":[-0.492,-3.984]},"down":{"uv":[4.492,9.984],"uv_size":[-0.492,-3.984]}}},{"origin":[6.9521,23.6556,-9],"size":[1,1,1],"pivot":[7.4539,21.5018,-7.1812],"uv":{"north":{"uv":[5.992,6.016],"uv_size":[-0.492,0.984]},"south":{"uv":[5.508,6.016],"uv_size":[0.492,0.984]},"east":{"uv":[5.508,6.984],"uv_size":[0.492,-0.984]},"west":{"uv":[5.508,6.016],"uv_size":[0.492,0.984]},"up":{"uv":[5.992,6.984],"uv_size":[-0.492,-0.984]},"down":{"uv":[5.992,6.984],"uv_size":[-0.492,-0.984]}}},{"origin":[6.9521,19.6556,-8],"size":[1,1,4],"pivot":[7.4539,21.5018,-7.1812],"uv":{"north":{"uv":[3.992,7.016],"uv_size":[-0.492,0.984]},"south":{"uv":[3.508,10.016],"uv_size":[0.492,0.984]},"east":{"uv":[3.508,10.984],"uv_size":[0.492,-3.984]},"west":{"uv":[3.508,7.016],"uv_size":[0.492,3.984]},"up":{"uv":[3.992,10.984],"uv_size":[-0.492,-3.984]},"down":{"uv":[3.992,10.984],"uv_size":[-0.492,-3.984]}}},{"origin":[6.9521,18.6556,-7],"size":[1,1,6],"pivot":[7.4539,21.5018,-7.1812],"uv":{"north":{"uv":[3.492,8.016],"uv_size":[-0.492,0.984]},"south":{"uv":[3.008,13.016],"uv_size":[0.492,0.984]},"east":{"uv":[3.008,13.984],"uv_size":[0.492,-5.984]},"west":{"uv":[3.008,8.016],"uv_size":[0.492,5.984]},"up":{"uv":[3.492,13.984],"uv_size":[-0.492,-5.984]},"down":{"uv":[3.492,13.984],"uv_size":[-0.492,-5.984]}}},{"origin":[6.9521,16.6556,-6],"size":[1,2,6],"pivot":[7.4539,21.5018,-7.1812],"uv":{"north":{"uv":[2.984,9.016],"uv_size":[-0.984,0.984]},"south":{"uv":[2.016,14.016],"uv_size":[0.984,0.984]},"east":{"uv":[2.016,14.984],"uv_size":[0.984,-5.984]},"west":{"uv":[2.016,9.016],"uv_size":[0.984,5.984]},"up":{"uv":[2.992,14.984],"uv_size":[-0.492,-5.984]},"down":{"uv":[2.492,14.984],"uv_size":[-0.492,-5.984]}}},{"origin":[6.9521,14.6556,-5],"size":[1,2,4],"pivot":[7.4539,21.5018,-7.1812],"uv":{"north":{"uv":[1.984,10.016],"uv_size":[-0.984,0.984]},"south":{"uv":[1.016,13.016],"uv_size":[0.984,0.984]},"east":{"uv":[1.016,13.984],"uv_size":[0.984,-3.984]},"west":{"uv":[1.016,10.016],"uv_size":[0.984,3.984]},"up":{"uv":[1.992,13.984],"uv_size":[-0.492,-3.984]},"down":{"uv":[1.492,13.984],"uv_size":[-0.492,-3.984]}}},{"origin":[6.9521,13.6556,-4],"size":[1,1,2],"pivot":[7.4539,21.5018,-7.1812],"uv":{"north":{"uv":[0.992,11.016],"uv_size":[-0.492,0.984]},"south":{"uv":[0.508,12.016],"uv_size":[0.492,0.984]},"east":{"uv":[0.508,12.984],"uv_size":[0.492,-1.984]},"west":{"uv":[0.508,11.016],"uv_size":[0.492,1.984]},"up":{"uv":[0.992,12.984],"uv_size":[-0.492,-1.984]},"down":{"uv":[0.992,12.984],"uv_size":[-0.492,-1.984]}}}],"name":"rot_4"},{"parent":"geyser_custom_z","pivot":[-7.6461,21.5018,-7.1812],"rotation":[0,0,0],"cubes":[{"origin":[-8.1479,23.6556,-14],"size":[1,3,5],"pivot":[-7.6461,21.5018,-7.1812],"uv":{"north":{"uv":[6.984,1.016],"uv_size":[-1.484,0.984]},"south":{"uv":[5.516,5.016],"uv_size":[1.484,0.984]},"east":{"uv":[5.516,5.984],"uv_size":[1.484,-4.984]},"west":{"uv":[5.516,1.016],"uv_size":[1.484,4.984]},"up":{"uv":[6.992,5.984],"uv_size":[-0.492,-4.984]},"down":{"uv":[5.992,5.984],"uv_size":[-0.492,-4.984]}}},{"origin":[-8.1479,22.6556,-13],"size":[1,1,6],"pivot":[-7.6461,21.5018,-7.1812],"uv":{"north":{"uv":[5.492,2.016],"uv_size":[-0.492,0.984]},"south":{"uv":[5.008,7.016],"uv_size":[0.492,0.984]},"east":{"uv":[5.008,7.984],"uv_size":[0.492,-5.984]},"west":{"uv":[5.008,2.016],"uv_size":[0.492,5.984]},"up":{"uv":[5.492,7.984],"uv_size":[-0.492,-5.984]},"down":{"uv":[5.492,7.984],"uv_size":[-0.492,-5.984]}}},{"origin":[-8.1479,26.6556,-13],"size":[1,1,4],"pivot":[-7.6461,21.5018,-7.1812],"uv":{"north":{"uv":[7.492,2.016],"uv_size":[-0.492,0.984]},"south":{"uv":[7.008,5.016],"uv_size":[0.492,0.984]},"east":{"uv":[7.008,5.984],"uv_size":[0.492,-3.984]},"west":{"uv":[7.008,2.016],"uv_size":[0.492,3.984]},"up":{"uv":[7.492,5.984],"uv_size":[-0.492,-3.984]},"down":{"uv":[7.492,5.984],"uv_size":[-0.492,-3.984]}}},{"origin":[-8.1479,27.6556,-12],"size":[1,1,2],"pivot":[-7.6461,21.5018,-7.1812],"uv":{"north":{"uv":[7.992,3.016],"uv_size":[-0.492,0.984]},"south":{"uv":[7.508,4.016],"uv_size":[0.492,0.984]},"east":{"uv":[7.508,4.984],"uv_size":[0.492,-1.984]},"west":{"uv":[7.508,3.016],"uv_size":[0.492,1.984]},"up":{"uv":[7.992,4.984],"uv_size":[-0.492,-1.984]},"down":{"uv":[7.992,4.984],"uv_size":[-0.492,-1.984]}}},{"origin":[-8.1479,21.6556,-10],"size":[1,1,4],"pivot":[-7.6461,21.5018,-7.1812],"uv":{"north":{"uv":[4.992,5.016],"uv_size":[-0.492,0.984]},"south":{"uv":[4.508,8.016],"uv_size":[0.492,0.984]},"east":{"uv":[4.508,8.984],"uv_size":[0.492,-3.984]},"west":{"uv":[4.508,5.016],"uv_size":[0.492,3.984]},"up":{"uv":[4.992,8.984],"uv_size":[-0.492,-3.984]},"down":{"uv":[4.992,8.984],"uv_size":[-0.492,-3.984]}}},{"origin":[-8.1479,20.6556,-9],"size":[1,1,4],"pivot":[-7.6461,21.5018,-7.1812],"uv":{"north":{"uv":[4.492,6.016],"uv_size":[-0.492,0.984]},"south":{"uv":[4.008,9.016],"uv_size":[0.492,0.984]},"east":{"uv":[4.008,9.984],"uv_size":[0.492,-3.984]},"west":{"uv":[4.008,6.016],"uv_size":[0.492,3.984]},"up":{"uv":[4.492,9.984],"uv_size":[-0.492,-3.984]},"down":{"uv":[4.492,9.984],"uv_size":[-0.492,-3.984]}}},{"origin":[-8.1479,23.6556,-9],"size":[1,1,1],"pivot":[-7.6461,21.5018,-7.1812],"uv":{"north":{"uv":[5.992,6.016],"uv_size":[-0.492,0.984]},"south":{"uv":[5.508,6.016],"uv_size":[0.492,0.984]},"east":{"uv":[5.508,6.984],"uv_size":[0.492,-0.984]},"west":{"uv":[5.508,6.016],"uv_size":[0.492,0.984]},"up":{"uv":[5.992,6.984],"uv_size":[-0.492,-0.984]},"down":{"uv":[5.992,6.984],"uv_size":[-0.492,-0.984]}}},{"origin":[-8.1479,19.6556,-8],"size":[1,1,4],"pivot":[-7.6461,21.5018,-7.1812],"uv":{"north":{"uv":[3.992,7.016],"uv_size":[-0.492,0.984]},"south":{"uv":[3.508,10.016],"uv_size":[0.492,0.984]},"east":{"uv":[3.508,10.984],"uv_size":[0.492,-3.984]},"west":{"uv":[3.508,7.016],"uv_size":[0.492,3.984]},"up":{"uv":[3.992,10.984],"uv_size":[-0.492,-3.984]},"down":{"uv":[3.992,10.984],"uv_size":[-0.492,-3.984]}}},{"origin":[-8.1479,18.6556,-7],"size":[1,1,6],"pivot":[-7.6461,21.5018,-7.1812],"uv":{"north":{"uv":[3.492,8.016],"uv_size":[-0.492,0.984]},"south":{"uv":[3.008,13.016],"uv_size":[0.492,0.984]},"east":{"uv":[3.008,13.984],"uv_size":[0.492,-5.984]},"west":{"uv":[3.008,8.016],"uv_size":[0.492,5.984]},"up":{"uv":[3.492,13.984],"uv_size":[-0.492,-5.984]},"down":{"uv":[3.492,13.984],"uv_size":[-0.492,-5.984]}}},{"origin":[-8.1479,16.6556,-6],"size":[1,2,6],"pivot":[-7.6461,21.5018,-7.1812],"uv":{"north":{"uv":[2.984,9.016],"uv_size":[-0.984,0.984]},"south":{"uv":[2.016,14.016],"uv_size":[0.984,0.984]},"east":{"uv":[2.016,14.984],"uv_size":[0.984,-5.984]},"west":{"uv":[2.016,9.016],"uv_size":[0.984,5.984]},"up":{"uv":[2.992,14.984],"uv_size":[-0.492,-5.984]},"down":{"uv":[2.492,14.984],"uv_size":[-0.492,-5.984]}}},{"origin":[-8.1479,14.6556,-5],"size":[1,2,4],"pivot":[-7.6461,21.5018,-7.1812],"uv":{"north":{"uv":[1.984,10.016],"uv_size":[-0.984,0.984]},"south":{"uv":[1.016,13.016],"uv_size":[0.984,0.984]},"east":{"uv":[1.016,13.984],"uv_size":[0.984,-3.984]},"west":{"uv":[1.016,10.016],"uv_size":[0.984,3.984]},"up":{"uv":[1.992,13.984],"uv_size":[-0.492,-3.984]},"down":{"uv":[1.492,13.984],"uv_size":[-0.492,-3.984]}}},{"origin":[-8.1479,13.6556,-4],"size":[1,1,2],"pivot":[-7.6461,21.5018,-7.1812],"uv":{"north":{"uv":[0.992,11.016],"uv_size":[-0.492,0.984]},"south":{"uv":[0.508,12.016],"uv_size":[0.492,0.984]},"east":{"uv":[0.508,12.984],"uv_size":[0.492,-1.984]},"west":{"uv":[0.508,11.016],"uv_size":[0.492,1.984]},"up":{"uv":[0.992,12.984],"uv_size":[-0.492,-1.984]},"down":{"uv":[0.992,12.984],"uv_size":[-0.492,-1.984]}}}],"name":"rot_5"},{"parent":"geyser_custom_z","pivot":[-7.8461,21.5018,-7.1812],"rotation":[-45,0,0],"cubes":[{"origin":[7.1521,17.2556,-12.9],"size":[1,3,5],"pivot":[-7.8461,21.5018,-7.1812],"uv":{"north":{"uv":[6.984,1.016],"uv_size":[-1.484,0.984]},"south":{"uv":[5.516,5.016],"uv_size":[1.484,0.984]},"east":{"uv":[5.516,5.984],"uv_size":[1.484,-4.984]},"west":{"uv":[5.516,1.016],"uv_size":[1.484,4.984]},"up":{"uv":[6.992,5.984],"uv_size":[-0.492,-4.984]},"down":{"uv":[5.992,5.984],"uv_size":[-0.492,-4.984]}}},{"origin":[7.1521,16.2556,-11.9],"size":[1,1,6],"pivot":[-7.8461,21.5018,-7.1812],"uv":{"north":{"uv":[5.492,2.016],"uv_size":[-0.492,0.984]},"south":{"uv":[5.008,7.016],"uv_size":[0.492,0.984]},"east":{"uv":[5.008,7.984],"uv_size":[0.492,-5.984]},"west":{"uv":[5.008,2.016],"uv_size":[0.492,5.984]},"up":{"uv":[5.492,7.984],"uv_size":[-0.492,-5.984]},"down":{"uv":[5.492,7.984],"uv_size":[-0.492,-5.984]}}},{"origin":[7.1521,20.2556,-11.9],"size":[1,1,4],"pivot":[-7.8461,21.5018,-7.1812],"uv":{"north":{"uv":[7.492,2.016],"uv_size":[-0.492,0.984]},"south":{"uv":[7.008,5.016],"uv_size":[0.492,0.984]},"east":{"uv":[7.008,5.984],"uv_size":[0.492,-3.984]},"west":{"uv":[7.008,2.016],"uv_size":[0.492,3.984]},"up":{"uv":[7.492,5.984],"uv_size":[-0.492,-3.984]},"down":{"uv":[7.492,5.984],"uv_size":[-0.492,-3.984]}}},{"origin":[7.1521,21.2556,-10.9],"size":[1,1,2],"pivot":[-7.8461,21.5018,-7.1812],"uv":{"north":{"uv":[7.992,3.016],"uv_size":[-0.492,0.984]},"south":{"uv":[7.508,4.016],"uv_size":[0.492,0.984]},"east":{"uv":[7.508,4.984],"uv_size":[0.492,-1.984]},"west":{"uv":[7.508,3.016],"uv_size":[0.492,1.984]},"up":{"uv":[7.992,4.984],"uv_size":[-0.492,-1.984]},"down":{"uv":[7.992,4.984],"uv_size":[-0.492,-1.984]}}},{"origin":[7.1521,15.2556,-8.9],"size":[1,1,4],"pivot":[-7.8461,21.5018,-7.1812],"uv":{"north":{"uv":[4.992,5.016],"uv_size":[-0.492,0.984]},"south":{"uv":[4.508,8.016],"uv_size":[0.492,0.984]},"east":{"uv":[4.508,8.984],"uv_size":[0.492,-3.984]},"west":{"uv":[4.508,5.016],"uv_size":[0.492,3.984]},"up":{"uv":[4.992,8.984],"uv_size":[-0.492,-3.984]},"down":{"uv":[4.992,8.984],"uv_size":[-0.492,-3.984]}}},{"origin":[7.1521,14.2556,-7.9],"size":[1,1,4],"pivot":[-7.8461,21.5018,-7.1812],"uv":{"north":{"uv":[4.492,6.016],"uv_size":[-0.492,0.984]},"south":{"uv":[4.008,9.016],"uv_size":[0.492,0.984]},"east":{"uv":[4.008,9.984],"uv_size":[0.492,-3.984]},"west":{"uv":[4.008,6.016],"uv_size":[0.492,3.984]},"up":{"uv":[4.492,9.984],"uv_size":[-0.492,-3.984]},"down":{"uv":[4.492,9.984],"uv_size":[-0.492,-3.984]}}},{"origin":[7.1521,17.2556,-7.9],"size":[1,1,1],"pivot":[-7.8461,21.5018,-7.1812],"uv":{"north":{"uv":[5.992,6.016],"uv_size":[-0.492,0.984]},"south":{"uv":[5.508,6.016],"uv_size":[0.492,0.984]},"east":{"uv":[5.508,6.984],"uv_size":[0.492,-0.984]},"west":{"uv":[5.508,6.016],"uv_size":[0.492,0.984]},"up":{"uv":[5.992,6.984],"uv_size":[-0.492,-0.984]},"down":{"uv":[5.992,6.984],"uv_size":[-0.492,-0.984]}}},{"origin":[7.1521,13.2556,-6.9],"size":[1,1,4],"pivot":[-7.8461,21.5018,-7.1812],"uv":{"north":{"uv":[3.992,7.016],"uv_size":[-0.492,0.984]},"south":{"uv":[3.508,10.016],"uv_size":[0.492,0.984]},"east":{"uv":[3.508,10.984],"uv_size":[0.492,-3.984]},"west":{"uv":[3.508,7.016],"uv_size":[0.492,3.984]},"up":{"uv":[3.992,10.984],"uv_size":[-0.492,-3.984]},"down":{"uv":[3.992,10.984],"uv_size":[-0.492,-3.984]}}},{"origin":[7.1521,12.2556,-5.9],"size":[1,1,6],"pivot":[-7.8461,21.5018,-7.1812],"uv":{"north":{"uv":[3.492,8.016],"uv_size":[-0.492,0.984]},"south":{"uv":[3.008,13.016],"uv_size":[0.492,0.984]},"east":{"uv":[3.008,13.984],"uv_size":[0.492,-5.984]},"west":{"uv":[3.008,8.016],"uv_size":[0.492,5.984]},"up":{"uv":[3.492,13.984],"uv_size":[-0.492,-5.984]},"down":{"uv":[3.492,13.984],"uv_size":[-0.492,-5.984]}}},{"origin":[7.1521,10.2556,-4.9],"size":[1,2,6],"pivot":[-7.8461,21.5018,-7.1812],"uv":{"north":{"uv":[2.984,9.016],"uv_size":[-0.984,0.984]},"south":{"uv":[2.016,14.016],"uv_size":[0.984,0.984]},"east":{"uv":[2.016,14.984],"uv_size":[0.984,-5.984]},"west":{"uv":[2.016,9.016],"uv_size":[0.984,5.984]},"up":{"uv":[2.992,14.984],"uv_size":[-0.492,-5.984]},"down":{"uv":[2.492,14.984],"uv_size":[-0.492,-5.984]}}},{"origin":[7.1521,8.2556,-3.9],"size":[1,2,4],"pivot":[-7.8461,21.5018,-7.1812],"uv":{"north":{"uv":[1.984,10.016],"uv_size":[-0.984,0.984]},"south":{"uv":[1.016,13.016],"uv_size":[0.984,0.984]},"east":{"uv":[1.016,13.984],"uv_size":[0.984,-3.984]},"west":{"uv":[1.016,10.016],"uv_size":[0.984,3.984]},"up":{"uv":[1.992,13.984],"uv_size":[-0.492,-3.984]},"down":{"uv":[1.492,13.984],"uv_size":[-0.492,-3.984]}}},{"origin":[7.1521,7.2556,-2.9],"size":[1,1,2],"pivot":[-7.8461,21.5018,-7.1812],"uv":{"north":{"uv":[0.992,11.016],"uv_size":[-0.492,0.984]},"south":{"uv":[0.508,12.016],"uv_size":[0.492,0.984]},"east":{"uv":[0.508,12.984],"uv_size":[0.492,-1.984]},"west":{"uv":[0.508,11.016],"uv_size":[0.492,1.984]},"up":{"uv":[0.992,12.984],"uv_size":[-0.492,-1.984]},"down":{"uv":[0.992,12.984],"uv_size":[-0.492,-1.984]}}}],"name":"rot_6"},{"parent":"geyser_custom_z","pivot":[-22.9461,21.5018,-7.1812],"rotation":[-45,0,0],"cubes":[{"origin":[-7.9479,17.2556,-12.9],"size":[1,3,5],"pivot":[-22.9461,21.5018,-7.1812],"uv":{"north":{"uv":[6.984,1.016],"uv_size":[-1.484,0.984]},"south":{"uv":[5.516,5.016],"uv_size":[1.484,0.984]},"east":{"uv":[5.516,5.984],"uv_size":[1.484,-4.984]},"west":{"uv":[5.516,1.016],"uv_size":[1.484,4.984]},"up":{"uv":[6.992,5.984],"uv_size":[-0.492,-4.984]},"down":{"uv":[5.992,5.984],"uv_size":[-0.492,-4.984]}}},{"origin":[-7.9479,16.2556,-11.9],"size":[1,1,6],"pivot":[-22.9461,21.5018,-7.1812],"uv":{"north":{"uv":[5.492,2.016],"uv_size":[-0.492,0.984]},"south":{"uv":[5.008,7.016],"uv_size":[0.492,0.984]},"east":{"uv":[5.008,7.984],"uv_size":[0.492,-5.984]},"west":{"uv":[5.008,2.016],"uv_size":[0.492,5.984]},"up":{"uv":[5.492,7.984],"uv_size":[-0.492,-5.984]},"down":{"uv":[5.492,7.984],"uv_size":[-0.492,-5.984]}}},{"origin":[-7.9479,20.2556,-11.9],"size":[1,1,4],"pivot":[-22.9461,21.5018,-7.1812],"uv":{"north":{"uv":[7.492,2.016],"uv_size":[-0.492,0.984]},"south":{"uv":[7.008,5.016],"uv_size":[0.492,0.984]},"east":{"uv":[7.008,5.984],"uv_size":[0.492,-3.984]},"west":{"uv":[7.008,2.016],"uv_size":[0.492,3.984]},"up":{"uv":[7.492,5.984],"uv_size":[-0.492,-3.984]},"down":{"uv":[7.492,5.984],"uv_size":[-0.492,-3.984]}}},{"origin":[-7.9479,21.2556,-10.9],"size":[1,1,2],"pivot":[-22.9461,21.5018,-7.1812],"uv":{"north":{"uv":[7.992,3.016],"uv_size":[-0.492,0.984]},"south":{"uv":[7.508,4.016],"uv_size":[0.492,0.984]},"east":{"uv":[7.508,4.984],"uv_size":[0.492,-1.984]},"west":{"uv":[7.508,3.016],"uv_size":[0.492,1.984]},"up":{"uv":[7.992,4.984],"uv_size":[-0.492,-1.984]},"down":{"uv":[7.992,4.984],"uv_size":[-0.492,-1.984]}}},{"origin":[-7.9479,15.2556,-8.9],"size":[1,1,4],"pivot":[-22.9461,21.5018,-7.1812],"uv":{"north":{"uv":[4.992,5.016],"uv_size":[-0.492,0.984]},"south":{"uv":[4.508,8.016],"uv_size":[0.492,0.984]},"east":{"uv":[4.508,8.984],"uv_size":[0.492,-3.984]},"west":{"uv":[4.508,5.016],"uv_size":[0.492,3.984]},"up":{"uv":[4.992,8.984],"uv_size":[-0.492,-3.984]},"down":{"uv":[4.992,8.984],"uv_size":[-0.492,-3.984]}}},{"origin":[-7.9479,14.2556,-7.9],"size":[1,1,4],"pivot":[-22.9461,21.5018,-7.1812],"uv":{"north":{"uv":[4.492,6.016],"uv_size":[-0.492,0.984]},"south":{"uv":[4.008,9.016],"uv_size":[0.492,0.984]},"east":{"uv":[4.008,9.984],"uv_size":[0.492,-3.984]},"west":{"uv":[4.008,6.016],"uv_size":[0.492,3.984]},"up":{"uv":[4.492,9.984],"uv_size":[-0.492,-3.984]},"down":{"uv":[4.492,9.984],"uv_size":[-0.492,-3.984]}}},{"origin":[-7.9479,17.2556,-7.9],"size":[1,1,1],"pivot":[-22.9461,21.5018,-7.1812],"uv":{"north":{"uv":[5.992,6.016],"uv_size":[-0.492,0.984]},"south":{"uv":[5.508,6.016],"uv_size":[0.492,0.984]},"east":{"uv":[5.508,6.984],"uv_size":[0.492,-0.984]},"west":{"uv":[5.508,6.016],"uv_size":[0.492,0.984]},"up":{"uv":[5.992,6.984],"uv_size":[-0.492,-0.984]},"down":{"uv":[5.992,6.984],"uv_size":[-0.492,-0.984]}}},{"origin":[-7.9479,13.2556,-6.9],"size":[1,1,4],"pivot":[-22.9461,21.5018,-7.1812],"uv":{"north":{"uv":[3.992,7.016],"uv_size":[-0.492,0.984]},"south":{"uv":[3.508,10.016],"uv_size":[0.492,0.984]},"east":{"uv":[3.508,10.984],"uv_size":[0.492,-3.984]},"west":{"uv":[3.508,7.016],"uv_size":[0.492,3.984]},"up":{"uv":[3.992,10.984],"uv_size":[-0.492,-3.984]},"down":{"uv":[3.992,10.984],"uv_size":[-0.492,-3.984]}}},{"origin":[-7.9479,12.2556,-5.9],"size":[1,1,6],"pivot":[-22.9461,21.5018,-7.1812],"uv":{"north":{"uv":[3.492,8.016],"uv_size":[-0.492,0.984]},"south":{"uv":[3.008,13.016],"uv_size":[0.492,0.984]},"east":{"uv":[3.008,13.984],"uv_size":[0.492,-5.984]},"west":{"uv":[3.008,8.016],"uv_size":[0.492,5.984]},"up":{"uv":[3.492,13.984],"uv_size":[-0.492,-5.984]},"down":{"uv":[3.492,13.984],"uv_size":[-0.492,-5.984]}}},{"origin":[-7.9479,10.2556,-4.9],"size":[1,2,6],"pivot":[-22.9461,21.5018,-7.1812],"uv":{"north":{"uv":[2.984,9.016],"uv_size":[-0.984,0.984]},"south":{"uv":[2.016,14.016],"uv_size":[0.984,0.984]},"east":{"uv":[2.016,14.984],"uv_size":[0.984,-5.984]},"west":{"uv":[2.016,9.016],"uv_size":[0.984,5.984]},"up":{"uv":[2.992,14.984],"uv_size":[-0.492,-5.984]},"down":{"uv":[2.492,14.984],"uv_size":[-0.492,-5.984]}}},{"origin":[-7.9479,8.2556,-3.9],"size":[1,2,4],"pivot":[-22.9461,21.5018,-7.1812],"uv":{"north":{"uv":[1.984,10.016],"uv_size":[-0.984,0.984]},"south":{"uv":[1.016,13.016],"uv_size":[0.984,0.984]},"east":{"uv":[1.016,13.984],"uv_size":[0.984,-3.984]},"west":{"uv":[1.016,10.016],"uv_size":[0.984,3.984]},"up":{"uv":[1.992,13.984],"uv_size":[-0.492,-3.984]},"down":{"uv":[1.492,13.984],"uv_size":[-0.492,-3.984]}}},{"origin":[-7.9479,7.2556,-2.9],"size":[1,1,2],"pivot":[-22.9461,21.5018,-7.1812],"uv":{"north":{"uv":[0.992,11.016],"uv_size":[-0.492,0.984]},"south":{"uv":[0.508,12.016],"uv_size":[0.492,0.984]},"east":{"uv":[0.508,12.984],"uv_size":[0.492,-1.984]},"west":{"uv":[0.508,11.016],"uv_size":[0.492,1.984]},"up":{"uv":[0.992,12.984],"uv_size":[-0.492,-1.984]},"down":{"uv":[0.992,12.984],"uv_size":[-0.492,-1.984]}}}],"name":"rot_7"}]}]}
