{"format_version":"1.16.0","minecraft:geometry":[{"description":{"identifier":"geometry.geyser_custom.geo_fd7b8d6","texture_width":16,"texture_height":16,"visible_bounds_width":4,"visible_bounds_height":4.5,"visible_bounds_offset":[0,0.75,0]},"bones":[{"name":"geyser_custom","binding":"c.item_slot == 'head' ? 'head' : q.item_slot_to_bone_name(c.item_slot)","pivot":[0,8,0]},{"name":"geyser_custom_x","parent":"geyser_custom","pivot":[0,8,0]},{"name":"geyser_custom_y","parent":"geyser_custom_x","pivot":[0,8,0]},{"name":"geyser_custom_z","parent":"geyser_custom_y","pivot":[0,8,0],"cubes":[]},{"parent":"geyser_custom_z","pivot":[-1,9.025,1],"rotation":[0,0,-22.5],"cubes":[{"origin":[-7,7.275,0],"size":[2,4,2],"pivot":[-1,9.025,1],"uv":{"north":{"uv":[6.984,0.016],"uv_size":[-0.984,1.984]},"south":{"uv":[6.984,5.016],"uv_size":[-0.984,1.984]},"east":{"uv":[0.984,6.516],"uv_size":[-0.984,1.984]},"west":{"uv":[6.984,2.516],"uv_size":[-0.984,1.984]},"up":{"uv":[8.484,6.016],"uv_size":[-0.984,0.984]},"down":{"uv":[8.484,8.484],"uv_size":[-0.984,-0.984]}}},{"origin":[-5,9.275,0],"size":[2,2,2],"pivot":[-1,9.025,1],"uv":{"north":{"uv":[5.484,6.516],"uv_size":[-0.984,0.984]},"south":{"uv":[8.484,1.516],"uv_size":[-0.984,0.984]},"east":{"uv":[8.484,3.016],"uv_size":[-0.984,0.984]},"west":{"uv":[8.484,0.016],"uv_size":[-0.984,0.984]},"up":{"uv":[8.484,4.516],"uv_size":[-0.984,0.984]},"down":{"uv":[6.984,8.484],"uv_size":[-0.984,-0.984]}}},{"origin":[-3,-0.725,0],"size":[2,12,2],"pivot":[-1,9.025,1],"uv":{"north":{"uv":[0.984,0.016],"uv_size":[-0.984,5.984]},"south":{"uv":[3.984,0.016],"uv_size":[-0.984,5.984]},"east":{"uv":[5.484,0.016],"uv_size":[-0.984,5.984]},"west":{"uv":[2.484,0.016],"uv_size":[-0.984,5.984]},"up":{"uv":[2.484,6.516],"uv_size":[-0.984,0.984]},"down":{"uv":[3.984,7.484],"uv_size":[-0.984,-0.984]}}}],"name":"rot_1"},{"parent":"geyser_custom_z","pivot":[1,9.025,-1],"rotation":[0,0,22.5],"cubes":[{"origin":[1,-0.725,-2],"size":[2,12,2],"pivot":[1,9.025,-1],"uv":{"north":{"uv":[0.016,0.016],"uv_size":[0.984,5.984]},"south":{"uv":[3.016,0.016],"uv_size":[0.984,5.984]},"east":{"uv":[1.516,0.016],"uv_size":[0.984,5.984]},"west":{"uv":[4.516,0.016],"uv_size":[0.984,5.984]},"up":{"uv":[1.516,6.516],"uv_size":[0.984,0.984]},"down":{"uv":[3.016,7.484],"uv_size":[0.984,-0.984]}}},{"origin":[3,9.275,-2],"size":[2,2,2],"pivot":[1,9.025,-1],"uv":{"north":{"uv":[4.516,6.516],"uv_size":[0.984,0.984]},"south":{"uv":[7.516,1.516],"uv_size":[0.984,0.984]},"east":{"uv":[7.516,0.016],"uv_size":[0.984,0.984]},"west":{"uv":[7.516,3.016],"uv_size":[0.984,0.984]},"up":{"uv":[7.516,4.516],"uv_size":[0.984,0.984]},"down":{"uv":[6.016,8.484],"uv_size":[0.984,-0.984]}}},{"origin":[5,7.275,-2],"size":[2,4,2],"pivot":[1,9.025,-1],"uv":{"north":{"uv":[6.016,0.016],"uv_size":[0.984,1.984]},"south":{"uv":[6.016,5.016],"uv_size":[0.984,1.984]},"east":{"uv":[6.016,2.516],"uv_size":[0.984,1.984]},"west":{"uv":[0.016,6.516],"uv_size":[0.984,1.984]},"up":{"uv":[7.516,6.016],"uv_size":[0.984,0.984]},"down":{"uv":[7.516,8.484],"uv_size":[0.984,-0.984]}}}],"name":"rot_2"}]}]}
