{"format_version":"1.16.0","minecraft:geometry":[{"description":{"identifier":"geometry.geyser_custom.geo_c548099","texture_width":16,"texture_height":16,"visible_bounds_width":4,"visible_bounds_height":4.5,"visible_bounds_offset":[0,0.75,0]},"bones":[{"name":"geyser_custom","binding":"c.item_slot == 'head' ? 'head' : q.item_slot_to_bone_name(c.item_slot)","pivot":[0,8,0]},{"name":"geyser_custom_x","parent":"geyser_custom","pivot":[0,8,0]},{"name":"geyser_custom_y","parent":"geyser_custom_x","pivot":[0,8,0]},{"name":"geyser_custom_z","parent":"geyser_custom_y","pivot":[0,8,0],"cubes":[]},{"parent":"geyser_custom_z","pivot":[5.4947,4.4031,-4.0092],"rotation":[0,45,0],"cubes":[{"origin":[2.9438,4.15,-6.611],"size":[2,0.5,3],"pivot":[5.4947,4.4031,-4.0092],"uv":{"north":{"uv":[1.8354,14.8064],"uv_size":[0.1228,0.3936]},"south":{"uv":[1.8354,14.8064],"uv_size":[0.1228,0.3936]},"east":{"uv":[1.8354,14.8064],"uv_size":[0.1228,0.3936]},"west":{"uv":[1.8354,14.8064],"uv_size":[0.1228,0.3936]},"up":{"uv":[1.8115,15.1935],"uv_size":[-0.8283,-0.3935]},"down":{"uv":[1.8283,15.5935],"uv_size":[-0.8283,-0.3935]}}}],"name":"rot_1"},{"parent":"geyser_custom_z","pivot":[-0.5053,4.4031,-2.0092],"rotation":[0,45,0],"cubes":[{"origin":[-0.7179,4.15,-2.3426],"size":[3,0.5,2],"pivot":[-0.5053,4.4031,-2.0092],"uv":{"north":{"uv":[0.852,14.8245],"uv_size":[0.1229,0.4755]},"south":{"uv":[0.852,14.8245],"uv_size":[0.1229,0.4755]},"east":{"uv":[0.852,14.8245],"uv_size":[0.1229,0.4755]},"west":{"uv":[0.852,14.8245],"uv_size":[0.1229,0.4755]},"up":{"uv":[0.8446,15.2923],"uv_size":[-0.8446,-0.4755]},"down":{"uv":[0.8446,15.8089],"uv_size":[-0.8446,-0.4755]}}}],"name":"rot_2"},{"parent":"geyser_custom_z","pivot":[-3.6314,4.4044,0.9267],"rotation":[0,45,0],"cubes":[{"origin":[-5.1375,4.15,-0.075],"size":[3,0.5,2],"pivot":[-3.6314,4.4044,0.9267],"uv":{"north":{"uv":[0.852,14.8245],"uv_size":[0.1229,0.4755]},"south":{"uv":[0.852,14.8245],"uv_size":[0.1229,0.4755]},"east":{"uv":[0.852,14.8245],"uv_size":[0.1229,0.4755]},"west":{"uv":[0.852,14.8245],"uv_size":[0.1229,0.4755]},"up":{"uv":[0.8446,15.2923],"uv_size":[-0.8446,-0.4755]},"down":{"uv":[0.8446,15.8089],"uv_size":[-0.8446,-0.4755]}}}],"name":"rot_3"},{"parent":"geyser_custom_z","pivot":[-2.4061,5.7599,-3.4899],"rotation":[22.5,0,0],"cubes":[{"origin":[-3.9047,5.5,-4.4787],"size":[3,0.5,2],"pivot":[-2.4061,5.7599,-3.4899],"uv":{"north":{"uv":[0.852,14.8245],"uv_size":[0.1229,0.4755]},"south":{"uv":[0.852,14.8245],"uv_size":[0.1229,0.4755]},"east":{"uv":[0.852,14.8245],"uv_size":[0.1229,0.4755]},"west":{"uv":[0.852,14.8245],"uv_size":[0.1229,0.4755]},"up":{"uv":[0.8446,15.2923],"uv_size":[-0.8446,-0.4755]},"down":{"uv":[0.8446,15.8089],"uv_size":[-0.8446,-0.4755]}}}],"name":"rot_4"},{"parent":"geyser_custom_z","pivot":[1.1947,4.4031,2.6908],"rotation":[0,22.5,0],"cubes":[{"origin":[2.6501,4.15,1.7576],"size":[2,0.5,3],"pivot":[1.1947,4.4031,2.6908],"uv":{"north":{"uv":[1.8354,14.0064],"uv_size":[0.1226,0.3936]},"south":{"uv":[1.8354,14.0064],"uv_size":[0.1226,0.3936]},"east":{"uv":[1.8354,14.0064],"uv_size":[0.1226,0.3936]},"west":{"uv":[1.8354,14.0064],"uv_size":[0.1226,0.3936]},"up":{"uv":[1.8283,14.3935],"uv_size":[-0.8283,-0.3935]},"down":{"uv":[1.8283,14.7935],"uv_size":[-0.8283,-0.3935]}}}],"name":"rot_5"},{"parent":"geyser_custom_z","pivot":[0.2918,5.0001,-0.3692],"rotation":[0,22.5,0],"cubes":[{"origin":[-0.4441,4.75,-5.6896],"size":[2,0.5,3],"pivot":[0.2918,5.0001,-0.3692],"uv":{"north":{"uv":[0.852,14.0064],"uv_size":[0.1229,0.3936]},"south":{"uv":[0.852,14.0064],"uv_size":[0.1229,0.3936]},"east":{"uv":[0.852,14.0064],"uv_size":[0.1229,0.3936]},"west":{"uv":[0.852,14.0064],"uv_size":[0.1229,0.3936]},"up":{"uv":[0.8446,14.3772],"uv_size":[-0.8446,-0.3772]},"down":{"uv":[0.8446,14.7772],"uv_size":[-0.8446,-0.3772]}}}],"name":"rot_6"},{"parent":"geyser_custom_z","pivot":[0.0235,5.6009,0.0569],"rotation":[0,22.5,0],"cubes":[{"origin":[-3.0676,5.0009,6.0777],"size":[6.1821,1,1.378],"pivot":[0.0235,5.6009,0.0569],"uv":{"north":{"uv":[12.002,8.002],"uv_size":[0.123,0.123]},"south":{"uv":[12.002,8.002],"uv_size":[0.123,0.123]},"east":{"uv":[12.002,8.002],"uv_size":[0.123,0.123]},"west":{"uv":[12.002,8.002],"uv_size":[0.123,0.123]},"up":{"uv":[12.123,8.123],"uv_size":[-0.123,-0.123]},"down":{"uv":[12.123,8.123],"uv_size":[-0.123,-0.123]}}}],"name":"rot_7"},{"parent":"geyser_custom_z","pivot":[0.0221,4.6009,0.0537],"rotation":[0,22.5,0],"cubes":[{"origin":[-2.8939,4.0009,5.7337],"size":[5.8321,1,1.3],"pivot":[0.0221,4.6009,0.0537],"uv":{"north":{"uv":[12.002,8.002],"uv_size":[0.123,0.123]},"south":{"uv":[12.002,8.002],"uv_size":[0.123,0.123]},"east":{"uv":[12.002,8.002],"uv_size":[0.123,0.123]},"west":{"uv":[12.002,8.002],"uv_size":[0.123,0.123]},"up":{"uv":[12.123,8.123],"uv_size":[-0.123,-0.123]},"down":{"uv":[12.123,8.123],"uv_size":[-0.123,-0.123]}}}],"name":"rot_8"},{"parent":"geyser_custom_z","pivot":[0,4.6,0],"rotation":[0,22.5,0],"cubes":[{"origin":[-2.9161,4,-7.04],"size":[5.8321,1,1.3],"pivot":[0,4.6,0],"uv":{"north":{"uv":[12.002,8.002],"uv_size":[0.123,0.123]},"south":{"uv":[12.002,8.002],"uv_size":[0.123,0.123]},"east":{"uv":[12.002,8.002],"uv_size":[0.123,0.123]},"west":{"uv":[12.002,8.002],"uv_size":[0.123,0.123]},"up":{"uv":[12.123,8.123],"uv_size":[-0.123,-0.123]},"down":{"uv":[12.123,8.123],"uv_size":[-0.123,-0.123]}}},{"origin":[5.74,4,-2.9161],"size":[1.3,1,5.8321],"pivot":[0,4.6,0],"uv":{"north":{"uv":[12.002,8.002],"uv_size":[0.123,0.123]},"south":{"uv":[12.002,8.002],"uv_size":[0.123,0.123]},"east":{"uv":[12.002,8.002],"uv_size":[0.123,0.123]},"west":{"uv":[12.002,8.002],"uv_size":[0.123,0.123]},"up":{"uv":[12.123,8.123],"uv_size":[-0.123,-0.123]},"down":{"uv":[12.123,8.123],"uv_size":[-0.123,-0.123]}}}],"name":"rot_9"},{"parent":"geyser_custom_z","pivot":[0,5.6,0],"rotation":[0,22.5,0],"cubes":[{"origin":[-3.091,5,-7.4624],"size":[6.1821,1,1.378],"pivot":[0,5.6,0],"uv":{"north":{"uv":[12.002,8.002],"uv_size":[0.123,0.123]},"south":{"uv":[12.002,8.002],"uv_size":[0.123,0.123]},"east":{"uv":[12.002,8.002],"uv_size":[0.123,0.123]},"west":{"uv":[12.002,8.002],"uv_size":[0.123,0.123]},"up":{"uv":[12.123,8.123],"uv_size":[-0.123,-0.123]},"down":{"uv":[12.123,8.123],"uv_size":[-0.123,-0.123]}}},{"origin":[6.0844,5,-3.091],"size":[1.378,1,6.1821],"pivot":[0,5.6,0],"uv":{"north":{"uv":[12.002,8.002],"uv_size":[0.123,0.123]},"south":{"uv":[12.002,8.002],"uv_size":[0.123,0.123]},"east":{"uv":[12.002,8.002],"uv_size":[0.123,0.123]},"west":{"uv":[12.002,8.002],"uv_size":[0.123,0.123]},"up":{"uv":[12.123,8.123],"uv_size":[-0.123,-0.123]},"down":{"uv":[12.123,8.123],"uv_size":[-0.123,-0.123]}}}],"name":"rot_10"},{"parent":"geyser_custom_z","pivot":[0,8,0],"rotation":[0,22.5,0],"cubes":[{"origin":[-1.9882,0,-4.8],"size":[3.9765,1,9.6],"pivot":[0,8,0],"uv":{"north":{"uv":[12.002,8.002],"uv_size":[0.123,0.123]},"south":{"uv":[12.002,8.002],"uv_size":[0.123,0.123]},"east":{"uv":[12.002,8.002],"uv_size":[0.123,0.123]},"west":{"uv":[12.002,8.002],"uv_size":[0.123,0.123]},"up":{"uv":[12.123,8.123],"uv_size":[-0.123,-0.123]},"down":{"uv":[12.123,8.123],"uv_size":[-0.123,-0.123]}}},{"origin":[-4.8,0,-1.9882],"size":[9.6,1,3.9765],"pivot":[0,8,0],"uv":{"north":{"uv":[12.002,8.002],"uv_size":[0.123,0.123]},"south":{"uv":[12.002,8.002],"uv_size":[0.123,0.123]},"east":{"uv":[12.002,8.002],"uv_size":[0.123,0.123]},"west":{"uv":[12.002,8.002],"uv_size":[0.123,0.123]},"up":{"uv":[12.123,8.123],"uv_size":[-0.123,-0.123]},"down":{"uv":[12.123,8.123],"uv_size":[-0.123,-0.123]}}}],"name":"rot_11"},{"parent":"geyser_custom_z","pivot":[0,9,0],"rotation":[0,22.5,0],"cubes":[{"origin":[-2.2308,1,-5.3856],"size":[4.4616,1,10.7712],"pivot":[0,9,0],"uv":{"north":{"uv":[12.002,8.002],"uv_size":[0.123,0.123]},"south":{"uv":[12.002,8.002],"uv_size":[0.123,0.123]},"east":{"uv":[12.002,8.002],"uv_size":[0.123,0.123]},"west":{"uv":[12.002,8.002],"uv_size":[0.123,0.123]},"up":{"uv":[12.123,8.123],"uv_size":[-0.123,-0.123]},"down":{"uv":[12.123,8.123],"uv_size":[-0.123,-0.123]}}},{"origin":[-5.3856,1,-2.2308],"size":[10.7712,1,4.4616],"pivot":[0,9,0],"uv":{"north":{"uv":[12.002,8.002],"uv_size":[0.123,0.123]},"south":{"uv":[12.002,8.002],"uv_size":[0.123,0.123]},"east":{"uv":[12.002,8.002],"uv_size":[0.123,0.123]},"west":{"uv":[12.002,8.002],"uv_size":[0.123,0.123]},"up":{"uv":[12.123,8.123],"uv_size":[-0.123,-0.123]},"down":{"uv":[12.123,8.123],"uv_size":[-0.123,-0.123]}}}],"name":"rot_12"},{"parent":"geyser_custom_z","pivot":[0,10,0],"rotation":[0,22.5,0],"cubes":[{"origin":[-2.4574,2,-5.9328],"size":[4.9149,1,11.8656],"pivot":[0,10,0],"uv":{"north":{"uv":[12.002,8.002],"uv_size":[0.123,0.123]},"south":{"uv":[12.002,8.002],"uv_size":[0.123,0.123]},"east":{"uv":[12.002,8.002],"uv_size":[0.123,0.123]},"west":{"uv":[12.002,8.002],"uv_size":[0.123,0.123]},"up":{"uv":[12.123,8.123],"uv_size":[-0.123,-0.123]},"down":{"uv":[12.123,8.123],"uv_size":[-0.123,-0.123]}}},{"origin":[-5.9328,2,-2.4574],"size":[11.8656,1,4.9149],"pivot":[0,10,0],"uv":{"north":{"uv":[12.002,8.002],"uv_size":[0.123,0.123]},"south":{"uv":[12.002,8.002],"uv_size":[0.123,0.123]},"east":{"uv":[12.002,8.002],"uv_size":[0.123,0.123]},"west":{"uv":[12.002,8.002],"uv_size":[0.123,0.123]},"up":{"uv":[12.123,8.123],"uv_size":[-0.123,-0.123]},"down":{"uv":[12.123,8.123],"uv_size":[-0.123,-0.123]}}}],"name":"rot_13"},{"parent":"geyser_custom_z","pivot":[0,11,0],"rotation":[0,22.5,0],"cubes":[{"origin":[-2.7032,3,-6.5261],"size":[5.4064,1,13.0521],"pivot":[0,11,0],"uv":{"north":{"uv":[12.002,8.002],"uv_size":[0.123,0.123]},"south":{"uv":[12.002,8.002],"uv_size":[0.123,0.123]},"east":{"uv":[12.002,8.002],"uv_size":[0.123,0.123]},"west":{"uv":[12.002,8.002],"uv_size":[0.123,0.123]},"up":{"uv":[12.123,8.123],"uv_size":[-0.123,-0.123]},"down":{"uv":[12.123,8.123],"uv_size":[-0.123,-0.123]}}},{"origin":[-6.5261,3,-2.7032],"size":[13.0521,1,5.4064],"pivot":[0,11,0],"uv":{"north":{"uv":[12.002,8.002],"uv_size":[0.123,0.123]},"south":{"uv":[12.002,8.002],"uv_size":[0.123,0.123]},"east":{"uv":[12.002,8.002],"uv_size":[0.123,0.123]},"west":{"uv":[12.002,8.002],"uv_size":[0.123,0.123]},"up":{"uv":[12.123,8.123],"uv_size":[-0.123,-0.123]},"down":{"uv":[12.123,8.123],"uv_size":[-0.123,-0.123]}}}],"name":"rot_14"},{"parent":"geyser_custom_z","pivot":[-0.425,4.6015,0.1746],"rotation":[0,22.5,0],"cubes":[{"origin":[-7.005,4.0015,-2.7415],"size":[1.3,1,5.8321],"pivot":[-0.425,4.6015,0.1746],"uv":{"north":{"uv":[12.002,8.002],"uv_size":[0.123,0.123]},"south":{"uv":[12.002,8.002],"uv_size":[0.123,0.123]},"east":{"uv":[12.002,8.002],"uv_size":[0.123,0.123]},"west":{"uv":[12.002,8.002],"uv_size":[0.123,0.123]},"up":{"uv":[12.123,8.123],"uv_size":[-0.123,-0.123]},"down":{"uv":[12.123,8.123],"uv_size":[-0.123,-0.123]}}}],"name":"rot_15"},{"parent":"geyser_custom_z","pivot":[-0.4505,5.6015,0.185],"rotation":[0,22.5,0],"cubes":[{"origin":[-7.4253,5.0015,-2.906],"size":[1.378,1,6.1821],"pivot":[-0.4505,5.6015,0.185],"uv":{"north":{"uv":[12.002,8.002],"uv_size":[0.123,0.123]},"south":{"uv":[12.002,8.002],"uv_size":[0.123,0.123]},"east":{"uv":[12.002,8.002],"uv_size":[0.123,0.123]},"west":{"uv":[12.002,8.002],"uv_size":[0.123,0.123]},"up":{"uv":[12.123,8.123],"uv_size":[-0.123,-0.123]},"down":{"uv":[12.123,8.123],"uv_size":[-0.123,-0.123]}}}],"name":"rot_16"},{"parent":"geyser_custom_z","pivot":[-0.5053,4.4031,-2.0092],"rotation":[0,22.5,0],"cubes":[{"origin":[-1.4385,4.15,-5.4646],"size":[3,0.5,2],"pivot":[-0.5053,4.4031,-2.0092],"uv":{"north":{"uv":[1.8354,14.0064],"uv_size":[0.1226,0.3936]},"south":{"uv":[1.8354,14.0064],"uv_size":[0.1226,0.3936]},"east":{"uv":[1.8354,14.0064],"uv_size":[0.1226,0.3936]},"west":{"uv":[1.8354,14.0064],"uv_size":[0.1226,0.3936]},"up":{"uv":[1.8283,14.3935],"uv_size":[-0.8283,-0.3935]},"down":{"uv":[1.8283,14.7935],"uv_size":[-0.8283,-0.3935]}}}],"name":"rot_17"},{"parent":"geyser_custom_z","pivot":[-1.8354,4.3969,2.9802],"rotation":[0,22.5,0],"cubes":[{"origin":[-3.3375,4.15,1.975],"size":[3,0.5,2],"pivot":[-1.8354,4.3969,2.9802],"uv":{"north":{"uv":[1.8354,14.0064],"uv_size":[0.1226,0.3936]},"south":{"uv":[1.8354,14.0064],"uv_size":[0.1226,0.3936]},"east":{"uv":[1.8354,14.0064],"uv_size":[0.1226,0.3936]},"west":{"uv":[1.8354,14.0064],"uv_size":[0.1226,0.3936]},"up":{"uv":[1.8283,14.3935],"uv_size":[-0.8283,-0.3935]},"down":{"uv":[1.8283,14.7935],"uv_size":[-0.8283,-0.3935]}}}],"name":"rot_18"},{"parent":"geyser_custom_z","pivot":[3.2447,4.4031,1.7408],"rotation":[0,-0,0],"cubes":[{"origin":[0.2113,4.15,2.0372],"size":[2,0.5,3],"pivot":[3.2447,4.4031,1.7408],"uv":{"north":{"uv":[0.852,14.0064],"uv_size":[0.1229,0.3936]},"south":{"uv":[0.852,14.0064],"uv_size":[0.1229,0.3936]},"east":{"uv":[0.852,14.0064],"uv_size":[0.1229,0.3936]},"west":{"uv":[0.852,14.0064],"uv_size":[0.1229,0.3936]},"up":{"uv":[0.8446,14.3772],"uv_size":[-0.8446,-0.3772]},"down":{"uv":[0.8446,14.7772],"uv_size":[-0.8446,-0.3772]}}}],"name":"rot_19"},{"parent":"geyser_custom_z","pivot":[1.6947,4.4031,-2.8592],"rotation":[0,-0,0],"cubes":[{"origin":[1.991,4.15,-1.8258],"size":[3,0.5,2],"pivot":[1.6947,4.4031,-2.8592],"uv":{"north":{"uv":[0.852,14.0064],"uv_size":[0.1229,0.3936]},"south":{"uv":[0.852,14.0064],"uv_size":[0.1229,0.3936]},"east":{"uv":[0.852,14.0064],"uv_size":[0.1229,0.3936]},"west":{"uv":[0.852,14.0064],"uv_size":[0.1229,0.3936]},"up":{"uv":[0.8446,14.3772],"uv_size":[-0.8446,-0.3772]},"down":{"uv":[0.8446,14.7772],"uv_size":[-0.8446,-0.3772]}}}],"name":"rot_20"},{"parent":"geyser_custom_z","pivot":[0.2918,5.0001,-0.3692],"rotation":[0,-0,0],"cubes":[{"origin":[-4.9047,4.75,-3.2287],"size":[3,0.5,2],"pivot":[0.2918,5.0001,-0.3692],"uv":{"north":{"uv":[0.852,14.8245],"uv_size":[0.1229,0.4755]},"south":{"uv":[0.852,14.8245],"uv_size":[0.1229,0.4755]},"east":{"uv":[0.852,14.8245],"uv_size":[0.1229,0.4755]},"west":{"uv":[0.852,14.8245],"uv_size":[0.1229,0.4755]},"up":{"uv":[0.8446,15.2923],"uv_size":[-0.8446,-0.4755]},"down":{"uv":[0.8446,15.8089],"uv_size":[-0.8446,-0.4755]}}},{"origin":[0.6752,4.75,-2.4259],"size":[3,0.5,2],"pivot":[0.2918,5.0001,-0.3692],"uv":{"north":{"uv":[0.852,14.8245],"uv_size":[0.1229,0.4755]},"south":{"uv":[0.852,14.8245],"uv_size":[0.1229,0.4755]},"east":{"uv":[0.852,14.8245],"uv_size":[0.1229,0.4755]},"west":{"uv":[0.852,14.8245],"uv_size":[0.1229,0.4755]},"up":{"uv":[0.8446,15.2923],"uv_size":[-0.8446,-0.4755]},"down":{"uv":[0.8446,15.8089],"uv_size":[-0.8446,-0.4755]}}},{"origin":[-1.5665,4.75,-1.9603],"size":[2,0.5,3],"pivot":[0.2918,5.0001,-0.3692],"uv":{"north":{"uv":[1.8354,14.8064],"uv_size":[0.1228,0.3936]},"south":{"uv":[1.8354,14.8064],"uv_size":[0.1228,0.3936]},"east":{"uv":[1.8354,14.8064],"uv_size":[0.1228,0.3936]},"west":{"uv":[1.8354,14.8064],"uv_size":[0.1228,0.3936]},"up":{"uv":[1.8115,15.1935],"uv_size":[-0.8283,-0.3935]},"down":{"uv":[1.8283,15.5935],"uv_size":[-0.8283,-0.3935]}}},{"origin":[3.9938,4.75,-1.8658],"size":[2,0.5,3],"pivot":[0.2918,5.0001,-0.3692],"uv":{"north":{"uv":[1.8354,14.8064],"uv_size":[0.1228,0.3936]},"south":{"uv":[1.8354,14.8064],"uv_size":[0.1228,0.3936]},"east":{"uv":[1.8354,14.8064],"uv_size":[0.1228,0.3936]},"west":{"uv":[1.8354,14.8064],"uv_size":[0.1228,0.3936]},"up":{"uv":[1.8115,15.1935],"uv_size":[-0.8283,-0.3935]},"down":{"uv":[1.8283,15.5935],"uv_size":[-0.8283,-0.3935]}}}],"name":"rot_21"},{"parent":"geyser_custom_z","pivot":[-1.4555,5.603,0.4272],"rotation":[0,-0,0],"cubes":[{"origin":[-1.4826,5.35,-0.0719],"size":[3,0.5,2],"pivot":[-1.4555,5.603,0.4272],"uv":{"north":{"uv":[1.8354,14.0064],"uv_size":[0.1226,0.3936]},"south":{"uv":[1.8354,14.0064],"uv_size":[0.1226,0.3936]},"east":{"uv":[1.8354,14.0064],"uv_size":[0.1226,0.3936]},"west":{"uv":[1.8354,14.0064],"uv_size":[0.1226,0.3936]},"up":{"uv":[1.8283,14.3935],"uv_size":[-0.8283,-0.3935]},"down":{"uv":[1.8283,14.7935],"uv_size":[-0.8283,-0.3935]}}}],"name":"rot_22"},{"parent":"geyser_custom_z","pivot":[0.5918,7.1001,-5.2692],"rotation":[-22.5,0,0],"cubes":[{"origin":[0.0485,6.85,-3.5699],"size":[2,0.5,3],"pivot":[0.5918,7.1001,-5.2692],"uv":{"north":{"uv":[1.8354,14.0064],"uv_size":[0.1226,0.3936]},"south":{"uv":[1.8354,14.0064],"uv_size":[0.1226,0.3936]},"east":{"uv":[1.8354,14.0064],"uv_size":[0.1226,0.3936]},"west":{"uv":[1.8354,14.0064],"uv_size":[0.1226,0.3936]},"up":{"uv":[1.8279,14.3772],"uv_size":[-0.8445,-0.3772]},"down":{"uv":[1.8278,14.7939],"uv_size":[-0.8444,-0.3772]}}}],"name":"rot_23"},{"parent":"geyser_custom_z","pivot":[0.0903,5.8949,2.4857],"rotation":[-22.5,0,0],"cubes":[{"origin":[-0.9062,5.65,0.9842],"size":[2,0.5,3],"pivot":[0.0903,5.8949,2.4857],"uv":{"north":{"uv":[1.8354,14.8064],"uv_size":[0.1228,0.3936]},"south":{"uv":[1.8354,14.8064],"uv_size":[0.1228,0.3936]},"east":{"uv":[1.8354,14.8064],"uv_size":[0.1228,0.3936]},"west":{"uv":[1.8354,14.8064],"uv_size":[0.1228,0.3936]},"up":{"uv":[1.8115,15.1935],"uv_size":[-0.8283,-0.3935]},"down":{"uv":[1.8283,15.5935],"uv_size":[-0.8283,-0.3935]}}}],"name":"rot_24"},{"parent":"geyser_custom_z","pivot":[0.2918,5.0001,-0.3692],"rotation":[0,-22.5,0],"cubes":[{"origin":[-4.4573,4.75,0.906],"size":[3,0.5,2],"pivot":[0.2918,5.0001,-0.3692],"uv":{"north":{"uv":[1.8354,14.0064],"uv_size":[0.1226,0.3936]},"south":{"uv":[1.8354,14.0064],"uv_size":[0.1226,0.3936]},"east":{"uv":[1.8354,14.0064],"uv_size":[0.1226,0.3936]},"west":{"uv":[1.8354,14.0064],"uv_size":[0.1226,0.3936]},"up":{"uv":[1.8283,14.3935],"uv_size":[-0.8283,-0.3935]},"down":{"uv":[1.8283,14.7935],"uv_size":[-0.8283,-0.3935]}}},{"origin":[-0.7502,4.75,-5.6448],"size":[3,0.5,2],"pivot":[0.2918,5.0001,-0.3692],"uv":{"north":{"uv":[1.8354,14.0064],"uv_size":[0.1226,0.3936]},"south":{"uv":[1.8354,14.0064],"uv_size":[0.1226,0.3936]},"east":{"uv":[1.8354,14.0064],"uv_size":[0.1226,0.3936]},"west":{"uv":[1.8354,14.0064],"uv_size":[0.1226,0.3936]},"up":{"uv":[1.8283,14.3935],"uv_size":[-0.8283,-0.3935]},"down":{"uv":[1.8283,14.7935],"uv_size":[-0.8283,-0.3935]}}},{"origin":[1.4104,4.75,1.8702],"size":[2,0.5,3],"pivot":[0.2918,5.0001,-0.3692],"uv":{"north":{"uv":[1.8354,14.0064],"uv_size":[0.1226,0.3936]},"south":{"uv":[1.8354,14.0064],"uv_size":[0.1226,0.3936]},"east":{"uv":[1.8354,14.0064],"uv_size":[0.1226,0.3936]},"west":{"uv":[1.8354,14.0064],"uv_size":[0.1226,0.3936]},"up":{"uv":[1.8283,14.3935],"uv_size":[-0.8283,-0.3935]},"down":{"uv":[1.8283,14.7935],"uv_size":[-0.8283,-0.3935]}}}],"name":"rot_25"},{"parent":"geyser_custom_z","pivot":[0,4.6,0],"rotation":[0,-22.5,0],"cubes":[{"origin":[-2.9161,4,-7.04],"size":[5.8321,1,1.3],"pivot":[0,4.6,0],"uv":{"north":{"uv":[12.002,8.002],"uv_size":[0.123,0.123]},"south":{"uv":[12.002,8.002],"uv_size":[0.123,0.123]},"east":{"uv":[12.002,8.002],"uv_size":[0.123,0.123]},"west":{"uv":[12.002,8.002],"uv_size":[0.123,0.123]},"up":{"uv":[12.123,8.123],"uv_size":[-0.123,-0.123]},"down":{"uv":[12.123,8.123],"uv_size":[-0.123,-0.123]}}},{"origin":[5.74,4,-2.9161],"size":[1.3,1,5.8321],"pivot":[0,4.6,0],"uv":{"north":{"uv":[12.002,8.002],"uv_size":[0.123,0.123]},"south":{"uv":[12.002,8.002],"uv_size":[0.123,0.123]},"east":{"uv":[12.002,8.002],"uv_size":[0.123,0.123]},"west":{"uv":[12.002,8.002],"uv_size":[0.123,0.123]},"up":{"uv":[12.123,8.123],"uv_size":[-0.123,-0.123]},"down":{"uv":[12.123,8.123],"uv_size":[-0.123,-0.123]}}}],"name":"rot_26"},{"parent":"geyser_custom_z","pivot":[0,5.6,0],"rotation":[0,-22.5,0],"cubes":[{"origin":[-3.091,5,-7.4624],"size":[6.1821,1,1.378],"pivot":[0,5.6,0],"uv":{"north":{"uv":[12.002,8.002],"uv_size":[0.123,0.123]},"south":{"uv":[12.002,8.002],"uv_size":[0.123,0.123]},"east":{"uv":[12.002,8.002],"uv_size":[0.123,0.123]},"west":{"uv":[12.002,8.002],"uv_size":[0.123,0.123]},"up":{"uv":[12.123,8.123],"uv_size":[-0.123,-0.123]},"down":{"uv":[12.123,8.123],"uv_size":[-0.123,-0.123]}}},{"origin":[6.0844,5,-3.091],"size":[1.378,1,6.1821],"pivot":[0,5.6,0],"uv":{"north":{"uv":[12.002,8.002],"uv_size":[0.123,0.123]},"south":{"uv":[12.002,8.002],"uv_size":[0.123,0.123]},"east":{"uv":[12.002,8.002],"uv_size":[0.123,0.123]},"west":{"uv":[12.002,8.002],"uv_size":[0.123,0.123]},"up":{"uv":[12.123,8.123],"uv_size":[-0.123,-0.123]},"down":{"uv":[12.123,8.123],"uv_size":[-0.123,-0.123]}}}],"name":"rot_27"},{"parent":"geyser_custom_z","pivot":[0,8,0],"rotation":[0,-22.5,0],"cubes":[{"origin":[-1.9882,0,-4.8],"size":[3.9765,1,9.6],"pivot":[0,8,0],"uv":{"north":{"uv":[12.002,8.002],"uv_size":[0.123,0.123]},"south":{"uv":[12.002,8.002],"uv_size":[0.123,0.123]},"east":{"uv":[12.002,8.002],"uv_size":[0.123,0.123]},"west":{"uv":[12.002,8.002],"uv_size":[0.123,0.123]},"up":{"uv":[12.123,8.123],"uv_size":[-0.123,-0.123]},"down":{"uv":[12.123,8.123],"uv_size":[-0.123,-0.123]}}},{"origin":[-4.8,0,-1.9882],"size":[9.6,1,3.9765],"pivot":[0,8,0],"uv":{"north":{"uv":[12.002,8.002],"uv_size":[0.123,0.123]},"south":{"uv":[12.002,8.002],"uv_size":[0.123,0.123]},"east":{"uv":[12.002,8.002],"uv_size":[0.123,0.123]},"west":{"uv":[12.002,8.002],"uv_size":[0.123,0.123]},"up":{"uv":[12.123,8.123],"uv_size":[-0.123,-0.123]},"down":{"uv":[12.123,8.123],"uv_size":[-0.123,-0.123]}}}],"name":"rot_28"},{"parent":"geyser_custom_z","pivot":[0,9,0],"rotation":[0,-22.5,0],"cubes":[{"origin":[-2.2308,1,-5.3856],"size":[4.4616,1,10.7712],"pivot":[0,9,0],"uv":{"north":{"uv":[12.002,8.002],"uv_size":[0.123,0.123]},"south":{"uv":[12.002,8.002],"uv_size":[0.123,0.123]},"east":{"uv":[12.002,8.002],"uv_size":[0.123,0.123]},"west":{"uv":[12.002,8.002],"uv_size":[0.123,0.123]},"up":{"uv":[12.123,8.123],"uv_size":[-0.123,-0.123]},"down":{"uv":[12.123,8.123],"uv_size":[-0.123,-0.123]}}},{"origin":[-5.3856,1,-2.2308],"size":[10.7712,1,4.4616],"pivot":[0,9,0],"uv":{"north":{"uv":[12.002,8.002],"uv_size":[0.123,0.123]},"south":{"uv":[12.002,8.002],"uv_size":[0.123,0.123]},"east":{"uv":[12.002,8.002],"uv_size":[0.123,0.123]},"west":{"uv":[12.002,8.002],"uv_size":[0.123,0.123]},"up":{"uv":[12.123,8.123],"uv_size":[-0.123,-0.123]},"down":{"uv":[12.123,8.123],"uv_size":[-0.123,-0.123]}}}],"name":"rot_29"},{"parent":"geyser_custom_z","pivot":[0,10,0],"rotation":[0,-22.5,0],"cubes":[{"origin":[-2.4574,2,-5.9328],"size":[4.9149,1,11.8656],"pivot":[0,10,0],"uv":{"north":{"uv":[12.002,8.002],"uv_size":[0.123,0.123]},"south":{"uv":[12.002,8.002],"uv_size":[0.123,0.123]},"east":{"uv":[12.002,8.002],"uv_size":[0.123,0.123]},"west":{"uv":[12.002,8.002],"uv_size":[0.123,0.123]},"up":{"uv":[12.123,8.123],"uv_size":[-0.123,-0.123]},"down":{"uv":[12.123,8.123],"uv_size":[-0.123,-0.123]}}},{"origin":[-5.9328,2,-2.4574],"size":[11.8656,1,4.9149],"pivot":[0,10,0],"uv":{"north":{"uv":[12.002,8.002],"uv_size":[0.123,0.123]},"south":{"uv":[12.002,8.002],"uv_size":[0.123,0.123]},"east":{"uv":[12.002,8.002],"uv_size":[0.123,0.123]},"west":{"uv":[12.002,8.002],"uv_size":[0.123,0.123]},"up":{"uv":[12.123,8.123],"uv_size":[-0.123,-0.123]},"down":{"uv":[12.123,8.123],"uv_size":[-0.123,-0.123]}}}],"name":"rot_30"},{"parent":"geyser_custom_z","pivot":[0,11,0],"rotation":[0,-22.5,0],"cubes":[{"origin":[-2.7032,3,-6.5261],"size":[5.4064,1,13.0521],"pivot":[0,11,0],"uv":{"north":{"uv":[12.002,8.002],"uv_size":[0.123,0.123]},"south":{"uv":[12.002,8.002],"uv_size":[0.123,0.123]},"east":{"uv":[12.002,8.002],"uv_size":[0.123,0.123]},"west":{"uv":[12.002,8.002],"uv_size":[0.123,0.123]},"up":{"uv":[12.123,8.123],"uv_size":[-0.123,-0.123]},"down":{"uv":[12.123,8.123],"uv_size":[-0.123,-0.123]}}},{"origin":[-6.5261,3,-2.7032],"size":[13.0521,1,5.4064],"pivot":[0,11,0],"uv":{"north":{"uv":[12.002,8.002],"uv_size":[0.123,0.123]},"south":{"uv":[12.002,8.002],"uv_size":[0.123,0.123]},"east":{"uv":[12.002,8.002],"uv_size":[0.123,0.123]},"west":{"uv":[12.002,8.002],"uv_size":[0.123,0.123]},"up":{"uv":[12.123,8.123],"uv_size":[-0.123,-0.123]},"down":{"uv":[12.123,8.123],"uv_size":[-0.123,-0.123]}}}],"name":"rot_31"},{"parent":"geyser_custom_z","pivot":[-0.1768,4.6011,0.4232],"rotation":[0,-22.5,0],"cubes":[{"origin":[-3.0928,4.0011,5.7032],"size":[5.8321,1,1.3],"pivot":[-0.1768,4.6011,0.4232],"uv":{"north":{"uv":[12.002,8.002],"uv_size":[0.123,0.123]},"south":{"uv":[12.002,8.002],"uv_size":[0.123,0.123]},"east":{"uv":[12.002,8.002],"uv_size":[0.123,0.123]},"west":{"uv":[12.002,8.002],"uv_size":[0.123,0.123]},"up":{"uv":[12.123,8.123],"uv_size":[-0.123,-0.123]},"down":{"uv":[12.123,8.123],"uv_size":[-0.123,-0.123]}}}],"name":"rot_32"},{"parent":"geyser_custom_z","pivot":[-0.1874,5.6011,0.4486],"rotation":[0,-22.5,0],"cubes":[{"origin":[-3.2784,5.0011,6.0454],"size":[6.1821,1,1.378],"pivot":[-0.1874,5.6011,0.4486],"uv":{"north":{"uv":[12.002,8.002],"uv_size":[0.123,0.123]},"south":{"uv":[12.002,8.002],"uv_size":[0.123,0.123]},"east":{"uv":[12.002,8.002],"uv_size":[0.123,0.123]},"west":{"uv":[12.002,8.002],"uv_size":[0.123,0.123]},"up":{"uv":[12.123,8.123],"uv_size":[-0.123,-0.123]},"down":{"uv":[12.123,8.123],"uv_size":[-0.123,-0.123]}}}],"name":"rot_33"},{"parent":"geyser_custom_z","pivot":[-0.4247,4.6011,-0.1768],"rotation":[0,-22.5,0],"cubes":[{"origin":[-7.0047,4.0011,-3.0928],"size":[1.3,1,5.8321],"pivot":[-0.4247,4.6011,-0.1768],"uv":{"north":{"uv":[12.002,8.002],"uv_size":[0.123,0.123]},"south":{"uv":[12.002,8.002],"uv_size":[0.123,0.123]},"east":{"uv":[12.002,8.002],"uv_size":[0.123,0.123]},"west":{"uv":[12.002,8.002],"uv_size":[0.123,0.123]},"up":{"uv":[12.123,8.123],"uv_size":[-0.123,-0.123]},"down":{"uv":[12.123,8.123],"uv_size":[-0.123,-0.123]}}}],"name":"rot_34"},{"parent":"geyser_custom_z","pivot":[-0.4502,5.6011,-0.1874],"rotation":[0,-22.5,0],"cubes":[{"origin":[-7.425,5.0011,-3.2784],"size":[1.378,1,6.1821],"pivot":[-0.4502,5.6011,-0.1874],"uv":{"north":{"uv":[12.002,8.002],"uv_size":[0.123,0.123]},"south":{"uv":[12.002,8.002],"uv_size":[0.123,0.123]},"east":{"uv":[12.002,8.002],"uv_size":[0.123,0.123]},"west":{"uv":[12.002,8.002],"uv_size":[0.123,0.123]},"up":{"uv":[12.123,8.123],"uv_size":[-0.123,-0.123]},"down":{"uv":[12.123,8.123],"uv_size":[-0.123,-0.123]}}}],"name":"rot_35"},{"parent":"geyser_custom_z","pivot":[-1.4555,5.603,-0.5728],"rotation":[0,-22.5,0],"cubes":[{"origin":[-4.0037,5.35,-1.9847],"size":[2,0.5,3],"pivot":[-1.4555,5.603,-0.5728],"uv":{"north":{"uv":[0.852,14.0064],"uv_size":[0.1229,0.3936]},"south":{"uv":[0.852,14.0064],"uv_size":[0.1229,0.3936]},"east":{"uv":[0.852,14.0064],"uv_size":[0.1229,0.3936]},"west":{"uv":[0.852,14.0064],"uv_size":[0.1229,0.3936]},"up":{"uv":[0.8446,14.3772],"uv_size":[-0.8446,-0.3772]},"down":{"uv":[0.8446,14.7772],"uv_size":[-0.8446,-0.3772]}}}],"name":"rot_36"},{"parent":"geyser_custom_z","pivot":[-3.1366,4.3991,-2.0733],"rotation":[0,-22.5,0],"cubes":[{"origin":[-4.6375,4.15,-3.075],"size":[3,0.5,2],"pivot":[-3.1366,4.3991,-2.0733],"uv":{"north":{"uv":[0.852,14.0064],"uv_size":[0.1229,0.3936]},"south":{"uv":[0.852,14.0064],"uv_size":[0.1229,0.3936]},"east":{"uv":[0.852,14.0064],"uv_size":[0.1229,0.3936]},"west":{"uv":[0.852,14.0064],"uv_size":[0.1229,0.3936]},"up":{"uv":[0.8446,14.3772],"uv_size":[-0.8446,-0.3772]},"down":{"uv":[0.8446,14.7772],"uv_size":[-0.8446,-0.3772]}}}],"name":"rot_37"},{"parent":"geyser_custom_z","pivot":[0.5918,5.6001,-4.9692],"rotation":[0,-45,0],"cubes":[{"origin":[2.291,5.35,-6.4258],"size":[3,0.5,2],"pivot":[0.5918,5.6001,-4.9692],"uv":{"north":{"uv":[0.852,14.0064],"uv_size":[0.1229,0.3936]},"south":{"uv":[0.852,14.0064],"uv_size":[0.1229,0.3936]},"east":{"uv":[0.852,14.0064],"uv_size":[0.1229,0.3936]},"west":{"uv":[0.852,14.0064],"uv_size":[0.1229,0.3936]},"up":{"uv":[0.8446,14.3772],"uv_size":[-0.8446,-0.3772]},"down":{"uv":[0.8446,14.7772],"uv_size":[-0.8446,-0.3772]}}}],"name":"rot_38"},{"parent":"geyser_custom_z","pivot":[0.2918,5.0001,-0.3692],"rotation":[0,-45,0],"cubes":[{"origin":[1.991,4.75,-1.8258],"size":[3,0.5,2],"pivot":[0.2918,5.0001,-0.3692],"uv":{"north":{"uv":[0.852,14.0064],"uv_size":[0.1229,0.3936]},"south":{"uv":[0.852,14.0064],"uv_size":[0.1229,0.3936]},"east":{"uv":[0.852,14.0064],"uv_size":[0.1229,0.3936]},"west":{"uv":[0.852,14.0064],"uv_size":[0.1229,0.3936]},"up":{"uv":[0.8446,14.3772],"uv_size":[-0.8446,-0.3772]},"down":{"uv":[0.8446,14.7772],"uv_size":[-0.8446,-0.3772]}}},{"origin":[0.2113,4.75,2.0372],"size":[2,0.5,3],"pivot":[0.2918,5.0001,-0.3692],"uv":{"north":{"uv":[0.852,14.0064],"uv_size":[0.1229,0.3936]},"south":{"uv":[0.852,14.0064],"uv_size":[0.1229,0.3936]},"east":{"uv":[0.852,14.0064],"uv_size":[0.1229,0.3936]},"west":{"uv":[0.852,14.0064],"uv_size":[0.1229,0.3936]},"up":{"uv":[0.8446,14.3772],"uv_size":[-0.8446,-0.3772]},"down":{"uv":[0.8446,14.7772],"uv_size":[-0.8446,-0.3772]}}}],"name":"rot_39"},{"parent":"geyser_custom_z","pivot":[-0.3814,4.3974,0.1837],"rotation":[0,-45,0],"cubes":[{"origin":[-1.8875,4.15,-0.825],"size":[3,0.5,2],"pivot":[-0.3814,4.3974,0.1837],"uv":{"north":{"uv":[1.8354,14.8064],"uv_size":[0.1228,0.3936]},"south":{"uv":[1.8354,14.8064],"uv_size":[0.1228,0.3936]},"east":{"uv":[1.8354,14.8064],"uv_size":[0.1228,0.3936]},"west":{"uv":[1.8354,14.8064],"uv_size":[0.1228,0.3936]},"up":{"uv":[1.8115,15.1935],"uv_size":[-0.8283,-0.3935]},"down":{"uv":[1.8283,15.5935],"uv_size":[-0.8283,-0.3935]}}}],"name":"rot_40"}]}]}
