{"format_version":"1.16.0","minecraft:geometry":[{"description":{"identifier":"geometry.geyser_custom.geo_fab4dc9","texture_width":16,"texture_height":16,"visible_bounds_width":4,"visible_bounds_height":4.5,"visible_bounds_offset":[0,0.75,0]},"bones":[{"name":"geyser_custom","binding":"c.item_slot == 'head' ? 'head' : q.item_slot_to_bone_name(c.item_slot)","pivot":[0,8,0]},{"name":"geyser_custom_x","parent":"geyser_custom","pivot":[0,8,0]},{"name":"geyser_custom_y","parent":"geyser_custom_x","pivot":[0,8,0]},{"name":"geyser_custom_z","parent":"geyser_custom_y","pivot":[0,8,0],"cubes":[]},{"parent":"geyser_custom_z","pivot":[8,-1,-8.5],"rotation":[0,-0,0],"cubes":[{"origin":[-2,0,-2],"size":[4,24,4],"pivot":[8,-1,-8.5],"uv":{"north":{"uv":[0.016,0.016],"uv_size":[0.984,5.984]},"south":{"uv":[2.516,0.016],"uv_size":[0.984,5.984]},"east":{"uv":[1.266,0.016],"uv_size":[0.984,5.984]},"west":{"uv":[3.766,0.016],"uv_size":[0.984,5.984]},"up":{"uv":[6.266,0.016],"uv_size":[0.984,0.984]},"down":{"uv":[1.266,7.234],"uv_size":[0.984,-0.984]}}},{"origin":[2,20,-2],"size":[4,4,4],"pivot":[8,-1,-8.5],"uv":{"north":{"uv":[6.266,1.266],"uv_size":[0.984,0.984]},"south":{"uv":[6.266,2.516],"uv_size":[0.984,0.984]},"east":{"uv":[2.516,6.266],"uv_size":[0.984,0.984]},"west":{"uv":[3.766,6.266],"uv_size":[0.984,0.984]},"up":{"uv":[6.266,3.766],"uv_size":[0.984,0.984]},"down":{"uv":[6.266,5.984],"uv_size":[0.984,-0.984]}}},{"origin":[6,16,-2],"size":[4,8,4],"pivot":[8,-1,-8.5],"uv":{"north":{"uv":[5.016,0.016],"uv_size":[0.984,1.984]},"south":{"uv":[5.016,4.516],"uv_size":[0.984,1.984]},"east":{"uv":[5.016,2.266],"uv_size":[0.984,1.984]},"west":{"uv":[0.016,6.266],"uv_size":[0.984,1.984]},"up":{"uv":[6.266,6.266],"uv_size":[0.984,0.984]},"down":{"uv":[5.016,7.734],"uv_size":[0.984,-0.984]}}}],"name":"rot_1"}]}]}
