{"format_version":"1.16.0","minecraft:geometry":[{"description":{"identifier":"geometry.geyser_custom.geo_eba65a7","texture_width":16,"texture_height":16,"visible_bounds_width":4,"visible_bounds_height":4.5,"visible_bounds_offset":[0,0.75,0]},"bones":[{"name":"geyser_custom","binding":"c.item_slot == 'head' ? 'head' : q.item_slot_to_bone_name(c.item_slot)","pivot":[0,8,0]},{"name":"geyser_custom_x","parent":"geyser_custom","pivot":[0,8,0]},{"name":"geyser_custom_y","parent":"geyser_custom_x","pivot":[0,8,0]},{"name":"geyser_custom_z","parent":"geyser_custom_y","pivot":[0,8,0],"cubes":[]},{"parent":"geyser_custom_z","pivot":[0,0.0045,-0.3964],"rotation":[0,-0,0],"cubes":[{"origin":[-3.5,0,0],"size":[7,7,0],"pivot":[0,0.0045,-0.3964],"uv":{"north":{"uv":[0.016,5.016],"uv_size":[1.734,1.734]},"south":{"uv":[1.734,5.016],"uv_size":[-1.734,1.734]},"east":{"uv":[7,3.016],"uv_size":[0,1.734]},"west":{"uv":[6.25,7.016],"uv_size":[0,1.734]},"up":{"uv":[6.516,7],"uv_size":[1.984,0]},"down":{"uv":[2.766,7.25],"uv_size":[1.984,0]}}}],"name":"rot_1"},{"parent":"geyser_custom_z","pivot":[0,3.0045,-0.3964],"rotation":[0,-0,0],"cubes":[{"origin":[-1,7,-1],"size":[2,3,2],"pivot":[0,3.0045,-0.3964],"uv":{"north":{"uv":[0.008,7.012],"uv_size":[0.492,0.738]},"south":{"uv":[0.758,7.012],"uv_size":[0.492,0.738]},"east":{"uv":[7.008,0.012],"uv_size":[0.492,0.738]},"west":{"uv":[7.008,1.012],"uv_size":[0.492,0.738]},"up":{"uv":[1.508,7.008],"uv_size":[0.492,0.492]},"down":{"uv":[7.008,2.492],"uv_size":[0.492,-0.492]}}}],"name":"rot_2"},{"parent":"geyser_custom_z","pivot":[0,5.0045,-0.3964],"rotation":[0,-0,0],"cubes":[{"origin":[-6.5,13,0],"size":[13,19,0],"pivot":[0,5.0045,-0.3964],"uv":{"north":{"uv":[0.016,0.016],"uv_size":[3.234,4.734]},"south":{"uv":[3.234,0.016],"uv_size":[-3.234,4.734]},"east":{"uv":[2.25,7.016],"uv_size":[0,4.734]},"west":{"uv":[2.5,7.016],"uv_size":[0,4.734]},"up":{"uv":[2.766,7],"uv_size":[3.234,0]},"down":{"uv":[7.016,2.75],"uv_size":[3.234,0]}}}],"name":"rot_3"},{"parent":"geyser_custom_z","pivot":[0,6.0045,-0.3964],"rotation":[0,-0,0],"cubes":[{"origin":[-1.5,10,-1.5],"size":[3,3,3],"pivot":[0,6.0045,-0.3964],"uv":{"north":{"uv":[4.512,5.012],"uv_size":[0.738,0.738]},"south":{"uv":[4.512,6.012],"uv_size":[0.738,0.738]},"east":{"uv":[5.512,5.012],"uv_size":[0.738,0.738]},"west":{"uv":[5.512,6.012],"uv_size":[0.738,0.738]},"up":{"uv":[6.512,5.012],"uv_size":[0.738,0.738]},"down":{"uv":[6.512,6.738],"uv_size":[0.738,-0.738]}}}],"name":"rot_4"}]}]}
