{"format_version":"1.16.0","minecraft:geometry":[{"description":{"identifier":"geometry.geyser_custom.geo_7b7517c","texture_width":16,"texture_height":16,"visible_bounds_width":4,"visible_bounds_height":4.5,"visible_bounds_offset":[0,0.75,0]},"bones":[{"name":"geyser_custom","binding":"c.item_slot == 'head' ? 'head' : q.item_slot_to_bone_name(c.item_slot)","pivot":[0,8,0]},{"name":"geyser_custom_x","parent":"geyser_custom","pivot":[0,8,0]},{"name":"geyser_custom_y","parent":"geyser_custom_x","pivot":[0,8,0]},{"name":"geyser_custom_z","parent":"geyser_custom_y","pivot":[0,8,0],"cubes":[]},{"parent":"geyser_custom_z","pivot":[0,-9.9955,-0.3964],"rotation":[0,-0,0],"cubes":[{"origin":[-1.5,0,-1.5],"size":[3,5,3],"pivot":[0,-9.9955,-0.3964],"uv":{"north":{"uv":[8.512,9.516],"uv_size":[0.738,1.234]},"south":{"uv":[3.512,10.016],"uv_size":[0.738,1.234]},"east":{"uv":[9.512,9.516],"uv_size":[0.738,1.234]},"west":{"uv":[4.512,10.016],"uv_size":[0.738,1.234]},"up":{"uv":[1.012,10.262],"uv_size":[0.738,0.738]},"down":{"uv":[2.012,10.988],"uv_size":[0.738,-0.738]}}}],"name":"rot_1"},{"parent":"geyser_custom_z","pivot":[0,-4.9955,-0.3964],"rotation":[0,-0,0],"cubes":[{"origin":[-0.5,5,0],"size":[1,5,0],"pivot":[0,-4.9955,-0.3964],"uv":{"north":{"uv":[5.504,10.016],"uv_size":[0.246,1.234]},"south":{"uv":[5.746,10.016],"uv_size":[-0.246,1.234]},"east":{"uv":[7.5,10.266],"uv_size":[0,1.234]},"west":{"uv":[7.75,10.266],"uv_size":[0,1.234]},"up":{"uv":[8.004,10.25],"uv_size":[0.246,0]},"down":{"uv":[10.504,0],"uv_size":[0.246,0]}}}],"name":"rot_2"},{"parent":"geyser_custom_z","pivot":[0,2.0045,-0.3964],"rotation":[0,-0,0],"cubes":[{"origin":[-4.5,7,-4.5],"size":[9,3,0],"pivot":[0,2.0045,-0.3964],"uv":{"north":{"uv":[6.016,7.512],"uv_size":[2.234,0.738]},"south":{"uv":[8.234,7.512],"uv_size":[-2.234,0.738]},"east":{"uv":[6,10.262],"uv_size":[0,0.738]},"west":{"uv":[6.25,10.262],"uv_size":[0,0.738]},"up":{"uv":[9.516,7],"uv_size":[2.234,0]},"down":{"uv":[9.516,7.25],"uv_size":[2.234,0]}}}],"name":"rot_3"},{"parent":"geyser_custom_z","pivot":[0,2.0045,8.6035],"rotation":[0,-0,0],"cubes":[{"origin":[-4.5,7,4.5],"size":[9,3,0],"pivot":[0,2.0045,8.6035],"uv":{"north":{"uv":[6.016,7.512],"uv_size":[2.234,0.738]},"south":{"uv":[8.234,7.512],"uv_size":[-2.234,0.738]},"east":{"uv":[6,10.262],"uv_size":[0,0.738]},"west":{"uv":[6.25,10.262],"uv_size":[0,0.738]},"up":{"uv":[9.516,7],"uv_size":[2.234,0]},"down":{"uv":[9.516,7.25],"uv_size":[2.234,0]}}},{"origin":[-4.5,7,-4.5],"size":[0,3,9],"pivot":[0,2.0045,8.6035],"uv":{"north":{"uv":[6.5,10.262],"uv_size":[0,0.738]},"south":{"uv":[6.75,10.262],"uv_size":[0,0.738]},"east":{"uv":[8.516,7.512],"uv_size":[2.234,0.738]},"west":{"uv":[10.734,7.512],"uv_size":[-2.234,0.738]},"up":{"uv":[7,10.266],"uv_size":[0,2.234]},"down":{"uv":[7.25,12.484],"uv_size":[0,-2.234]}}},{"origin":[4.5,7,-4.5],"size":[0,3,9],"pivot":[0,2.0045,8.6035],"uv":{"north":{"uv":[6.5,10.262],"uv_size":[0,0.738]},"south":{"uv":[6.75,10.262],"uv_size":[0,0.738]},"east":{"uv":[8.516,7.512],"uv_size":[2.234,0.738]},"west":{"uv":[10.734,7.512],"uv_size":[-2.234,0.738]},"up":{"uv":[7,10.266],"uv_size":[0,2.234]},"down":{"uv":[7.25,12.484],"uv_size":[0,-2.234]}}}],"name":"rot_4"},{"parent":"geyser_custom_z","pivot":[0,4.0045,-0.3964],"rotation":[0,-0,0],"cubes":[{"origin":[-4.5,10,-4.5],"size":[9,2,9],"pivot":[0,4.0045,-0.3964],"uv":{"north":{"uv":[1.016,9.508],"uv_size":[2.234,0.492]},"south":{"uv":[9.516,3.258],"uv_size":[2.234,0.492]},"east":{"uv":[9.516,2.508],"uv_size":[2.234,0.492]},"west":{"uv":[9.516,4.008],"uv_size":[2.234,0.492]},"up":{"uv":[7.016,0.016],"uv_size":[2.234,2.234]},"down":{"uv":[7.016,4.734],"uv_size":[2.234,-2.234]}}}],"name":"rot_5"},{"parent":"geyser_custom_z","pivot":[0,14.0045,-0.3964],"rotation":[0,-0,0],"cubes":[{"origin":[-6.5,12,-6.5],"size":[13,9,13],"pivot":[0,14.0045,-0.3964],"uv":{"north":{"uv":[3.516,0.016],"uv_size":[3.234,2.234]},"south":{"uv":[3.516,5.016],"uv_size":[3.234,2.234]},"east":{"uv":[3.516,2.516],"uv_size":[3.234,2.234]},"west":{"uv":[0.016,7.016],"uv_size":[3.234,2.234]},"up":{"uv":[0.016,0.016],"uv_size":[3.234,3.234]},"down":{"uv":[0.016,6.734],"uv_size":[3.234,-3.234]}}}],"name":"rot_6"},{"parent":"geyser_custom_z","pivot":[0,15.0045,-0.3964],"rotation":[0,-0,0],"cubes":[{"origin":[-4.5,21,-4.5],"size":[9,2,9],"pivot":[0,15.0045,-0.3964],"uv":{"north":{"uv":[9.516,4.758],"uv_size":[2.234,0.492]},"south":{"uv":[6.016,9.508],"uv_size":[2.234,0.492]},"east":{"uv":[9.516,5.508],"uv_size":[2.234,0.492]},"west":{"uv":[9.516,6.258],"uv_size":[2.234,0.492]},"up":{"uv":[7.016,5.016],"uv_size":[2.234,2.234]},"down":{"uv":[3.516,9.734],"uv_size":[2.234,-2.234]}}}],"name":"rot_7"},{"parent":"geyser_custom_z","pivot":[0,17.0045,-0.3964],"rotation":[0,-0,0],"cubes":[{"origin":[-1.5,23,0],"size":[3,9,0],"pivot":[0,17.0045,-0.3964],"uv":{"north":{"uv":[0.012,9.516],"uv_size":[0.738,2.234]},"south":{"uv":[0.738,9.516],"uv_size":[-0.738,2.234]},"east":{"uv":[8,10.516],"uv_size":[0,2.234]},"west":{"uv":[8.25,10.516],"uv_size":[0,2.234]},"up":{"uv":[10.512,0.25],"uv_size":[0.738,0]},"down":{"uv":[10.512,0.5],"uv_size":[0.738,0]}}}],"name":"rot_8"}]}]}
