{"format_version":"1.16.0","minecraft:geometry":[{"description":{"identifier":"geometry.geyser_custom.geo_be3121e","texture_width":16,"texture_height":16,"visible_bounds_width":4,"visible_bounds_height":4.5,"visible_bounds_offset":[0,0.75,0]},"bones":[{"name":"geyser_custom","binding":"c.item_slot == 'head' ? 'head' : q.item_slot_to_bone_name(c.item_slot)","pivot":[0,8,0]},{"name":"geyser_custom_x","parent":"geyser_custom","pivot":[0,8,0]},{"name":"geyser_custom_y","parent":"geyser_custom_x","pivot":[0,8,0]},{"name":"geyser_custom_z","parent":"geyser_custom_y","pivot":[0,8,0],"cubes":[]},{"parent":"geyser_custom_z","pivot":[5.864,-1.4955,-0.3964],"rotation":[0,-0,0],"cubes":[{"origin":[5.364,12.5,0],"size":[1,5,0],"pivot":[5.864,-1.4955,-0.3964],"uv":{"north":{"uv":[2.246,5.016],"uv_size":[-0.246,1.234]},"south":{"uv":[2.004,5.016],"uv_size":[0.246,1.234]},"east":{"uv":[4.25,7.266],"uv_size":[0,1.234]},"west":{"uv":[4,7.266],"uv_size":[0,1.234]},"up":{"uv":[7.496,4],"uv_size":[-0.246,0]},"down":{"uv":[7.496,4.25],"uv_size":[-0.246,0]}}}],"name":"rot_1"},{"parent":"geyser_custom_z","pivot":[5.864,1.5045,-0.3964],"rotation":[0,-0,0],"cubes":[{"origin":[3.364,3.5,0],"size":[5,5,0],"pivot":[5.864,1.5045,-0.3964],"uv":{"north":{"uv":[5.734,0.016],"uv_size":[-1.234,1.234]},"south":{"uv":[4.516,0.016],"uv_size":[1.234,1.234]},"east":{"uv":[1.25,7.516],"uv_size":[0,1.234]},"west":{"uv":[1,7.516],"uv_size":[0,1.234]},"up":{"uv":[8.484,5.75],"uv_size":[-1.234,0]},"down":{"uv":[8.484,6],"uv_size":[-1.234,0]}}}],"name":"rot_2"},{"parent":"geyser_custom_z","pivot":[5.864,3.5045,-0.3964],"rotation":[0,-0,0],"cubes":[{"origin":[5.364,8.5,-0.5],"size":[1,2,1],"pivot":[5.864,3.5045,-0.3964],"uv":{"north":{"uv":[7.246,4.508],"uv_size":[-0.246,0.492]},"south":{"uv":[0.746,7.258],"uv_size":[-0.246,0.492]},"east":{"uv":[2.746,7.258],"uv_size":[-0.246,0.492]},"west":{"uv":[0.246,7.258],"uv_size":[-0.246,0.492]},"up":{"uv":[7.246,5.254],"uv_size":[-0.246,0.246]},"down":{"uv":[3.246,7.496],"uv_size":[-0.246,-0.246]}}}],"name":"rot_3"},{"parent":"geyser_custom_z","pivot":[5.864,5.5045,-0.3964],"rotation":[0,-0,0],"cubes":[{"origin":[4.864,10.5,-1],"size":[2,2,2],"pivot":[5.864,5.5045,-0.3964],"uv":{"north":{"uv":[5.992,4.508],"uv_size":[-0.492,0.492]},"south":{"uv":[6.492,6.758],"uv_size":[-0.492,0.492]},"east":{"uv":[7.242,6.758],"uv_size":[-0.492,0.492]},"west":{"uv":[6.742,4.508],"uv_size":[-0.492,0.492]},"up":{"uv":[7.492,0.008],"uv_size":[-0.492,0.492]},"down":{"uv":[7.492,1.242],"uv_size":[-0.492,-0.492]}}}],"name":"rot_4"},{"parent":"geyser_custom_z","pivot":[0,-5.9955,-0.3964],"rotation":[0,-0,0],"cubes":[{"origin":[-3.5,-6,0],"size":[7,7,0],"pivot":[0,-5.9955,-0.3964],"uv":{"north":{"uv":[2.516,0.016],"uv_size":[1.734,1.734]},"south":{"uv":[4.234,0.016],"uv_size":[-1.734,1.734]},"east":{"uv":[6,7.516],"uv_size":[0,1.734]},"west":{"uv":[6.25,7.516],"uv_size":[0,1.734]},"up":{"uv":[7.516,4.5],"uv_size":[1.734,0]},"down":{"uv":[7.516,4.75],"uv_size":[1.734,0]}}}],"name":"rot_5"},{"parent":"geyser_custom_z","pivot":[0,-2.9955,-0.3964],"rotation":[0,-0,0],"cubes":[{"origin":[-1,1,-1],"size":[2,3,2],"pivot":[0,-2.9955,-0.3964],"uv":{"north":{"uv":[6.508,3.512],"uv_size":[0.492,0.738]},"south":{"uv":[4.508,6.762],"uv_size":[0.492,0.738]},"east":{"uv":[6.508,5.762],"uv_size":[0.492,0.738]},"west":{"uv":[5.258,6.762],"uv_size":[0.492,0.738]},"up":{"uv":[7.008,1.508],"uv_size":[0.492,0.492]},"down":{"uv":[7.008,2.742],"uv_size":[0.492,-0.492]}}}],"name":"rot_6"},{"parent":"geyser_custom_z","pivot":[0,0.0045,-0.3964],"rotation":[0,-0,0],"cubes":[{"origin":[-1.5,7,0],"size":[3,8,0],"pivot":[0,0.0045,-0.3964],"uv":{"north":{"uv":[4.512,3.016],"uv_size":[0.738,1.984]},"south":{"uv":[5.238,3.016],"uv_size":[-0.738,1.984]},"east":{"uv":[1.5,7.516],"uv_size":[0,1.984]},"west":{"uv":[1.75,7.516],"uv_size":[0,1.984]},"up":{"uv":[7.262,6.25],"uv_size":[0.738,0]},"down":{"uv":[7.262,6.5],"uv_size":[0.738,0]}}},{"origin":[-1.5,4,-1.5],"size":[3,3,3],"pivot":[0,0.0045,-0.3964],"uv":{"north":{"uv":[5.512,3.512],"uv_size":[0.738,0.738]},"south":{"uv":[5.512,5.762],"uv_size":[0.738,0.738]},"east":{"uv":[4.512,5.762],"uv_size":[0.738,0.738]},"west":{"uv":[6.012,0.012],"uv_size":[0.738,0.738]},"up":{"uv":[6.012,1.012],"uv_size":[0.738,0.738]},"down":{"uv":[6.012,2.738],"uv_size":[0.738,-0.738]}}}],"name":"rot_7"},{"parent":"geyser_custom_z","pivot":[0,5.0045,-0.3964],"rotation":[0,-0,0],"cubes":[{"origin":[-1.5,20,0],"size":[3,12,0],"pivot":[0,5.0045,-0.3964],"uv":{"north":{"uv":[2.512,4.016],"uv_size":[0.738,2.984]},"south":{"uv":[3.238,4.016],"uv_size":[-0.738,2.984]},"east":{"uv":[3.5,7.266],"uv_size":[0,2.984]},"west":{"uv":[3.75,7.266],"uv_size":[0,2.984]},"up":{"uv":[7.262,3.5],"uv_size":[0.738,0]},"down":{"uv":[7.262,3.75],"uv_size":[0.738,0]}}}],"name":"rot_8"},{"parent":"geyser_custom_z","pivot":[-5.864,-1.4955,-0.3964],"rotation":[0,-0,0],"cubes":[{"origin":[-6.364,12.5,0],"size":[1,5,0],"pivot":[-5.864,-1.4955,-0.3964],"uv":{"north":{"uv":[2.004,5.016],"uv_size":[0.246,1.234]},"south":{"uv":[2.246,5.016],"uv_size":[-0.246,1.234]},"east":{"uv":[4,7.266],"uv_size":[0,1.234]},"west":{"uv":[4.25,7.266],"uv_size":[0,1.234]},"up":{"uv":[7.254,4],"uv_size":[0.246,0]},"down":{"uv":[7.254,4.25],"uv_size":[0.246,0]}}}],"name":"rot_9"},{"parent":"geyser_custom_z","pivot":[-5.864,1.5045,-0.3964],"rotation":[0,-0,0],"cubes":[{"origin":[-8.364,3.5,0],"size":[5,5,0],"pivot":[-5.864,1.5045,-0.3964],"uv":{"north":{"uv":[4.516,0.016],"uv_size":[1.234,1.234]},"south":{"uv":[5.734,0.016],"uv_size":[-1.234,1.234]},"east":{"uv":[1,7.516],"uv_size":[0,1.234]},"west":{"uv":[1.25,7.516],"uv_size":[0,1.234]},"up":{"uv":[7.266,5.75],"uv_size":[1.234,0]},"down":{"uv":[7.266,6],"uv_size":[1.234,0]}}}],"name":"rot_10"},{"parent":"geyser_custom_z","pivot":[-5.864,3.5045,-0.3964],"rotation":[0,-0,0],"cubes":[{"origin":[-6.364,8.5,-0.5],"size":[1,2,1],"pivot":[-5.864,3.5045,-0.3964],"uv":{"north":{"uv":[7.004,4.508],"uv_size":[0.246,0.492]},"south":{"uv":[0.504,7.258],"uv_size":[0.246,0.492]},"east":{"uv":[0.004,7.258],"uv_size":[0.246,0.492]},"west":{"uv":[2.504,7.258],"uv_size":[0.246,0.492]},"up":{"uv":[7.004,5.254],"uv_size":[0.246,0.246]},"down":{"uv":[3.004,7.496],"uv_size":[0.246,-0.246]}}}],"name":"rot_11"},{"parent":"geyser_custom_z","pivot":[-5.864,5.5045,-0.3964],"rotation":[0,-0,0],"cubes":[{"origin":[-6.864,10.5,-1],"size":[2,2,2],"pivot":[-5.864,5.5045,-0.3964],"uv":{"north":{"uv":[5.508,4.508],"uv_size":[0.492,0.492]},"south":{"uv":[6.008,6.758],"uv_size":[0.492,0.492]},"east":{"uv":[6.258,4.508],"uv_size":[0.492,0.492]},"west":{"uv":[6.758,6.758],"uv_size":[0.492,0.492]},"up":{"uv":[7.008,0.008],"uv_size":[0.492,0.492]},"down":{"uv":[7.008,1.242],"uv_size":[0.492,-0.492]}}}],"name":"rot_12"},{"parent":"geyser_custom_z","pivot":[0,17.5,0],"rotation":[0,0,45],"cubes":[{"origin":[-4.5,13,-0.5],"size":[9,9,1],"pivot":[0,17.5,0],"uv":{"north":{"uv":[0.016,0.016],"uv_size":[2.234,2.234]},"south":{"uv":[0.016,2.516],"uv_size":[2.234,2.234]},"east":{"uv":[1.004,5.016],"uv_size":[0.246,2.234]},"west":{"uv":[1.504,5.016],"uv_size":[0.246,2.234]},"up":{"uv":[4.516,5.254],"uv_size":[2.234,0.246]},"down":{"uv":[5.516,3.246],"uv_size":[2.234,-0.246]}}}],"name":"rot_13"}]}]}
