{"format_version":"1.16.0","minecraft:geometry":[{"description":{"identifier":"geometry.geyser_custom.geo_c412e63","texture_width":16,"texture_height":16,"visible_bounds_width":4,"visible_bounds_height":4.5,"visible_bounds_offset":[0,0.75,0]},"bones":[{"name":"geyser_custom","binding":"c.item_slot == 'head' ? 'head' : q.item_slot_to_bone_name(c.item_slot)","pivot":[0,8,0]},{"name":"geyser_custom_x","parent":"geyser_custom","pivot":[0,8,0]},{"name":"geyser_custom_y","parent":"geyser_custom_x","pivot":[0,8,0]},{"name":"geyser_custom_z","parent":"geyser_custom_y","pivot":[0,8,0],"cubes":[]},{"parent":"geyser_custom_z","pivot":[0,-6.6576,-10.6562],"rotation":[45,0,0],"cubes":[{"origin":[-20,-6.6576,-17.6562],"size":[40,0,15],"pivot":[0,-6.6576,-10.6562],"uv":{"north":{"uv":[8.109,5.5],"uv_size":[-2.484,0]},"south":{"uv":[8.109,5.375],"uv_size":[-2.484,0]},"east":{"uv":[6.5475,5.4375],"uv_size":[-0.9225,0]},"west":{"uv":[6.5475,5.5625],"uv_size":[-0.9225,0]},"up":{"uv":[3.141,2.9225],"uv_size":[2.484,-0.9225]},"down":{"uv":[3.141,2.015],"uv_size":[2.484,0.9225]}}}],"name":"rot_1"},{"parent":"geyser_custom_z","pivot":[0,2.3424,-10.6562],"rotation":[45,0,0],"cubes":[{"origin":[-17,2.3424,-17.6562],"size":[34,0,15],"pivot":[0,2.3424,-10.6562],"uv":{"north":{"uv":[7.734,5.25],"uv_size":[-2.109,0]},"south":{"uv":[7.734,5.125],"uv_size":[-2.109,0]},"east":{"uv":[6.5475,5.1875],"uv_size":[-0.9225,0]},"west":{"uv":[6.5475,5.3125],"uv_size":[-0.9225,0]},"up":{"uv":[4.391,4.9225],"uv_size":[2.109,-0.9225]},"down":{"uv":[4.391,4.015],"uv_size":[2.109,0.9225]}}}],"name":"rot_2"},{"parent":"geyser_custom_z","pivot":[19.1421,-15.1421,-1],"rotation":[0,0,-45],"cubes":[{"origin":[19.1421,-10.1421,-20],"size":[0,15,40],"pivot":[19.1421,-15.1421,-1],"uv":{"north":{"uv":[0.6875,5.515],"uv_size":[0,0.9225]},"south":{"uv":[0.75,5.515],"uv_size":[0,0.9225]},"east":{"uv":[5.609,1.015],"uv_size":[-2.484,0.9225]},"west":{"uv":[3.141,1.015],"uv_size":[2.484,0.9225]},"up":{"uv":[0.8125,5.516],"uv_size":[0,2.484]},"down":{"uv":[0.875,7.984],"uv_size":[0,-2.484]}}}],"name":"rot_3"},{"parent":"geyser_custom_z","pivot":[19.1421,-6.1421,-1],"rotation":[0,0,-45],"cubes":[{"origin":[19.1421,-1.1421,-17],"size":[0,15,34],"pivot":[19.1421,-6.1421,-1],"uv":{"north":{"uv":[1.0625,5.515],"uv_size":[0,0.9225]},"south":{"uv":[1.125,5.515],"uv_size":[0,0.9225]},"east":{"uv":[4.2965,4.015],"uv_size":[-2.109,0.9225]},"west":{"uv":[2.2035,4.015],"uv_size":[2.109,0.9225]},"up":{"uv":[1.1875,5.516],"uv_size":[0,2.109]},"down":{"uv":[1.25,7.609],"uv_size":[0,-2.109]}}}],"name":"rot_4"},{"parent":"geyser_custom_z","pivot":[0,12.6086,8.0605],"rotation":[22.5,0,0],"cubes":[{"origin":[-12,4.6086,8.0605],"size":[24,27,0],"pivot":[0,12.6086,8.0605],"uv":{"north":{"uv":[3.0465,0.016],"uv_size":[-1.484,1.6715]},"south":{"uv":[1.5785,0.016],"uv_size":[1.484,1.6715]},"east":{"uv":[0.9375,5.516],"uv_size":[0,1.6715]},"west":{"uv":[1,5.516],"uv_size":[0,1.6715]},"up":{"uv":[5.641,5],"uv_size":[1.484,0]},"down":{"uv":[5.641,5.0625],"uv_size":[1.484,0]}}}],"name":"rot_5"},{"parent":"geyser_custom_z","pivot":[8.0615,12.609,0],"rotation":[0,0,-22.5],"cubes":[{"origin":[8.0615,4.609,-12],"size":[0,27,24],"pivot":[8.0615,12.609,0],"uv":{"north":{"uv":[1.3125,5.516],"uv_size":[0,1.6715]},"south":{"uv":[1.375,5.516],"uv_size":[0,1.6715]},"east":{"uv":[1.5785,1.766],"uv_size":[1.484,1.6715]},"west":{"uv":[3.0465,1.766],"uv_size":[-1.484,1.6715]},"up":{"uv":[1.4375,5.516],"uv_size":[0,1.484]},"down":{"uv":[1.5,6.984],"uv_size":[0,-1.484]}}}],"name":"rot_6"},{"parent":"geyser_custom_z","pivot":[8,-19,-8.5],"rotation":[0,-0,0],"cubes":[{"origin":[-5,-16,-5],"size":[10,36,10],"pivot":[8,-19,-8.5],"uv":{"north":{"uv":[2.1975,5.016],"uv_size":[0.615,2.234]},"south":{"uv":[3.5725,5.016],"uv_size":[0.615,2.234]},"east":{"uv":[2.885,5.016],"uv_size":[0.615,2.234]},"west":{"uv":[4.26,5.016],"uv_size":[0.615,2.234]},"up":{"uv":[4.9475,5.01],"uv_size":[0.615,0.615]},"down":{"uv":[0.01,6.115],"uv_size":[0.615,-0.615]}}}],"name":"rot_7"},{"parent":"geyser_custom_z","pivot":[0,12.6086,-8.0605],"rotation":[-22.5,0,0],"cubes":[{"origin":[-12,4.6086,-8.0605],"size":[24,27,0],"pivot":[0,12.6086,-8.0605],"uv":{"north":{"uv":[3.0465,0.016],"uv_size":[-1.484,1.6715]},"south":{"uv":[1.5785,0.016],"uv_size":[1.484,1.6715]},"east":{"uv":[0.9375,5.516],"uv_size":[0,1.6715]},"west":{"uv":[1,5.516],"uv_size":[0,1.6715]},"up":{"uv":[5.641,5],"uv_size":[1.484,0]},"down":{"uv":[5.641,5.0625],"uv_size":[1.484,0]}}}],"name":"rot_8"},{"parent":"geyser_custom_z","pivot":[-8.0615,12.609,0],"rotation":[0,0,22.5],"cubes":[{"origin":[-8.0615,4.609,-12],"size":[0,27,24],"pivot":[-8.0615,12.609,0],"uv":{"north":{"uv":[1.3125,5.516],"uv_size":[0,1.6715]},"south":{"uv":[1.375,5.516],"uv_size":[0,1.6715]},"east":{"uv":[1.5785,1.766],"uv_size":[1.484,1.6715]},"west":{"uv":[3.0465,1.766],"uv_size":[-1.484,1.6715]},"up":{"uv":[1.4375,5.516],"uv_size":[0,1.484]},"down":{"uv":[1.5,6.984],"uv_size":[0,-1.484]}}}],"name":"rot_9"},{"parent":"geyser_custom_z","pivot":[0,-6.6576,10.6562],"rotation":[-45,0,0],"cubes":[{"origin":[-20,-6.6576,2.6562],"size":[40,0,15],"pivot":[0,-6.6576,10.6562],"uv":{"north":{"uv":[5.641,5.375],"uv_size":[2.484,0]},"south":{"uv":[5.641,5.5],"uv_size":[2.484,0]},"east":{"uv":[5.64,5.4375],"uv_size":[0.9225,0]},"west":{"uv":[5.64,5.5625],"uv_size":[0.9225,0]},"up":{"uv":[3.141,2.015],"uv_size":[2.484,0.9225]},"down":{"uv":[3.141,2.9225],"uv_size":[2.484,-0.9225]}}}],"name":"rot_10"},{"parent":"geyser_custom_z","pivot":[0,2.3424,10.6562],"rotation":[-45,0,0],"cubes":[{"origin":[-17,2.3424,2.6562],"size":[34,0,15],"pivot":[0,2.3424,10.6562],"uv":{"north":{"uv":[5.641,5.125],"uv_size":[2.109,0]},"south":{"uv":[5.641,5.25],"uv_size":[2.109,0]},"east":{"uv":[5.64,5.1875],"uv_size":[0.9225,0]},"west":{"uv":[5.64,5.3125],"uv_size":[0.9225,0]},"up":{"uv":[4.391,4.015],"uv_size":[2.109,0.9225]},"down":{"uv":[4.391,4.9225],"uv_size":[2.109,-0.9225]}}}],"name":"rot_11"},{"parent":"geyser_custom_z","pivot":[-19.1421,-15.1421,-1],"rotation":[0,0,45],"cubes":[{"origin":[-19.1421,-10.1421,-20],"size":[0,15,40],"pivot":[-19.1421,-15.1421,-1],"uv":{"north":{"uv":[0.6875,5.515],"uv_size":[0,0.9225]},"south":{"uv":[0.75,5.515],"uv_size":[0,0.9225]},"east":{"uv":[5.609,1.015],"uv_size":[-2.484,0.9225]},"west":{"uv":[3.141,1.015],"uv_size":[2.484,0.9225]},"up":{"uv":[0.8125,5.516],"uv_size":[0,2.484]},"down":{"uv":[0.875,7.984],"uv_size":[0,-2.484]}}}],"name":"rot_12"},{"parent":"geyser_custom_z","pivot":[-19.1421,-6.1421,-1],"rotation":[0,0,45],"cubes":[{"origin":[-19.1421,-1.1421,-17],"size":[0,15,34],"pivot":[-19.1421,-6.1421,-1],"uv":{"north":{"uv":[1.0625,5.515],"uv_size":[0,0.9225]},"south":{"uv":[1.125,5.515],"uv_size":[0,0.9225]},"east":{"uv":[4.2965,4.015],"uv_size":[-2.109,0.9225]},"west":{"uv":[2.2035,4.015],"uv_size":[2.109,0.9225]},"up":{"uv":[1.1875,5.516],"uv_size":[0,2.109]},"down":{"uv":[1.25,7.609],"uv_size":[0,-2.109]}}}],"name":"rot_13"}]}]}
