{"format_version":"1.16.0","minecraft:geometry":[{"description":{"identifier":"geometry.geyser_custom.geo_ccdccbf","texture_width":16,"texture_height":16,"visible_bounds_width":4,"visible_bounds_height":4.5,"visible_bounds_offset":[0,0.75,0]},"bones":[{"name":"geyser_custom","binding":"c.item_slot == 'head' ? 'head' : q.item_slot_to_bone_name(c.item_slot)","pivot":[0,8,0]},{"name":"geyser_custom_x","parent":"geyser_custom","pivot":[0,8,0]},{"name":"geyser_custom_y","parent":"geyser_custom_x","pivot":[0,8,0]},{"name":"geyser_custom_z","parent":"geyser_custom_y","pivot":[0,8,0],"cubes":[]},{"parent":"geyser_custom_z","pivot":[-0.25,7,0],"rotation":[0,0,22.5],"cubes":[{"origin":[-4,4,-1],"size":[6,6,2],"pivot":[-0.25,7,0],"uv":{"north":{"uv":[0.016,0.016],"uv_size":[2.984,2.984]},"south":{"uv":[0.016,3.516],"uv_size":[2.984,2.984]},"east":{"uv":[8.516,0.016],"uv_size":[0.984,2.984]},"west":{"uv":[4.516,9.516],"uv_size":[0.984,2.984]},"up":{"uv":[6.016,9.516],"uv_size":[2.984,0.984]},"down":{"uv":[9.516,8.484],"uv_size":[2.984,-0.984]}}},{"origin":[-4,1,-1],"size":[9,3,2],"pivot":[-0.25,7,0],"uv":{"north":{"uv":[3.516,0.016],"uv_size":[4.484,1.484]},"south":{"uv":[3.516,2.016],"uv_size":[4.484,1.484]},"east":{"uv":[10.016,0.016],"uv_size":[0.984,1.484]},"west":{"uv":[2.016,10.016],"uv_size":[0.984,1.484]},"up":{"uv":[4.516,8.016],"uv_size":[4.484,0.984]},"down":{"uv":[8.016,6.984],"uv_size":[4.484,-0.984]}}},{"origin":[-5,10,-1.5],"size":[8,3,3],"pivot":[-0.25,7,0],"uv":{"north":{"uv":[3.516,4.016],"uv_size":[3.984,1.484]},"south":{"uv":[3.516,6.016],"uv_size":[3.984,1.484]},"east":{"uv":[9.516,9.016],"uv_size":[1.484,1.484]},"west":{"uv":[0.016,10.016],"uv_size":[1.484,1.484]},"up":{"uv":[0.016,8.016],"uv_size":[3.984,1.484]},"down":{"uv":[8.016,5.484],"uv_size":[3.984,-1.484]}}}],"name":"rot_1"}]}]}
