{"format_version":"1.16.0","minecraft:geometry":[{"description":{"identifier":"geometry.geyser_custom.geo_c6633cf","texture_width":16,"texture_height":16,"visible_bounds_width":4,"visible_bounds_height":4.5,"visible_bounds_offset":[0,0.75,0]},"bones":[{"name":"geyser_custom","binding":"c.item_slot == 'head' ? 'head' : q.item_slot_to_bone_name(c.item_slot)","pivot":[0,8,0]},{"name":"geyser_custom_x","parent":"geyser_custom","pivot":[0,8,0]},{"name":"geyser_custom_y","parent":"geyser_custom_x","pivot":[0,8,0]},{"name":"geyser_custom_z","parent":"geyser_custom_y","pivot":[0,8,0],"cubes":[]},{"parent":"geyser_custom_z","pivot":[0,-0.5,0.475],"rotation":[0,-0,0],"cubes":[{"origin":[-6,-6,-1.025],"size":[12,12,0],"pivot":[0,-0.5,0.475],"uv":{"north":{"uv":[3.766,0.016],"uv_size":[2.984,2.984]},"south":{"uv":[6.734,0.016],"uv_size":[-2.984,2.984]},"east":{"uv":[1,9.266],"uv_size":[0,2.984]},"west":{"uv":[1.25,9.266],"uv_size":[0,2.984]},"up":{"uv":[1.516,9.25],"uv_size":[2.984,0]},"down":{"uv":[1.516,9.5],"uv_size":[2.984,0]}}}],"name":"rot_1"},{"parent":"geyser_custom_z","pivot":[0,0.5,0.5],"rotation":[0,-0,0],"cubes":[{"origin":[-6,0,-1],"size":[12,3,3],"pivot":[0,0.5,0.5],"uv":{"north":{"uv":[3.766,6.512],"uv_size":[2.984,0.738]},"south":{"uv":[7.016,0.012],"uv_size":[2.984,0.738]},"east":{"uv":[8.012,7.012],"uv_size":[0.738,0.738]},"west":{"uv":[8.012,8.012],"uv_size":[0.738,0.738]},"up":{"uv":[7.016,1.012],"uv_size":[2.984,0.738]},"down":{"uv":[7.016,2.738],"uv_size":[2.984,-0.738]}}}],"name":"rot_2"},{"parent":"geyser_custom_z","pivot":[0,4.5,0.5],"rotation":[0,-0,0],"cubes":[{"origin":[3,3,-1],"size":[3,6,3],"pivot":[0,4.5,0.5],"uv":{"north":{"uv":[7.012,7.016],"uv_size":[0.738,1.484]},"south":{"uv":[1.012,7.516],"uv_size":[0.738,1.484]},"east":{"uv":[0.012,7.516],"uv_size":[0.738,1.484]},"west":{"uv":[2.012,7.516],"uv_size":[0.738,1.484]},"up":{"uv":[8.012,9.012],"uv_size":[0.738,0.738]},"down":{"uv":[9.012,8.738],"uv_size":[0.738,-0.738]}}},{"origin":[-6,3,-1],"size":[3,6,3],"pivot":[0,4.5,0.5],"uv":{"north":{"uv":[3.012,7.516],"uv_size":[0.738,1.484]},"south":{"uv":[5.012,7.516],"uv_size":[0.738,1.484]},"east":{"uv":[4.012,7.516],"uv_size":[0.738,1.484]},"west":{"uv":[6.012,7.516],"uv_size":[0.738,1.484]},"up":{"uv":[9.012,9.012],"uv_size":[0.738,0.738]},"down":{"uv":[0.012,9.988],"uv_size":[0.738,-0.738]}}}],"name":"rot_3"},{"parent":"geyser_custom_z","pivot":[0,8.5,0.5],"rotation":[0,-0,0],"cubes":[{"origin":[-6,9,-1],"size":[12,3,3],"pivot":[0,8.5,0.5],"uv":{"north":{"uv":[7.016,3.012],"uv_size":[2.984,0.738]},"south":{"uv":[7.016,4.012],"uv_size":[2.984,0.738]},"east":{"uv":[7.012,8.762],"uv_size":[0.738,0.738]},"west":{"uv":[9.012,7.012],"uv_size":[0.738,0.738]},"up":{"uv":[7.016,5.012],"uv_size":[2.984,0.738]},"down":{"uv":[7.016,6.738],"uv_size":[2.984,-0.738]}}}],"name":"rot_4"},{"parent":"geyser_custom_z","pivot":[0,9.5,0.5],"rotation":[0,-0,0],"cubes":[{"origin":[-7,-1,0.5],"size":[14,14,0],"pivot":[0,9.5,0.5],"uv":{"north":{"uv":[0.016,0.016],"uv_size":[3.484,3.484]},"south":{"uv":[3.484,0.016],"uv_size":[-3.484,3.484]},"east":{"uv":[4.75,9.266],"uv_size":[0,3.484]},"west":{"uv":[5,9.266],"uv_size":[0,3.484]},"up":{"uv":[5.266,10],"uv_size":[3.484,0]},"down":{"uv":[10.016,7],"uv_size":[3.484,0]}}}],"name":"rot_5"}]}]}
