{"format_version":"1.16.0","minecraft:geometry":[{"description":{"identifier":"geometry.geyser_custom.geo_b2c5692","texture_width":16,"texture_height":16,"visible_bounds_width":4,"visible_bounds_height":4.5,"visible_bounds_offset":[0,0.75,0]},"bones":[{"name":"geyser_custom","binding":"c.item_slot == 'head' ? 'head' : q.item_slot_to_bone_name(c.item_slot)","pivot":[0,8,0]},{"name":"geyser_custom_x","parent":"geyser_custom","pivot":[0,8,0]},{"name":"geyser_custom_y","parent":"geyser_custom_x","pivot":[0,8,0]},{"name":"geyser_custom_z","parent":"geyser_custom_y","pivot":[0,8,0],"cubes":[]},{"parent":"geyser_custom_z","pivot":[2,7.06,2.0614],"rotation":[45,0,0],"cubes":[{"origin":[-3,7.06,0.5614],"size":[6,0,3],"pivot":[2,7.06,2.0614],"uv":{"north":{"uv":[0.016,12],"uv_size":[2.984,0]},"south":{"uv":[9.516,12],"uv_size":[2.984,0]},"east":{"uv":[7.516,12],"uv_size":[1.484,0]},"west":{"uv":[12.016,11],"uv_size":[1.484,0]},"up":{"uv":[8.016,9.016],"uv_size":[2.984,1.484]},"down":{"uv":[8.016,10.484],"uv_size":[2.984,-1.484]}}}],"name":"rot_1"},{"parent":"geyser_custom_z","pivot":[2.0614,7.06,2],"rotation":[0,0,-45],"cubes":[{"origin":[0.5614,7.06,-3],"size":[3,0,6],"pivot":[2.0614,7.06,2],"uv":{"north":{"uv":[13.484,11.5],"uv_size":[-1.484,0]},"south":{"uv":[13.984,3],"uv_size":[-1.484,0]},"east":{"uv":[15.484,3.5],"uv_size":[-2.984,0]},"west":{"uv":[2.984,12.5],"uv_size":[-2.984,0]},"up":{"uv":[4.984,10.016],"uv_size":[-1.484,2.984]},"down":{"uv":[4.984,12.984],"uv_size":[-1.484,-2.984]}}}],"name":"rot_2"},{"parent":"geyser_custom_z","pivot":[8,0,-8.5],"rotation":[0,-0,0],"cubes":[{"origin":[-3,1,-3],"size":[6,5,6],"pivot":[8,0,-8.5],"uv":{"north":{"uv":[4.516,7.016],"uv_size":[2.984,2.484]},"south":{"uv":[8.016,3.016],"uv_size":[2.984,2.484]},"east":{"uv":[8.016,0.016],"uv_size":[2.984,2.484]},"west":{"uv":[8.016,6.016],"uv_size":[2.984,2.484]},"up":{"uv":[4.516,0.016],"uv_size":[2.984,2.984]},"down":{"uv":[4.516,6.484],"uv_size":[2.984,-2.984]}}},{"origin":[-1,6,0],"size":[1,1,1],"pivot":[8,0,-8.5],"uv":{"north":{"uv":[3.508,9.008],"uv_size":[0.492,0.492]},"south":{"uv":[1.008,11.008],"uv_size":[0.492,0.492]},"east":{"uv":[0.008,11.008],"uv_size":[0.492,0.492]},"west":{"uv":[2.008,11.008],"uv_size":[0.492,0.492]},"up":{"uv":[11.508,3.008],"uv_size":[0.492,0.492]},"down":{"uv":[11.508,4.492],"uv_size":[0.492,-0.492]}}},{"origin":[0,6,-1],"size":[1,1,1],"pivot":[8,0,-8.5],"uv":{"north":{"uv":[11.508,5.008],"uv_size":[0.492,0.492]},"south":{"uv":[11.508,7.008],"uv_size":[0.492,0.492]},"east":{"uv":[11.508,6.008],"uv_size":[0.492,0.492]},"west":{"uv":[11.508,8.008],"uv_size":[0.492,0.492]},"up":{"uv":[11.508,9.008],"uv_size":[0.492,0.492]},"down":{"uv":[11.508,10.492],"uv_size":[0.492,-0.492]}}}],"name":"rot_3"},{"parent":"geyser_custom_z","pivot":[0,2.0045,-0.3964],"rotation":[0,-0,0],"cubes":[{"origin":[-4,0,-4],"size":[8,1,8],"pivot":[0,2.0045,-0.3964],"uv":{"north":{"uv":[7.516,11.008],"uv_size":[3.984,0.492]},"south":{"uv":[11.516,1.008],"uv_size":[3.984,0.492]},"east":{"uv":[11.516,0.008],"uv_size":[3.984,0.492]},"west":{"uv":[11.516,2.008],"uv_size":[3.984,0.492]},"up":{"uv":[0.016,0.016],"uv_size":[3.984,3.984]},"down":{"uv":[0.016,8.484],"uv_size":[3.984,-3.984]}}}],"name":"rot_4"},{"parent":"geyser_custom_z","pivot":[2,7.06,-2.0614],"rotation":[-45,0,0],"cubes":[{"origin":[-3,7.06,-3.5614],"size":[6,0,3],"pivot":[2,7.06,-2.0614],"uv":{"north":{"uv":[12.484,12],"uv_size":[-2.984,0]},"south":{"uv":[2.984,12],"uv_size":[-2.984,0]},"east":{"uv":[8.984,12],"uv_size":[-1.484,0]},"west":{"uv":[13.484,11],"uv_size":[-1.484,0]},"up":{"uv":[8.016,10.484],"uv_size":[2.984,-1.484]},"down":{"uv":[8.016,9.016],"uv_size":[2.984,1.484]}}}],"name":"rot_5"},{"parent":"geyser_custom_z","pivot":[-2.0614,7.06,2],"rotation":[0,0,45],"cubes":[{"origin":[-3.5614,7.06,-3],"size":[3,0,6],"pivot":[-2.0614,7.06,2],"uv":{"north":{"uv":[12.016,11.5],"uv_size":[1.484,0]},"south":{"uv":[12.516,3],"uv_size":[1.484,0]},"east":{"uv":[0.016,12.5],"uv_size":[2.984,0]},"west":{"uv":[12.516,3.5],"uv_size":[2.984,0]},"up":{"uv":[3.516,10.016],"uv_size":[1.484,2.984]},"down":{"uv":[3.516,12.984],"uv_size":[1.484,-2.984]}}}],"name":"rot_6"}]}]}
