{"format_version":"1.16.0","minecraft:geometry":[{"description":{"identifier":"geometry.geyser_custom.geo_f4b0234","texture_width":16,"texture_height":16,"visible_bounds_width":4,"visible_bounds_height":4.5,"visible_bounds_offset":[0,0.75,0]},"bones":[{"name":"geyser_custom","binding":"c.item_slot == 'head' ? 'head' : q.item_slot_to_bone_name(c.item_slot)","pivot":[0,8,0]},{"name":"geyser_custom_x","parent":"geyser_custom","pivot":[0,8,0]},{"name":"geyser_custom_y","parent":"geyser_custom_x","pivot":[0,8,0]},{"name":"geyser_custom_z","parent":"geyser_custom_y","pivot":[0,8,0],"cubes":[]},{"parent":"geyser_custom_z","pivot":[10,-4.5,-12.5],"rotation":[0,-0,0],"cubes":[{"origin":[5,0.5,-1.5],"size":[3,0,3],"pivot":[10,-4.5,-12.5],"uv":{"north":{"uv":[10.016,4],"uv_size":[1.484,0]},"south":{"uv":[10.016,5],"uv_size":[1.484,0]},"east":{"uv":[10.016,4.5],"uv_size":[1.484,0]},"west":{"uv":[10.016,5.5],"uv_size":[1.484,0]},"up":{"uv":[8.016,6.516],"uv_size":[1.484,1.484]},"down":{"uv":[8.016,7.984],"uv_size":[1.484,-1.484]}}}],"name":"rot_1"},{"parent":"geyser_custom_z","pivot":[10,-1.5,-12.5],"rotation":[0,-0,0],"cubes":[{"origin":[5,3.5,-1.5],"size":[3,0,3],"pivot":[10,-1.5,-12.5],"uv":{"north":{"uv":[10.016,2.5],"uv_size":[1.484,0]},"south":{"uv":[10.016,3],"uv_size":[1.484,0]},"east":{"uv":[3.016,10],"uv_size":[1.484,0]},"west":{"uv":[10.016,3.5],"uv_size":[1.484,0]},"up":{"uv":[8.016,2.516],"uv_size":[1.484,1.484]},"down":{"uv":[8.016,3.984],"uv_size":[1.484,-1.484]}}}],"name":"rot_2"},{"parent":"geyser_custom_z","pivot":[10,-1,-12],"rotation":[0,-0,0],"cubes":[{"origin":[5,0.5,-1.5],"size":[3,3,0],"pivot":[10,-1,-12],"uv":{"north":{"uv":[4.016,7.516],"uv_size":[1.484,1.484]},"south":{"uv":[5.484,7.516],"uv_size":[-1.484,1.484]},"east":{"uv":[5,9.516],"uv_size":[0,1.484]},"west":{"uv":[5.5,9.516],"uv_size":[0,1.484]},"up":{"uv":[6.016,9.5],"uv_size":[1.484,0]},"down":{"uv":[1.016,10],"uv_size":[1.484,0]}}}],"name":"rot_3"},{"parent":"geyser_custom_z","pivot":[10,-1,-9],"rotation":[0,-0,0],"cubes":[{"origin":[5,0.5,1.5],"size":[3,3,0],"pivot":[10,-1,-9],"uv":{"north":{"uv":[3.484,7.516],"uv_size":[-1.484,1.484]},"south":{"uv":[2.016,7.516],"uv_size":[1.484,1.484]},"east":{"uv":[0,9.516],"uv_size":[0,1.484]},"west":{"uv":[0.5,9.516],"uv_size":[0,1.484]},"up":{"uv":[1.016,9.5],"uv_size":[1.484,0]},"down":{"uv":[3.016,9.5],"uv_size":[1.484,0]}}}],"name":"rot_4"},{"parent":"geyser_custom_z","pivot":[8,-1,-8.5],"rotation":[0,-0,0],"cubes":[{"origin":[-5,0,-2],"size":[10,4,4],"pivot":[8,-1,-8.5],"uv":{"north":{"uv":[0.016,0.016],"uv_size":[4.984,1.984]},"south":{"uv":[0.016,2.516],"uv_size":[4.984,1.984]},"east":{"uv":[5.516,2.516],"uv_size":[1.984,1.984]},"west":{"uv":[5.516,5.016],"uv_size":[1.984,1.984]},"up":{"uv":[0.016,5.016],"uv_size":[4.984,1.984]},"down":{"uv":[5.516,1.984],"uv_size":[4.984,-1.984]}}}],"name":"rot_5"},{"parent":"geyser_custom_z","pivot":[-10,-4.5,-12.5],"rotation":[0,-0,0],"cubes":[{"origin":[-8,0.5,-1.5],"size":[3,0,3],"pivot":[-10,-4.5,-12.5],"uv":{"north":{"uv":[11.484,4],"uv_size":[-1.484,0]},"south":{"uv":[11.484,5],"uv_size":[-1.484,0]},"east":{"uv":[11.484,5.5],"uv_size":[-1.484,0]},"west":{"uv":[11.484,4.5],"uv_size":[-1.484,0]},"up":{"uv":[9.484,6.516],"uv_size":[-1.484,1.484]},"down":{"uv":[9.484,7.984],"uv_size":[-1.484,-1.484]}}}],"name":"rot_6"},{"parent":"geyser_custom_z","pivot":[-10,-1.5,-12.5],"rotation":[0,-0,0],"cubes":[{"origin":[-8,3.5,-1.5],"size":[3,0,3],"pivot":[-10,-1.5,-12.5],"uv":{"north":{"uv":[11.484,2.5],"uv_size":[-1.484,0]},"south":{"uv":[11.484,3],"uv_size":[-1.484,0]},"east":{"uv":[11.484,3.5],"uv_size":[-1.484,0]},"west":{"uv":[4.484,10],"uv_size":[-1.484,0]},"up":{"uv":[9.484,2.516],"uv_size":[-1.484,1.484]},"down":{"uv":[9.484,3.984],"uv_size":[-1.484,-1.484]}}}],"name":"rot_7"},{"parent":"geyser_custom_z","pivot":[-10,-1,-12],"rotation":[0,-0,0],"cubes":[{"origin":[-8,0.5,-1.5],"size":[3,3,0],"pivot":[-10,-1,-12],"uv":{"north":{"uv":[5.484,7.516],"uv_size":[-1.484,1.484]},"south":{"uv":[4.016,7.516],"uv_size":[1.484,1.484]},"east":{"uv":[5.5,9.516],"uv_size":[0,1.484]},"west":{"uv":[5,9.516],"uv_size":[0,1.484]},"up":{"uv":[7.484,9.5],"uv_size":[-1.484,0]},"down":{"uv":[2.484,10],"uv_size":[-1.484,0]}}}],"name":"rot_8"},{"parent":"geyser_custom_z","pivot":[-10,-1,-9],"rotation":[0,-0,0],"cubes":[{"origin":[-8,0.5,1.5],"size":[3,3,0],"pivot":[-10,-1,-9],"uv":{"north":{"uv":[2.016,7.516],"uv_size":[1.484,1.484]},"south":{"uv":[3.484,7.516],"uv_size":[-1.484,1.484]},"east":{"uv":[0.5,9.516],"uv_size":[0,1.484]},"west":{"uv":[0,9.516],"uv_size":[0,1.484]},"up":{"uv":[2.484,9.5],"uv_size":[-1.484,0]},"down":{"uv":[4.484,9.5],"uv_size":[-1.484,0]}}}],"name":"rot_9"}]}]}
