{"format_version":"1.16.0","minecraft:geometry":[{"description":{"identifier":"geometry.geyser_custom.geo_4e77816","texture_width":16,"texture_height":16,"visible_bounds_width":4,"visible_bounds_height":4.5,"visible_bounds_offset":[0,0.75,0]},"bones":[{"name":"geyser_custom","binding":"c.item_slot == 'head' ? 'head' : q.item_slot_to_bone_name(c.item_slot)","pivot":[0,8,0]},{"name":"geyser_custom_x","parent":"geyser_custom","pivot":[0,8,0]},{"name":"geyser_custom_y","parent":"geyser_custom_x","pivot":[0,8,0]},{"name":"geyser_custom_z","parent":"geyser_custom_y","pivot":[0,8,0],"cubes":[]},{"parent":"geyser_custom_z","pivot":[-2.375,1.35,3.5],"rotation":[0,-0,0],"cubes":[{"origin":[-5.5,1,1.5],"size":[4,1,4],"pivot":[-2.375,1.35,3.5],"uv":{"north":{"uv":[6.766,3.504],"uv_size":[0.984,0.246]},"south":{"uv":[7.016,7.004],"uv_size":[0.984,0.246]},"east":{"uv":[5.766,7.004],"uv_size":[0.984,0.246]},"west":{"uv":[1.266,7.254],"uv_size":[0.984,0.246]},"up":{"uv":[6.016,5.266],"uv_size":[0.984,0.984]},"down":{"uv":[0.016,7.484],"uv_size":[0.984,-0.984]}}},{"origin":[-6.5,0,0.5],"size":[8,1,6],"pivot":[-2.375,1.35,3.5],"uv":{"north":{"uv":[5.766,6.504],"uv_size":[1.984,0.246]},"south":{"uv":[6.766,0.004],"uv_size":[1.984,0.246]},"east":{"uv":[6.766,0.504],"uv_size":[1.484,0.246]},"west":{"uv":[6.766,1.004],"uv_size":[1.484,0.246]},"up":{"uv":[0.016,0.016],"uv_size":[1.984,1.484]},"down":{"uv":[0.016,3.234],"uv_size":[1.984,-1.484]}}}],"name":"rot_1"},{"parent":"geyser_custom_z","pivot":[-2.375,1.35,3.5],"rotation":[0,0,22.5],"cubes":[{"origin":[-3.6609,2.0658,1.475],"size":[4,1,4.05],"pivot":[-2.375,1.35,3.5],"uv":{"north":{"uv":[6.766,1.504],"uv_size":[0.984,0.246]},"south":{"uv":[6.766,2.504],"uv_size":[0.984,0.246]},"east":{"uv":[6.766,2.004],"uv_size":[0.984,0.246]},"west":{"uv":[6.766,3.004],"uv_size":[0.984,0.246]},"up":{"uv":[6.016,4.016],"uv_size":[0.984,0.984]},"down":{"uv":[4.516,6.984],"uv_size":[0.984,-0.984]}}}],"name":"rot_2"},{"parent":"geyser_custom_z","pivot":[3,2.75,-3],"rotation":[0,-45,0],"cubes":[{"origin":[0.5,0,-5.5],"size":[5,5,0],"pivot":[3,2.75,-3],"uv":{"north":{"uv":[2.266,0.016],"uv_size":[1.234,1.234]},"south":{"uv":[3.484,0.016],"uv_size":[-1.234,1.234]},"east":{"uv":[2.5,7.266],"uv_size":[0,1.234]},"west":{"uv":[2.75,7.266],"uv_size":[0,1.234]},"up":{"uv":[3.016,7.25],"uv_size":[1.234,0]},"down":{"uv":[7.266,4],"uv_size":[1.234,0]}}},{"origin":[0.5,0,-5.5],"size":[5,0,5],"pivot":[3,2.75,-3],"uv":{"north":{"uv":[7.266,4.25],"uv_size":[1.234,0]},"south":{"uv":[7.266,4.75],"uv_size":[1.234,0]},"east":{"uv":[7.266,4.5],"uv_size":[1.234,0]},"west":{"uv":[7.266,5],"uv_size":[1.234,0]},"up":{"uv":[2.266,3.016],"uv_size":[1.234,1.234]},"down":{"uv":[2.266,4.234],"uv_size":[1.234,-1.234]}}},{"origin":[0.5,0,-0.5],"size":[5,5,0],"pivot":[3,2.75,-3],"uv":{"north":{"uv":[4.984,1.516],"uv_size":[-1.234,1.234]},"south":{"uv":[3.766,1.516],"uv_size":[1.234,1.234]},"east":{"uv":[4.5,7.266],"uv_size":[0,1.234]},"west":{"uv":[4.75,7.266],"uv_size":[0,1.234]},"up":{"uv":[7.266,5.25],"uv_size":[1.234,0]},"down":{"uv":[7.266,5.5],"uv_size":[1.234,0]}}},{"origin":[0.5,0,-5.5],"size":[0,5,5],"pivot":[3,2.75,-3],"uv":{"north":{"uv":[5,7.266],"uv_size":[0,1.234]},"south":{"uv":[5.25,7.266],"uv_size":[0,1.234]},"east":{"uv":[3.766,3.016],"uv_size":[1.234,1.234]},"west":{"uv":[4.984,3.016],"uv_size":[-1.234,1.234]},"up":{"uv":[5.5,7.266],"uv_size":[0,1.234]},"down":{"uv":[3,8.734],"uv_size":[0,-1.234]}}},{"origin":[5.5,0,-5.5],"size":[0,5,5],"pivot":[3,2.75,-3],"uv":{"north":{"uv":[3.25,7.516],"uv_size":[0,1.234]},"south":{"uv":[3.5,7.516],"uv_size":[0,1.234]},"east":{"uv":[5.734,4.516],"uv_size":[-1.234,1.234]},"west":{"uv":[4.516,4.516],"uv_size":[1.234,1.234]},"up":{"uv":[3.75,7.516],"uv_size":[0,1.234]},"down":{"uv":[4,8.734],"uv_size":[0,-1.234]}}}],"name":"rot_3"},{"parent":"geyser_custom_z","pivot":[3,2.775,-3],"rotation":[0,-45,0],"cubes":[{"origin":[0.525,0.025,-5.475],"size":[4.95,4,4.95],"pivot":[3,2.775,-3],"uv":{"north":{"uv":[5.266,1.516],"uv_size":[1.234,0.984]},"south":{"uv":[1.516,6.016],"uv_size":[1.234,0.984]},"east":{"uv":[5.266,2.766],"uv_size":[1.234,0.984]},"west":{"uv":[3.016,6.016],"uv_size":[1.234,0.984]},"up":{"uv":[0.016,5.016],"uv_size":[1.234,1.234]},"down":{"uv":[5.266,1.234],"uv_size":[1.234,-1.234]}}}],"name":"rot_4"}]}]}
