{"format_version":"1.16.0","minecraft:geometry":[{"description":{"identifier":"geometry.geyser_custom.geo_a62f5b8","texture_width":16,"texture_height":16,"visible_bounds_width":4,"visible_bounds_height":4.5,"visible_bounds_offset":[0,0.75,0]},"bones":[{"name":"geyser_custom","binding":"c.item_slot == 'head' ? 'head' : q.item_slot_to_bone_name(c.item_slot)","pivot":[0,8,0]},{"name":"geyser_custom_x","parent":"geyser_custom","pivot":[0,8,0]},{"name":"geyser_custom_y","parent":"geyser_custom_x","pivot":[0,8,0]},{"name":"geyser_custom_z","parent":"geyser_custom_y","pivot":[0,8,0],"cubes":[]},{"parent":"geyser_custom_z","pivot":[1.5,3.0833,3.3],"rotation":[0,22.5,0],"cubes":[{"origin":[0.22,2.1633,2.22],"size":[2.56,1.14,2.56],"pivot":[1.5,3.0833,3.3],"uv":{"north":{"uv":[6.3493,9.516],"uv_size":[0.984,0.984]},"south":{"uv":[8.3493,9.516],"uv_size":[0.984,0.984]},"east":{"uv":[5.3493,9.516],"uv_size":[0.984,0.984]},"west":{"uv":[7.3493,9.516],"uv_size":[0.984,0.984]},"up":{"uv":[6.3493,8.016],"uv_size":[0.984,1.484]},"down":{"uv":[7.3493,9.484],"uv_size":[0.984,-1.484]}}},{"origin":[0.5,0.5,2.5],"size":[2,1,2],"pivot":[1.5,3.0833,3.3],"uv":{"north":{"uv":[0.516,8.016],"uv_size":[2.7173,2.084]},"south":{"uv":[0.516,8.016],"uv_size":[2.7173,2.084]},"east":{"uv":[0.516,8.016],"uv_size":[2.7173,2.084]},"west":{"uv":[0.516,8.016],"uv_size":[2.7173,2.084]},"up":{"uv":[3.2173,10.084],"uv_size":[-2.7173,-2.084]},"down":{"uv":[3.2173,10.084],"uv_size":[-2.7173,-2.084]}}},{"origin":[0.4,1.5,2.4],"size":[2.2,0.7,2.2],"pivot":[1.5,3.0833,3.3],"uv":{"north":{"uv":[0.516,8.016],"uv_size":[2.7173,2.084]},"south":{"uv":[0.516,8.016],"uv_size":[2.7173,2.084]},"east":{"uv":[0.516,8.016],"uv_size":[2.7173,2.084]},"west":{"uv":[0.516,8.016],"uv_size":[2.7173,2.084]},"up":{"uv":[3.2173,10.084],"uv_size":[-2.7173,-2.084]},"down":{"uv":[3.2173,10.084],"uv_size":[-2.7173,-2.084]}}},{"origin":[0.68,3.3033,2.68],"size":[1.64,0.62,1.64],"pivot":[1.5,3.0833,3.3],"uv":{"north":{"uv":[6.0107,11.508],"uv_size":[0.656,0.492]},"south":{"uv":[7.344,11.508],"uv_size":[0.656,0.492]},"east":{"uv":[5.344,11.508],"uv_size":[0.656,0.492]},"west":{"uv":[6.6773,11.508],"uv_size":[0.656,0.492]},"up":{"uv":[6.0107,10.516],"uv_size":[0.656,0.984]},"down":{"uv":[6.6773,11.484],"uv_size":[0.656,-0.984]}}},{"origin":[1.14,3.9233,3.14],"size":[0.72,0.46,0.72],"pivot":[1.5,3.0833,3.3],"uv":{"north":{"uv":[8.3387,11.004],"uv_size":[0.328,0.246]},"south":{"uv":[9.0053,11.004],"uv_size":[0.328,0.246]},"east":{"uv":[8.0053,11.004],"uv_size":[0.328,0.246]},"west":{"uv":[8.672,11.004],"uv_size":[0.328,0.246]},"up":{"uv":[8.3387,10.508],"uv_size":[0.328,0.492]},"down":{"uv":[8.672,10.992],"uv_size":[0.328,-0.492]}}}],"name":"rot_1"},{"parent":"geyser_custom_z","pivot":[0,0.3755,0],"rotation":[0,22.5,0],"cubes":[{"origin":[-2.9318,0.4539,-7.078],"size":[5.8636,0.2842,1.7695],"pivot":[0,0.3755,0],"uv":{"north":{"uv":[12.3387,0.508],"uv_size":[0.328,0.492]},"south":{"uv":[12.3387,0.508],"uv_size":[0.328,0.492]},"east":{"uv":[12.3387,0.508],"uv_size":[0.328,0.492]},"west":{"uv":[12.3387,0.508],"uv_size":[0.328,0.492]},"up":{"uv":[12.6613,0.992],"uv_size":[-0.328,-0.492]},"down":{"uv":[12.6613,0.992],"uv_size":[-0.328,-0.492]}}},{"origin":[-2.9318,0.4539,5.3085],"size":[5.8636,0.2842,1.7695],"pivot":[0,0.3755,0],"uv":{"north":{"uv":[12.3387,0.508],"uv_size":[0.328,0.492]},"south":{"uv":[12.3387,0.508],"uv_size":[0.328,0.492]},"east":{"uv":[12.3387,0.508],"uv_size":[0.328,0.492]},"west":{"uv":[12.3387,0.508],"uv_size":[0.328,0.492]},"up":{"uv":[12.6613,0.992],"uv_size":[-0.328,-0.492]},"down":{"uv":[12.6613,0.992],"uv_size":[-0.328,-0.492]}}},{"origin":[5.3085,0.4539,-2.9318],"size":[1.7695,0.2842,5.8636],"pivot":[0,0.3755,0],"uv":{"north":{"uv":[12.3387,0.508],"uv_size":[0.328,0.492]},"south":{"uv":[12.3387,0.508],"uv_size":[0.328,0.492]},"east":{"uv":[12.3387,0.508],"uv_size":[0.328,0.492]},"west":{"uv":[12.3387,0.508],"uv_size":[0.328,0.492]},"up":{"uv":[12.6613,0.992],"uv_size":[-0.328,-0.492]},"down":{"uv":[12.6613,0.992],"uv_size":[-0.328,-0.492]}}},{"origin":[-7.078,0.4539,-2.9318],"size":[1.7695,0.2842,5.8636],"pivot":[0,0.3755,0],"uv":{"north":{"uv":[12.3387,0.508],"uv_size":[0.328,0.492]},"south":{"uv":[12.3387,0.508],"uv_size":[0.328,0.492]},"east":{"uv":[12.3387,0.508],"uv_size":[0.328,0.492]},"west":{"uv":[12.3387,0.508],"uv_size":[0.328,0.492]},"up":{"uv":[12.6613,0.992],"uv_size":[-0.328,-0.492]},"down":{"uv":[12.6613,0.992],"uv_size":[-0.328,-0.492]}}}],"name":"rot_2"},{"parent":"geyser_custom_z","pivot":[0,0.4,0],"rotation":[0,22.5,0],"cubes":[{"origin":[-2.3092,0.06,-5.5749],"size":[4.6184,0.43,11.1498],"pivot":[0,0.4,0],"uv":{"north":{"uv":[13.0053,0.008],"uv_size":[0.328,0.492]},"south":{"uv":[13.0053,0.008],"uv_size":[0.328,0.492]},"east":{"uv":[13.0053,0.008],"uv_size":[0.328,0.492]},"west":{"uv":[13.0053,0.008],"uv_size":[0.328,0.492]},"up":{"uv":[13.328,0.492],"uv_size":[-0.328,-0.492]},"down":{"uv":[13.328,0.492],"uv_size":[-0.328,-0.492]}}},{"origin":[-5.5749,0.06,-2.3092],"size":[11.1498,0.43,4.6184],"pivot":[0,0.4,0],"uv":{"north":{"uv":[13.0053,0.008],"uv_size":[0.328,0.492]},"south":{"uv":[13.0053,0.008],"uv_size":[0.328,0.492]},"east":{"uv":[13.0053,0.008],"uv_size":[0.328,0.492]},"west":{"uv":[13.0053,0.008],"uv_size":[0.328,0.492]},"up":{"uv":[13.328,0.492],"uv_size":[-0.328,-0.492]},"down":{"uv":[13.328,0.492],"uv_size":[-0.328,-0.492]}}}],"name":"rot_3"},{"parent":"geyser_custom_z","pivot":[0,2.0833,-4.2],"rotation":[0,-0,0],"cubes":[{"origin":[-0.36,3.9233,-4.36],"size":[0.72,0.46,0.72],"pivot":[0,2.0833,-4.2],"uv":{"north":{"uv":[3.0053,3.004],"uv_size":[0.328,0.246]},"south":{"uv":[3.672,3.004],"uv_size":[0.328,0.246]},"east":{"uv":[2.672,3.004],"uv_size":[0.328,0.246]},"west":{"uv":[3.3387,3.004],"uv_size":[0.328,0.246]},"up":{"uv":[3.0053,2.508],"uv_size":[0.328,0.492]},"down":{"uv":[3.3387,2.992],"uv_size":[0.328,-0.492]}}}],"name":"rot_4"},{"parent":"geyser_custom_z","pivot":[0,2.3833,-4.2],"rotation":[0,-0,0],"cubes":[{"origin":[-0.82,3.3033,-4.82],"size":[1.64,0.62,1.64],"pivot":[0,2.3833,-4.2],"uv":{"north":{"uv":[0.6773,3.508],"uv_size":[0.656,0.492]},"south":{"uv":[2.0107,3.508],"uv_size":[0.656,0.492]},"east":{"uv":[0.0107,3.508],"uv_size":[0.656,0.492]},"west":{"uv":[1.344,3.508],"uv_size":[0.656,0.492]},"up":{"uv":[0.6773,2.516],"uv_size":[0.656,0.984]},"down":{"uv":[1.344,3.484],"uv_size":[0.656,-0.984]}}}],"name":"rot_5"},{"parent":"geyser_custom_z","pivot":[0,3.0833,-4.2],"rotation":[0,-0,0],"cubes":[{"origin":[-1.28,2.1633,-5.28],"size":[2.56,1.14,2.56],"pivot":[0,3.0833,-4.2],"uv":{"north":{"uv":[1.016,1.516],"uv_size":[0.984,0.984]},"south":{"uv":[3.016,1.516],"uv_size":[0.984,0.984]},"east":{"uv":[0.016,1.516],"uv_size":[0.984,0.984]},"west":{"uv":[2.016,1.516],"uv_size":[0.984,0.984]},"up":{"uv":[1.016,0.016],"uv_size":[0.984,1.484]},"down":{"uv":[2.016,1.484],"uv_size":[0.984,-1.484]}}}],"name":"rot_6"},{"parent":"geyser_custom_z","pivot":[-2.9,3.0833,-2.4],"rotation":[0,-0,0],"cubes":[{"origin":[-4.18,2.1633,-3.88],"size":[2.56,1.14,2.56],"pivot":[-2.9,3.0833,-2.4],"uv":{"north":{"uv":[8.3493,1.516],"uv_size":[0.984,0.984]},"south":{"uv":[6.3493,1.516],"uv_size":[0.984,0.984]},"east":{"uv":[7.3493,1.516],"uv_size":[0.984,0.984]},"west":{"uv":[5.3493,1.516],"uv_size":[0.984,0.984]},"up":{"uv":[6.3493,0.016],"uv_size":[0.984,1.484]},"down":{"uv":[7.3493,1.484],"uv_size":[0.984,-1.484]}}},{"origin":[-3.9,0.5,-3.6],"size":[2,1,2],"pivot":[-2.9,3.0833,-2.4],"uv":{"north":{"uv":[0.516,8.016],"uv_size":[2.7173,2.084]},"south":{"uv":[0.516,8.016],"uv_size":[2.7173,2.084]},"east":{"uv":[0.516,8.016],"uv_size":[2.7173,2.084]},"west":{"uv":[0.516,8.016],"uv_size":[2.7173,2.084]},"up":{"uv":[3.2173,10.084],"uv_size":[-2.7173,-2.084]},"down":{"uv":[3.2173,10.084],"uv_size":[-2.7173,-2.084]}}},{"origin":[-4,1.5,-3.7],"size":[2.2,0.7,2.2],"pivot":[-2.9,3.0833,-2.4],"uv":{"north":{"uv":[0.516,8.016],"uv_size":[2.7173,2.084]},"south":{"uv":[0.516,8.016],"uv_size":[2.7173,2.084]},"east":{"uv":[0.516,8.016],"uv_size":[2.7173,2.084]},"west":{"uv":[0.516,8.016],"uv_size":[2.7173,2.084]},"up":{"uv":[3.2173,10.084],"uv_size":[-2.7173,-2.084]},"down":{"uv":[3.2173,10.084],"uv_size":[-2.7173,-2.084]}}},{"origin":[-3.72,3.3033,-3.42],"size":[1.64,0.62,1.64],"pivot":[-2.9,3.0833,-2.4],"uv":{"north":{"uv":[7.344,3.508],"uv_size":[0.656,0.492]},"south":{"uv":[6.0107,3.508],"uv_size":[0.656,0.492]},"east":{"uv":[6.6773,3.508],"uv_size":[0.656,0.492]},"west":{"uv":[5.344,3.508],"uv_size":[0.656,0.492]},"up":{"uv":[6.0107,2.516],"uv_size":[0.656,0.984]},"down":{"uv":[6.6773,3.484],"uv_size":[0.656,-0.984]}}},{"origin":[-3.26,3.9233,-2.96],"size":[0.72,0.46,0.72],"pivot":[-2.9,3.0833,-2.4],"uv":{"north":{"uv":[9.0053,3.004],"uv_size":[0.328,0.246]},"south":{"uv":[8.3387,3.004],"uv_size":[0.328,0.246]},"east":{"uv":[8.672,3.004],"uv_size":[0.328,0.246]},"west":{"uv":[8.0053,3.004],"uv_size":[0.328,0.246]},"up":{"uv":[8.3387,2.508],"uv_size":[0.328,0.492]},"down":{"uv":[8.672,2.992],"uv_size":[0.328,-0.492]}}}],"name":"rot_7"},{"parent":"geyser_custom_z","pivot":[-7,8.5,3],"rotation":[0,-0,0],"cubes":[{"origin":[-1,0.5,-5],"size":[2,1,2],"pivot":[-7,8.5,3],"uv":{"north":{"uv":[0.516,8.016],"uv_size":[2.7173,2.084]},"south":{"uv":[0.516,8.016],"uv_size":[2.7173,2.084]},"east":{"uv":[0.516,8.016],"uv_size":[2.7173,2.084]},"west":{"uv":[0.516,8.016],"uv_size":[2.7173,2.084]},"up":{"uv":[3.2173,10.084],"uv_size":[-2.7173,-2.084]},"down":{"uv":[3.2173,10.084],"uv_size":[-2.7173,-2.084]}}}],"name":"rot_8"},{"parent":"geyser_custom_z","pivot":[-7,9.5,3],"rotation":[0,-0,0],"cubes":[{"origin":[-1.1,1.5,-5.1],"size":[2.2,0.7,2.2],"pivot":[-7,9.5,3],"uv":{"north":{"uv":[0.516,8.016],"uv_size":[2.7173,2.084]},"south":{"uv":[0.516,8.016],"uv_size":[2.7173,2.084]},"east":{"uv":[0.516,8.016],"uv_size":[2.7173,2.084]},"west":{"uv":[0.516,8.016],"uv_size":[2.7173,2.084]},"up":{"uv":[3.2173,10.084],"uv_size":[-2.7173,-2.084]},"down":{"uv":[3.2173,10.084],"uv_size":[-2.7173,-2.084]}}}],"name":"rot_9"},{"parent":"geyser_custom_z","pivot":[3.2,3.0833,-2.6],"rotation":[0,-22.5,0],"cubes":[{"origin":[1.92,2.1633,-3.68],"size":[2.56,1.14,2.56],"pivot":[3.2,3.0833,-2.6],"uv":{"north":{"uv":[6.3493,9.516],"uv_size":[0.984,0.984]},"south":{"uv":[8.3493,9.516],"uv_size":[0.984,0.984]},"east":{"uv":[5.3493,9.516],"uv_size":[0.984,0.984]},"west":{"uv":[7.3493,9.516],"uv_size":[0.984,0.984]},"up":{"uv":[6.3493,8.016],"uv_size":[0.984,1.484]},"down":{"uv":[7.3493,9.484],"uv_size":[0.984,-1.484]}}},{"origin":[2.2,0.5,-3.4],"size":[2,1,2],"pivot":[3.2,3.0833,-2.6],"uv":{"north":{"uv":[0.516,8.016],"uv_size":[2.7173,2.084]},"south":{"uv":[0.516,8.016],"uv_size":[2.7173,2.084]},"east":{"uv":[0.516,8.016],"uv_size":[2.7173,2.084]},"west":{"uv":[0.516,8.016],"uv_size":[2.7173,2.084]},"up":{"uv":[3.2173,10.084],"uv_size":[-2.7173,-2.084]},"down":{"uv":[3.2173,10.084],"uv_size":[-2.7173,-2.084]}}},{"origin":[2.1,1.5,-3.5],"size":[2.2,0.7,2.2],"pivot":[3.2,3.0833,-2.6],"uv":{"north":{"uv":[0.516,8.016],"uv_size":[2.7173,2.084]},"south":{"uv":[0.516,8.016],"uv_size":[2.7173,2.084]},"east":{"uv":[0.516,8.016],"uv_size":[2.7173,2.084]},"west":{"uv":[0.516,8.016],"uv_size":[2.7173,2.084]},"up":{"uv":[3.2173,10.084],"uv_size":[-2.7173,-2.084]},"down":{"uv":[3.2173,10.084],"uv_size":[-2.7173,-2.084]}}},{"origin":[2.38,3.3033,-3.22],"size":[1.64,0.62,1.64],"pivot":[3.2,3.0833,-2.6],"uv":{"north":{"uv":[6.0107,11.508],"uv_size":[0.656,0.492]},"south":{"uv":[7.344,11.508],"uv_size":[0.656,0.492]},"east":{"uv":[5.344,11.508],"uv_size":[0.656,0.492]},"west":{"uv":[6.6773,11.508],"uv_size":[0.656,0.492]},"up":{"uv":[6.0107,10.516],"uv_size":[0.656,0.984]},"down":{"uv":[6.6773,11.484],"uv_size":[0.656,-0.984]}}},{"origin":[2.84,3.9233,-2.76],"size":[0.72,0.46,0.72],"pivot":[3.2,3.0833,-2.6],"uv":{"north":{"uv":[8.3387,11.004],"uv_size":[0.328,0.246]},"south":{"uv":[9.0053,11.004],"uv_size":[0.328,0.246]},"east":{"uv":[8.0053,11.004],"uv_size":[0.328,0.246]},"west":{"uv":[8.672,11.004],"uv_size":[0.328,0.246]},"up":{"uv":[8.3387,10.508],"uv_size":[0.328,0.492]},"down":{"uv":[8.672,10.992],"uv_size":[0.328,-0.492]}}}],"name":"rot_10"},{"parent":"geyser_custom_z","pivot":[0,0.3755,0],"rotation":[0,-22.5,0],"cubes":[{"origin":[-2.9318,0.4539,-7.078],"size":[5.8636,0.2842,1.7695],"pivot":[0,0.3755,0],"uv":{"north":{"uv":[12.3387,0.508],"uv_size":[0.328,0.492]},"south":{"uv":[12.3387,0.508],"uv_size":[0.328,0.492]},"east":{"uv":[12.3387,0.508],"uv_size":[0.328,0.492]},"west":{"uv":[12.3387,0.508],"uv_size":[0.328,0.492]},"up":{"uv":[12.6613,0.992],"uv_size":[-0.328,-0.492]},"down":{"uv":[12.6613,0.992],"uv_size":[-0.328,-0.492]}}},{"origin":[-2.9318,0.4539,5.3085],"size":[5.8636,0.2842,1.7695],"pivot":[0,0.3755,0],"uv":{"north":{"uv":[12.3387,0.508],"uv_size":[0.328,0.492]},"south":{"uv":[12.3387,0.508],"uv_size":[0.328,0.492]},"east":{"uv":[12.3387,0.508],"uv_size":[0.328,0.492]},"west":{"uv":[12.3387,0.508],"uv_size":[0.328,0.492]},"up":{"uv":[12.6613,0.992],"uv_size":[-0.328,-0.492]},"down":{"uv":[12.6613,0.992],"uv_size":[-0.328,-0.492]}}},{"origin":[5.3085,0.4539,-2.9318],"size":[1.7695,0.2842,5.8636],"pivot":[0,0.3755,0],"uv":{"north":{"uv":[12.3387,0.508],"uv_size":[0.328,0.492]},"south":{"uv":[12.3387,0.508],"uv_size":[0.328,0.492]},"east":{"uv":[12.3387,0.508],"uv_size":[0.328,0.492]},"west":{"uv":[12.3387,0.508],"uv_size":[0.328,0.492]},"up":{"uv":[12.6613,0.992],"uv_size":[-0.328,-0.492]},"down":{"uv":[12.6613,0.992],"uv_size":[-0.328,-0.492]}}},{"origin":[-7.078,0.4539,-2.9318],"size":[1.7695,0.2842,5.8636],"pivot":[0,0.3755,0],"uv":{"north":{"uv":[12.3387,0.508],"uv_size":[0.328,0.492]},"south":{"uv":[12.3387,0.508],"uv_size":[0.328,0.492]},"east":{"uv":[12.3387,0.508],"uv_size":[0.328,0.492]},"west":{"uv":[12.3387,0.508],"uv_size":[0.328,0.492]},"up":{"uv":[12.6613,0.992],"uv_size":[-0.328,-0.492]},"down":{"uv":[12.6613,0.992],"uv_size":[-0.328,-0.492]}}}],"name":"rot_11"},{"parent":"geyser_custom_z","pivot":[0,0.4,0],"rotation":[0,-22.5,0],"cubes":[{"origin":[-2.3092,0.06,-5.5749],"size":[4.6184,0.43,11.1498],"pivot":[0,0.4,0],"uv":{"north":{"uv":[13.0053,0.008],"uv_size":[0.328,0.492]},"south":{"uv":[13.0053,0.008],"uv_size":[0.328,0.492]},"east":{"uv":[13.0053,0.008],"uv_size":[0.328,0.492]},"west":{"uv":[13.0053,0.008],"uv_size":[0.328,0.492]},"up":{"uv":[13.328,0.492],"uv_size":[-0.328,-0.492]},"down":{"uv":[13.328,0.492],"uv_size":[-0.328,-0.492]}}},{"origin":[-5.5749,0.06,-2.3092],"size":[11.1498,0.43,4.6184],"pivot":[0,0.4,0],"uv":{"north":{"uv":[13.0053,0.008],"uv_size":[0.328,0.492]},"south":{"uv":[13.0053,0.008],"uv_size":[0.328,0.492]},"east":{"uv":[13.0053,0.008],"uv_size":[0.328,0.492]},"west":{"uv":[13.0053,0.008],"uv_size":[0.328,0.492]},"up":{"uv":[13.328,0.492],"uv_size":[-0.328,-0.492]},"down":{"uv":[13.328,0.492],"uv_size":[-0.328,-0.492]}}}],"name":"rot_12"},{"parent":"geyser_custom_z","pivot":[-3.7,3.0833,0.6],"rotation":[0,-22.5,0],"cubes":[{"origin":[-4.98,2.1633,-0.48],"size":[2.56,1.14,2.56],"pivot":[-3.7,3.0833,0.6],"uv":{"north":{"uv":[6.3493,9.516],"uv_size":[0.984,0.984]},"south":{"uv":[8.3493,9.516],"uv_size":[0.984,0.984]},"east":{"uv":[5.3493,9.516],"uv_size":[0.984,0.984]},"west":{"uv":[7.3493,9.516],"uv_size":[0.984,0.984]},"up":{"uv":[6.3493,8.016],"uv_size":[0.984,1.484]},"down":{"uv":[7.3493,9.484],"uv_size":[0.984,-1.484]}}},{"origin":[-4.7,0.5,-0.2],"size":[2,1,2],"pivot":[-3.7,3.0833,0.6],"uv":{"north":{"uv":[0.516,8.016],"uv_size":[2.7173,2.084]},"south":{"uv":[0.516,8.016],"uv_size":[2.7173,2.084]},"east":{"uv":[0.516,8.016],"uv_size":[2.7173,2.084]},"west":{"uv":[0.516,8.016],"uv_size":[2.7173,2.084]},"up":{"uv":[3.2173,10.084],"uv_size":[-2.7173,-2.084]},"down":{"uv":[3.2173,10.084],"uv_size":[-2.7173,-2.084]}}},{"origin":[-4.8,1.5,-0.3],"size":[2.2,0.7,2.2],"pivot":[-3.7,3.0833,0.6],"uv":{"north":{"uv":[0.516,8.016],"uv_size":[2.7173,2.084]},"south":{"uv":[0.516,8.016],"uv_size":[2.7173,2.084]},"east":{"uv":[0.516,8.016],"uv_size":[2.7173,2.084]},"west":{"uv":[0.516,8.016],"uv_size":[2.7173,2.084]},"up":{"uv":[3.2173,10.084],"uv_size":[-2.7173,-2.084]},"down":{"uv":[3.2173,10.084],"uv_size":[-2.7173,-2.084]}}},{"origin":[-4.52,3.3033,-0.02],"size":[1.64,0.62,1.64],"pivot":[-3.7,3.0833,0.6],"uv":{"north":{"uv":[6.0107,11.508],"uv_size":[0.656,0.492]},"south":{"uv":[7.344,11.508],"uv_size":[0.656,0.492]},"east":{"uv":[5.344,11.508],"uv_size":[0.656,0.492]},"west":{"uv":[6.6773,11.508],"uv_size":[0.656,0.492]},"up":{"uv":[6.0107,10.516],"uv_size":[0.656,0.984]},"down":{"uv":[6.6773,11.484],"uv_size":[0.656,-0.984]}}},{"origin":[-4.06,3.9233,0.44],"size":[0.72,0.46,0.72],"pivot":[-3.7,3.0833,0.6],"uv":{"north":{"uv":[8.3387,11.004],"uv_size":[0.328,0.246]},"south":{"uv":[9.0053,11.004],"uv_size":[0.328,0.246]},"east":{"uv":[8.0053,11.004],"uv_size":[0.328,0.246]},"west":{"uv":[8.672,11.004],"uv_size":[0.328,0.246]},"up":{"uv":[8.3387,10.508],"uv_size":[0.328,0.492]},"down":{"uv":[8.672,10.992],"uv_size":[0.328,-0.492]}}}],"name":"rot_13"},{"parent":"geyser_custom_z","pivot":[3.8,2.67,1.1],"rotation":[0,-45,0],"cubes":[{"origin":[2.52,2.1633,-0.18],"size":[2.56,1.14,2.56],"pivot":[3.8,2.67,1.1],"uv":{"north":{"uv":[8.3493,1.516],"uv_size":[0.984,0.984]},"south":{"uv":[6.3493,1.516],"uv_size":[0.984,0.984]},"east":{"uv":[7.3493,1.516],"uv_size":[0.984,0.984]},"west":{"uv":[5.3493,1.516],"uv_size":[0.984,0.984]},"up":{"uv":[6.3493,0.016],"uv_size":[0.984,1.484]},"down":{"uv":[7.3493,1.484],"uv_size":[0.984,-1.484]}}},{"origin":[2.8,0.5,0.1],"size":[2,1,2],"pivot":[3.8,2.67,1.1],"uv":{"north":{"uv":[0.516,8.016],"uv_size":[2.7173,2.084]},"south":{"uv":[0.516,8.016],"uv_size":[2.7173,2.084]},"east":{"uv":[0.516,8.016],"uv_size":[2.7173,2.084]},"west":{"uv":[0.516,8.016],"uv_size":[2.7173,2.084]},"up":{"uv":[3.2173,10.084],"uv_size":[-2.7173,-2.084]},"down":{"uv":[3.2173,10.084],"uv_size":[-2.7173,-2.084]}}},{"origin":[2.7,1.5,0],"size":[2.2,0.7,2.2],"pivot":[3.8,2.67,1.1],"uv":{"north":{"uv":[0.516,8.016],"uv_size":[2.7173,2.084]},"south":{"uv":[0.516,8.016],"uv_size":[2.7173,2.084]},"east":{"uv":[0.516,8.016],"uv_size":[2.7173,2.084]},"west":{"uv":[0.516,8.016],"uv_size":[2.7173,2.084]},"up":{"uv":[3.2173,10.084],"uv_size":[-2.7173,-2.084]},"down":{"uv":[3.2173,10.084],"uv_size":[-2.7173,-2.084]}}},{"origin":[2.98,3.3033,0.28],"size":[1.64,0.62,1.64],"pivot":[3.8,2.67,1.1],"uv":{"north":{"uv":[7.344,3.508],"uv_size":[0.656,0.492]},"south":{"uv":[6.0107,3.508],"uv_size":[0.656,0.492]},"east":{"uv":[6.6773,3.508],"uv_size":[0.656,0.492]},"west":{"uv":[5.344,3.508],"uv_size":[0.656,0.492]},"up":{"uv":[6.0107,2.516],"uv_size":[0.656,0.984]},"down":{"uv":[6.6773,3.484],"uv_size":[0.656,-0.984]}}},{"origin":[3.44,3.9233,0.74],"size":[0.72,0.46,0.72],"pivot":[3.8,2.67,1.1],"uv":{"north":{"uv":[9.0053,3.004],"uv_size":[0.328,0.246]},"south":{"uv":[8.3387,3.004],"uv_size":[0.328,0.246]},"east":{"uv":[8.672,3.004],"uv_size":[0.328,0.246]},"west":{"uv":[8.0053,3.004],"uv_size":[0.328,0.246]},"up":{"uv":[8.3387,2.508],"uv_size":[0.328,0.492]},"down":{"uv":[8.672,2.992],"uv_size":[0.328,-0.492]}}}],"name":"rot_14"},{"parent":"geyser_custom_z","pivot":[0.2,2.67,0.1],"rotation":[0,-45,0],"cubes":[{"origin":[-1.08,2.1633,-1.18],"size":[2.56,1.14,2.56],"pivot":[0.2,2.67,0.1],"uv":{"north":{"uv":[1.016,1.516],"uv_size":[0.984,0.984]},"south":{"uv":[3.016,1.516],"uv_size":[0.984,0.984]},"east":{"uv":[0.016,1.516],"uv_size":[0.984,0.984]},"west":{"uv":[2.016,1.516],"uv_size":[0.984,0.984]},"up":{"uv":[1.016,0.016],"uv_size":[0.984,1.484]},"down":{"uv":[2.016,1.484],"uv_size":[0.984,-1.484]}}},{"origin":[-0.8,0.5,-0.9],"size":[2,1,2],"pivot":[0.2,2.67,0.1],"uv":{"north":{"uv":[0.516,8.016],"uv_size":[2.7173,2.084]},"south":{"uv":[0.516,8.016],"uv_size":[2.7173,2.084]},"east":{"uv":[0.516,8.016],"uv_size":[2.7173,2.084]},"west":{"uv":[0.516,8.016],"uv_size":[2.7173,2.084]},"up":{"uv":[3.2173,10.084],"uv_size":[-2.7173,-2.084]},"down":{"uv":[3.2173,10.084],"uv_size":[-2.7173,-2.084]}}},{"origin":[-0.9,1.5,-1],"size":[2.2,0.7,2.2],"pivot":[0.2,2.67,0.1],"uv":{"north":{"uv":[0.516,8.016],"uv_size":[2.7173,2.084]},"south":{"uv":[0.516,8.016],"uv_size":[2.7173,2.084]},"east":{"uv":[0.516,8.016],"uv_size":[2.7173,2.084]},"west":{"uv":[0.516,8.016],"uv_size":[2.7173,2.084]},"up":{"uv":[3.2173,10.084],"uv_size":[-2.7173,-2.084]},"down":{"uv":[3.2173,10.084],"uv_size":[-2.7173,-2.084]}}},{"origin":[-0.62,3.3033,-0.72],"size":[1.64,0.62,1.64],"pivot":[0.2,2.67,0.1],"uv":{"north":{"uv":[0.6773,3.508],"uv_size":[0.656,0.492]},"south":{"uv":[2.0107,3.508],"uv_size":[0.656,0.492]},"east":{"uv":[0.0107,3.508],"uv_size":[0.656,0.492]},"west":{"uv":[1.344,3.508],"uv_size":[0.656,0.492]},"up":{"uv":[0.6773,2.516],"uv_size":[0.656,0.984]},"down":{"uv":[1.344,3.484],"uv_size":[0.656,-0.984]}}},{"origin":[-0.16,3.9233,-0.26],"size":[0.72,0.46,0.72],"pivot":[0.2,2.67,0.1],"uv":{"north":{"uv":[3.0053,3.004],"uv_size":[0.328,0.246]},"south":{"uv":[3.672,3.004],"uv_size":[0.328,0.246]},"east":{"uv":[2.672,3.004],"uv_size":[0.328,0.246]},"west":{"uv":[3.3387,3.004],"uv_size":[0.328,0.246]},"up":{"uv":[3.0053,2.508],"uv_size":[0.328,0.492]},"down":{"uv":[3.3387,2.992],"uv_size":[0.328,-0.492]}}}],"name":"rot_15"},{"parent":"geyser_custom_z","pivot":[-2,3.0833,3.4],"rotation":[0,-45,0],"cubes":[{"origin":[-3.28,2.1633,1.92],"size":[2.56,1.14,2.56],"pivot":[-2,3.0833,3.4],"uv":{"north":{"uv":[8.3493,1.516],"uv_size":[0.984,0.984]},"south":{"uv":[6.3493,1.516],"uv_size":[0.984,0.984]},"east":{"uv":[7.3493,1.516],"uv_size":[0.984,0.984]},"west":{"uv":[5.3493,1.516],"uv_size":[0.984,0.984]},"up":{"uv":[6.3493,0.016],"uv_size":[0.984,1.484]},"down":{"uv":[7.3493,1.484],"uv_size":[0.984,-1.484]}}},{"origin":[-3,0.5,2.2],"size":[2,1,2],"pivot":[-2,3.0833,3.4],"uv":{"north":{"uv":[0.516,8.016],"uv_size":[2.7173,2.084]},"south":{"uv":[0.516,8.016],"uv_size":[2.7173,2.084]},"east":{"uv":[0.516,8.016],"uv_size":[2.7173,2.084]},"west":{"uv":[0.516,8.016],"uv_size":[2.7173,2.084]},"up":{"uv":[3.2173,10.084],"uv_size":[-2.7173,-2.084]},"down":{"uv":[3.2173,10.084],"uv_size":[-2.7173,-2.084]}}},{"origin":[-3.1,1.5,2.1],"size":[2.2,0.7,2.2],"pivot":[-2,3.0833,3.4],"uv":{"north":{"uv":[0.516,8.016],"uv_size":[2.7173,2.084]},"south":{"uv":[0.516,8.016],"uv_size":[2.7173,2.084]},"east":{"uv":[0.516,8.016],"uv_size":[2.7173,2.084]},"west":{"uv":[0.516,8.016],"uv_size":[2.7173,2.084]},"up":{"uv":[3.2173,10.084],"uv_size":[-2.7173,-2.084]},"down":{"uv":[3.2173,10.084],"uv_size":[-2.7173,-2.084]}}},{"origin":[-2.82,3.3033,2.38],"size":[1.64,0.62,1.64],"pivot":[-2,3.0833,3.4],"uv":{"north":{"uv":[7.344,3.508],"uv_size":[0.656,0.492]},"south":{"uv":[6.0107,3.508],"uv_size":[0.656,0.492]},"east":{"uv":[6.6773,3.508],"uv_size":[0.656,0.492]},"west":{"uv":[5.344,3.508],"uv_size":[0.656,0.492]},"up":{"uv":[6.0107,2.516],"uv_size":[0.656,0.984]},"down":{"uv":[6.6773,3.484],"uv_size":[0.656,-0.984]}}},{"origin":[-2.36,3.9233,2.84],"size":[0.72,0.46,0.72],"pivot":[-2,3.0833,3.4],"uv":{"north":{"uv":[9.0053,3.004],"uv_size":[0.328,0.246]},"south":{"uv":[8.3387,3.004],"uv_size":[0.328,0.246]},"east":{"uv":[8.672,3.004],"uv_size":[0.328,0.246]},"west":{"uv":[8.0053,3.004],"uv_size":[0.328,0.246]},"up":{"uv":[8.3387,2.508],"uv_size":[0.328,0.492]},"down":{"uv":[8.672,2.992],"uv_size":[0.328,-0.492]}}}],"name":"rot_16"}]}]}
