{"format_version":"1.16.0","minecraft:geometry":[{"description":{"identifier":"geometry.geyser_custom.geo_2bf7f64","texture_width":16,"texture_height":16,"visible_bounds_width":4,"visible_bounds_height":4.5,"visible_bounds_offset":[0,0.75,0]},"bones":[{"name":"geyser_custom","binding":"c.item_slot == 'head' ? 'head' : q.item_slot_to_bone_name(c.item_slot)","pivot":[0,8,0]},{"name":"geyser_custom_x","parent":"geyser_custom","pivot":[0,8,0]},{"name":"geyser_custom_y","parent":"geyser_custom_x","pivot":[0,8,0]},{"name":"geyser_custom_z","parent":"geyser_custom_y","pivot":[0,8,0],"cubes":[]},{"parent":"geyser_custom_z","pivot":[0,8,0],"rotation":[0,0,-45],"cubes":[{"origin":[-6,2,0],"size":[12,12,0],"pivot":[0,8,0],"uv":{"north":{"uv":[3.266,0.016],"uv_size":[2.984,2.984]},"south":{"uv":[6.234,0.016],"uv_size":[-2.984,2.984]},"east":{"uv":[3.5,6.516],"uv_size":[0,2.984]},"west":{"uv":[6.5,3.516],"uv_size":[0,2.984]},"up":{"uv":[6.766,0],"uv_size":[2.984,0]},"down":{"uv":[0.266,6.75],"uv_size":[2.984,0]}}}],"name":"rot_1"},{"parent":"geyser_custom_z","pivot":[0,8,-0.025],"rotation":[0,-0,0],"cubes":[{"origin":[-4.5,3.5,-0.025],"size":[9,9,0],"pivot":[0,8,-0.025],"uv":{"north":{"uv":[0.016,0.016],"uv_size":[2.984,2.984]},"south":{"uv":[2.984,0.016],"uv_size":[-2.984,2.984]},"east":{"uv":[0,6.516],"uv_size":[0,2.984]},"west":{"uv":[6.5,0.016],"uv_size":[0,2.984]},"up":{"uv":[0.266,6.5],"uv_size":[2.984,0]},"down":{"uv":[6.516,3.25],"uv_size":[2.984,0]}}}],"name":"rot_2"}]}]}
