{"format_version":"1.16.0","minecraft:geometry":[{"description":{"identifier":"geometry.geyser_custom.geo_962b9f2","texture_width":16,"texture_height":16,"visible_bounds_width":4,"visible_bounds_height":4.5,"visible_bounds_offset":[0,0.75,0]},"bones":[{"name":"geyser_custom","binding":"c.item_slot == 'head' ? 'head' : q.item_slot_to_bone_name(c.item_slot)","pivot":[0,8,0]},{"name":"geyser_custom_x","parent":"geyser_custom","pivot":[0,8,0]},{"name":"geyser_custom_y","parent":"geyser_custom_x","pivot":[0,8,0]},{"name":"geyser_custom_z","parent":"geyser_custom_y","pivot":[0,8,0],"cubes":[{"origin":[-10,0,-6],"size":[20,15,12],"uv":{"north":{"uv":[3.016,3.766],"uv_size":[2.484,1.859]},"south":{"uv":[0.016,4.016],"uv_size":[2.484,1.859]},"east":{"uv":[0.016,5.891],"uv_size":[1.484,1.859]},"west":{"uv":[5.516,6.016],"uv_size":[1.484,1.859]},"up":{"uv":[5.516,3.016],"uv_size":[2.484,1.484]},"down":{"uv":[5.516,5.984],"uv_size":[2.484,-1.484]}}},{"origin":[-5,15,-6],"size":[10,2,12],"uv":{"north":{"uv":[0.641,4.004],"uv_size":[1.234,0.246]},"south":{"uv":[0.641,4.004],"uv_size":[1.234,0.246]},"east":{"uv":[0.016,5.879],"uv_size":[1.484,0.246]},"west":{"uv":[5.516,6.004],"uv_size":[1.484,0.246]},"up":{"uv":[6.141,3.016],"uv_size":[1.234,1.484]},"down":{"uv":[5.516,5.984],"uv_size":[1.234,-1.484]}}},{"origin":[-10,0,5.8],"size":[20,2.8,1],"uv":{"north":{"uv":[3.016,3.754],"uv_size":[2.484,0.246]},"south":{"uv":[0.016,5.506],"uv_size":[2.484,0.369]},"east":{"uv":[0.002,5.879],"uv_size":[0.123,0.246]},"west":{"uv":[5.502,6.004],"uv_size":[0.123,0.246]},"up":{"uv":[3.016,3.377],"uv_size":[2.484,0.123]},"down":{"uv":[5.516,4.623],"uv_size":[2.484,-0.123]}}},{"origin":[7,0,-8],"size":[5,1,5],"uv":{"north":{"uv":[1.51,7.377],"uv_size":[0.615,0.123]},"south":{"uv":[8.01,5.877],"uv_size":[0.615,0.123]},"east":{"uv":[4.76,7.752],"uv_size":[0.615,0.123]},"west":{"uv":[8.385,3.877],"uv_size":[0.615,0.123]},"up":{"uv":[0.01,7.76],"uv_size":[0.615,0.615]},"down":{"uv":[1.51,7.115],"uv_size":[0.615,-0.615]}}},{"origin":[8,1,-7],"size":[3,7,3],"uv":{"north":{"uv":[2.506,4.014],"uv_size":[0.369,0.861]},"south":{"uv":[1.881,8.014],"uv_size":[0.369,0.861]},"east":{"uv":[2.131,5.889],"uv_size":[0.369,0.861]},"west":{"uv":[8.006,1.889],"uv_size":[0.369,0.861]},"up":{"uv":[4.881,8.256],"uv_size":[0.369,0.369]},"down":{"uv":[5.256,8.619],"uv_size":[0.369,-0.369]}}},{"origin":[8,1,4],"size":[3,7,3],"uv":{"north":{"uv":[2.256,8.014],"uv_size":[0.369,0.861]},"south":{"uv":[8.006,2.764],"uv_size":[0.369,0.861]},"east":{"uv":[2.631,8.014],"uv_size":[0.369,0.861]},"west":{"uv":[3.006,8.014],"uv_size":[0.369,0.861]},"up":{"uv":[5.631,8.256],"uv_size":[0.369,0.369]},"down":{"uv":[6.006,8.619],"uv_size":[0.369,-0.369]}}},{"origin":[7,0,3],"size":[5,1,5],"uv":{"north":{"uv":[8.385,4.002],"uv_size":[0.615,0.123]},"south":{"uv":[8.385,4.252],"uv_size":[0.615,0.123]},"east":{"uv":[8.385,4.127],"uv_size":[0.615,0.123]},"west":{"uv":[8.385,4.377],"uv_size":[0.615,0.123]},"up":{"uv":[0.01,7.76],"uv_size":[0.615,0.615]},"down":{"uv":[0.635,8.365],"uv_size":[0.615,-0.615]}}},{"origin":[-11,1,4],"size":[3,7,3],"uv":{"north":{"uv":[3.381,8.014],"uv_size":[0.369,0.861]},"south":{"uv":[3.756,8.014],"uv_size":[0.369,0.861]},"east":{"uv":[8.006,3.639],"uv_size":[0.369,0.861]},"west":{"uv":[4.131,8.014],"uv_size":[0.369,0.861]},"up":{"uv":[6.381,8.256],"uv_size":[0.369,0.369]},"down":{"uv":[0.006,8.744],"uv_size":[0.369,-0.369]}}},{"origin":[-12,0,3],"size":[5,1,5],"uv":{"north":{"uv":[8.385,4.502],"uv_size":[0.615,0.123]},"south":{"uv":[8.385,4.752],"uv_size":[0.615,0.123]},"east":{"uv":[8.385,4.627],"uv_size":[0.615,0.123]},"west":{"uv":[8.385,4.877],"uv_size":[0.615,0.123]},"up":{"uv":[0.01,7.76],"uv_size":[0.615,0.615]},"down":{"uv":[8.01,1.24],"uv_size":[0.615,-0.615]}}},{"origin":[-13,0,3],"size":[1,1,5],"uv":{"north":{"uv":[8.377,4.502],"uv_size":[0.123,0.123]},"south":{"uv":[8.377,4.752],"uv_size":[0.123,0.123]},"east":{"uv":[8.385,4.627],"uv_size":[0.615,0.123]},"west":{"uv":[8.385,4.877],"uv_size":[0.615,0.123]},"up":{"uv":[0.002,7.76],"uv_size":[0.123,0.615]},"down":{"uv":[8.002,1.24],"uv_size":[0.123,-0.615]}}},{"origin":[-13,0,-8],"size":[1,1,5],"uv":{"north":{"uv":[8.377,4.502],"uv_size":[0.123,0.123]},"south":{"uv":[8.377,4.752],"uv_size":[0.123,0.123]},"east":{"uv":[8.385,4.627],"uv_size":[0.615,0.123]},"west":{"uv":[8.385,4.877],"uv_size":[0.615,0.123]},"up":{"uv":[0.002,7.76],"uv_size":[0.123,0.615]},"down":{"uv":[8.002,1.24],"uv_size":[0.123,-0.615]}}},{"origin":[12,0,-8],"size":[1,1,5],"uv":{"north":{"uv":[8.377,4.502],"uv_size":[0.123,0.123]},"south":{"uv":[8.377,4.752],"uv_size":[0.123,0.123]},"east":{"uv":[8.385,4.627],"uv_size":[0.615,0.123]},"west":{"uv":[8.385,4.877],"uv_size":[0.615,0.123]},"up":{"uv":[0.002,7.76],"uv_size":[0.123,0.615]},"down":{"uv":[8.002,1.24],"uv_size":[0.123,-0.615]}}},{"origin":[12,0,3],"size":[1,1,5],"uv":{"north":{"uv":[8.377,4.502],"uv_size":[0.123,0.123]},"south":{"uv":[8.377,4.752],"uv_size":[0.123,0.123]},"east":{"uv":[8.385,4.627],"uv_size":[0.615,0.123]},"west":{"uv":[8.385,4.877],"uv_size":[0.615,0.123]},"up":{"uv":[0.002,7.76],"uv_size":[0.123,0.615]},"down":{"uv":[8.002,1.24],"uv_size":[0.123,-0.615]}}},{"origin":[-11,1,-7],"size":[3,7,3],"uv":{"north":{"uv":[8.006,4.514],"uv_size":[0.369,0.861]},"south":{"uv":[7.131,8.139],"uv_size":[0.369,0.861]},"east":{"uv":[6.756,8.139],"uv_size":[0.369,0.861]},"west":{"uv":[7.506,8.139],"uv_size":[0.369,0.861]},"up":{"uv":[0.381,8.381],"uv_size":[0.369,0.369]},"down":{"uv":[0.756,8.744],"uv_size":[0.369,-0.369]}}},{"origin":[-12,0,-8],"size":[5,1,5],"uv":{"north":{"uv":[8.385,5.002],"uv_size":[0.615,0.123]},"south":{"uv":[8.385,5.252],"uv_size":[0.615,0.123]},"east":{"uv":[8.385,5.127],"uv_size":[0.615,0.123]},"west":{"uv":[8.51,8.127],"uv_size":[0.615,0.123]},"up":{"uv":[0.01,7.76],"uv_size":[0.615,0.615]},"down":{"uv":[8.01,1.865],"uv_size":[0.615,-0.615]}}},{"origin":[-12,2,3],"size":[5,1,5],"uv":{"north":{"uv":[8.385,4.502],"uv_size":[0.615,0.123]},"south":{"uv":[8.385,4.752],"uv_size":[0.615,0.123]},"east":{"uv":[8.385,4.627],"uv_size":[0.615,0.123]},"west":{"uv":[8.385,4.877],"uv_size":[0.615,0.123]},"up":{"uv":[8.01,0.01],"uv_size":[0.615,0.615]},"down":{"uv":[8.01,1.24],"uv_size":[0.615,-0.615]}}},{"origin":[7,2,3],"size":[5,1,5],"uv":{"north":{"uv":[8.385,4.002],"uv_size":[0.615,0.123]},"south":{"uv":[8.385,4.252],"uv_size":[0.615,0.123]},"east":{"uv":[8.385,4.127],"uv_size":[0.615,0.123]},"west":{"uv":[8.385,4.377],"uv_size":[0.615,0.123]},"up":{"uv":[0.01,7.76],"uv_size":[0.615,0.615]},"down":{"uv":[0.635,8.365],"uv_size":[0.615,-0.615]}}},{"origin":[7,2,-8],"size":[5,1,5],"uv":{"north":{"uv":[1.51,7.377],"uv_size":[0.615,0.123]},"south":{"uv":[8.01,5.877],"uv_size":[0.615,0.123]},"east":{"uv":[4.76,7.752],"uv_size":[0.615,0.123]},"west":{"uv":[8.385,3.877],"uv_size":[0.615,0.123]},"up":{"uv":[1.51,5.885],"uv_size":[0.615,0.615]},"down":{"uv":[1.51,7.115],"uv_size":[0.615,-0.615]}}},{"origin":[-12,2,-8],"size":[5,1,5],"uv":{"north":{"uv":[8.385,5.002],"uv_size":[0.615,0.123]},"south":{"uv":[8.385,5.252],"uv_size":[0.615,0.123]},"east":{"uv":[8.385,5.127],"uv_size":[0.615,0.123]},"west":{"uv":[8.51,8.127],"uv_size":[0.615,0.123]},"up":{"uv":[1.26,8.01],"uv_size":[0.615,0.615]},"down":{"uv":[8.01,1.865],"uv_size":[0.615,-0.615]}}},{"origin":[-12,6,3],"size":[5,1,5],"uv":{"north":{"uv":[8.385,4.502],"uv_size":[0.615,0.123]},"south":{"uv":[8.385,4.752],"uv_size":[0.615,0.123]},"east":{"uv":[8.385,4.627],"uv_size":[0.615,0.123]},"west":{"uv":[8.385,4.877],"uv_size":[0.615,0.123]},"up":{"uv":[8.01,0.01],"uv_size":[0.615,0.615]},"down":{"uv":[8.01,1.24],"uv_size":[0.615,-0.615]}}},{"origin":[7,6,3],"size":[5,1,5],"uv":{"north":{"uv":[8.385,4.002],"uv_size":[0.615,0.123]},"south":{"uv":[8.385,4.252],"uv_size":[0.615,0.123]},"east":{"uv":[8.385,4.127],"uv_size":[0.615,0.123]},"west":{"uv":[8.385,4.377],"uv_size":[0.615,0.123]},"up":{"uv":[0.01,7.76],"uv_size":[0.615,0.615]},"down":{"uv":[0.635,8.365],"uv_size":[0.615,-0.615]}}},{"origin":[7,6,-8],"size":[5,1,5],"uv":{"north":{"uv":[1.51,7.377],"uv_size":[0.615,0.123]},"south":{"uv":[8.01,5.877],"uv_size":[0.615,0.123]},"east":{"uv":[4.76,7.752],"uv_size":[0.615,0.123]},"west":{"uv":[8.385,3.877],"uv_size":[0.615,0.123]},"up":{"uv":[1.51,5.885],"uv_size":[0.615,0.615]},"down":{"uv":[1.51,7.115],"uv_size":[0.615,-0.615]}}},{"origin":[-12,6,-8],"size":[5,1,5],"uv":{"north":{"uv":[8.385,5.002],"uv_size":[0.615,0.123]},"south":{"uv":[8.385,5.252],"uv_size":[0.615,0.123]},"east":{"uv":[8.385,5.127],"uv_size":[0.615,0.123]},"west":{"uv":[8.51,8.127],"uv_size":[0.615,0.123]},"up":{"uv":[1.26,8.01],"uv_size":[0.615,0.615]},"down":{"uv":[8.01,1.865],"uv_size":[0.615,-0.615]}}},{"origin":[-12,8,-8],"size":[24,3,16],"uv":{"north":{"uv":[7.016,6.006],"uv_size":[2.984,0.369]},"south":{"uv":[7.016,6.381],"uv_size":[2.984,0.369]},"east":{"uv":[7.016,7.756],"uv_size":[1.984,0.369]},"west":{"uv":[4.766,7.881],"uv_size":[1.984,0.369]},"up":{"uv":[0.016,0.016],"uv_size":[2.984,1.984]},"down":{"uv":[0.016,3.984],"uv_size":[2.984,-1.984]}}}]},{"parent":"geyser_custom_z","pivot":[0,17.2225,0],"rotation":[0,45,0],"cubes":[{"origin":[-3.8,16.6725,0.5],"size":[1,1.1,1],"pivot":[0,17.2225,0],"uv":{"north":{"uv":[8.627,1.002],"uv_size":[0.123,0.123]},"south":{"uv":[1.254,8.627],"uv_size":[0.246,0.123]},"east":{"uv":[8.748,1.248],"uv_size":[-0.123,-0.123]},"west":{"uv":[8.748,1.373],"uv_size":[-0.123,-0.123]},"up":{"uv":[2.123,8.623],"uv_size":[-0.123,-0.123]},"down":{"uv":[6.752,7.998],"uv_size":[0.123,-0.123]}}},{"origin":[-4.8,16.6725,-0.5],"size":[1,1.1,1],"pivot":[0,17.2225,0],"uv":{"north":{"uv":[8.627,1.002],"uv_size":[0.123,0.123]},"south":{"uv":[1.254,8.627],"uv_size":[0.246,0.123]},"east":{"uv":[8.748,1.248],"uv_size":[-0.123,-0.123]},"west":{"uv":[8.748,1.373],"uv_size":[-0.123,-0.123]},"up":{"uv":[2.123,8.748],"uv_size":[-0.123,-0.123]},"down":{"uv":[6.752,7.998],"uv_size":[0.123,-0.123]}}},{"origin":[-3.8,16.6725,-1.5],"size":[1,1.1,1],"pivot":[0,17.2225,0],"uv":{"north":{"uv":[8.627,1.002],"uv_size":[0.123,0.123]},"south":{"uv":[1.254,8.627],"uv_size":[0.246,0.123]},"east":{"uv":[8.748,1.248],"uv_size":[-0.123,-0.123]},"west":{"uv":[8.748,1.373],"uv_size":[-0.123,-0.123]},"up":{"uv":[1.496,8.748],"uv_size":[-0.246,-0.123]},"down":{"uv":[6.752,7.998],"uv_size":[0.123,-0.123]}}},{"origin":[-1.5,16.6725,-0.5],"size":[1,1.1,1],"pivot":[0,17.2225,0],"uv":{"north":{"uv":[8.627,1.002],"uv_size":[0.123,0.123]},"south":{"uv":[1.254,8.627],"uv_size":[0.246,0.123]},"east":{"uv":[8.748,1.248],"uv_size":[-0.123,-0.123]},"west":{"uv":[8.748,1.373],"uv_size":[-0.123,-0.123]},"up":{"uv":[2.123,8.248],"uv_size":[-0.123,-0.123]},"down":{"uv":[6.752,7.998],"uv_size":[0.123,-0.123]}}},{"origin":[-0.5,16.6725,-0.5],"size":[1,1.1,1],"pivot":[0,17.2225,0],"uv":{"north":{"uv":[8.627,1.002],"uv_size":[0.123,0.123]},"south":{"uv":[1.254,8.627],"uv_size":[0.246,0.123]},"east":{"uv":[8.748,1.248],"uv_size":[-0.123,-0.123]},"west":{"uv":[8.748,1.373],"uv_size":[-0.123,-0.123]},"up":{"uv":[2.123,8.248],"uv_size":[-0.123,-0.123]},"down":{"uv":[6.752,7.998],"uv_size":[0.123,-0.123]}}},{"origin":[-0.5,16.6725,-1.5],"size":[1,1.1,1],"pivot":[0,17.2225,0],"uv":{"north":{"uv":[8.627,1.002],"uv_size":[0.123,0.123]},"south":{"uv":[1.254,8.627],"uv_size":[0.246,0.123]},"east":{"uv":[8.748,1.248],"uv_size":[-0.123,-0.123]},"west":{"uv":[8.748,1.373],"uv_size":[-0.123,-0.123]},"up":{"uv":[2.123,8.248],"uv_size":[-0.123,-0.123]},"down":{"uv":[6.752,7.998],"uv_size":[0.123,-0.123]}}},{"origin":[-0.5,16.6725,0.5],"size":[1,1.1,1],"pivot":[0,17.2225,0],"uv":{"north":{"uv":[8.627,1.002],"uv_size":[0.123,0.123]},"south":{"uv":[1.254,8.627],"uv_size":[0.246,0.123]},"east":{"uv":[8.748,1.248],"uv_size":[-0.123,-0.123]},"west":{"uv":[8.748,1.373],"uv_size":[-0.123,-0.123]},"up":{"uv":[2.123,8.248],"uv_size":[-0.123,-0.123]},"down":{"uv":[6.752,7.998],"uv_size":[0.123,-0.123]}}},{"origin":[0.5,16.6725,-0.5],"size":[1,1.1,1],"pivot":[0,17.2225,0],"uv":{"north":{"uv":[8.627,1.002],"uv_size":[0.123,0.123]},"south":{"uv":[1.254,8.627],"uv_size":[0.246,0.123]},"east":{"uv":[8.748,1.248],"uv_size":[-0.123,-0.123]},"west":{"uv":[8.748,1.373],"uv_size":[-0.123,-0.123]},"up":{"uv":[2.123,8.248],"uv_size":[-0.123,-0.123]},"down":{"uv":[6.752,7.998],"uv_size":[0.123,-0.123]}}},{"origin":[2.8,16.6725,-1.5],"size":[1,1.1,1],"pivot":[0,17.2225,0],"uv":{"north":{"uv":[1.254,8.627],"uv_size":[0.246,0.123]},"south":{"uv":[8.627,1.002],"uv_size":[0.123,0.123]},"east":{"uv":[8.748,1.373],"uv_size":[-0.123,-0.123]},"west":{"uv":[8.748,1.248],"uv_size":[-0.123,-0.123]},"up":{"uv":[2.873,8.498],"uv_size":[-0.123,-0.123]},"down":{"uv":[6.873,7.877],"uv_size":[-0.123,0.123]}}},{"origin":[2.8,16.6725,-0.5],"size":[1,1.1,1],"pivot":[0,17.2225,0],"uv":{"north":{"uv":[1.254,8.627],"uv_size":[0.246,0.123]},"south":{"uv":[8.627,1.002],"uv_size":[0.123,0.123]},"east":{"uv":[8.748,1.373],"uv_size":[-0.123,-0.123]},"west":{"uv":[8.748,1.248],"uv_size":[-0.123,-0.123]},"up":{"uv":[1.496,8.748],"uv_size":[-0.246,-0.123]},"down":{"uv":[6.873,7.877],"uv_size":[-0.123,0.123]}}},{"origin":[2.8,16.6725,0.5],"size":[1,1.1,1],"pivot":[0,17.2225,0],"uv":{"north":{"uv":[1.254,8.627],"uv_size":[0.246,0.123]},"south":{"uv":[8.627,1.002],"uv_size":[0.123,0.123]},"east":{"uv":[8.748,1.373],"uv_size":[-0.123,-0.123]},"west":{"uv":[8.748,1.248],"uv_size":[-0.123,-0.123]},"up":{"uv":[1.496,8.748],"uv_size":[-0.246,-0.123]},"down":{"uv":[6.873,7.877],"uv_size":[-0.123,0.123]}}},{"origin":[3.8,16.6725,-0.5],"size":[1,1.1,1],"pivot":[0,17.2225,0],"uv":{"north":{"uv":[1.254,8.627],"uv_size":[0.246,0.123]},"south":{"uv":[8.627,1.002],"uv_size":[0.123,0.123]},"east":{"uv":[8.748,1.373],"uv_size":[-0.123,-0.123]},"west":{"uv":[8.748,1.248],"uv_size":[-0.123,-0.123]},"up":{"uv":[2.123,8.748],"uv_size":[-0.123,-0.123]},"down":{"uv":[6.873,7.877],"uv_size":[-0.123,0.123]}}},{"origin":[-3.8,16.6725,-0.5],"size":[1,1.1,1],"pivot":[0,17.2225,0],"uv":{"north":{"uv":[8.627,1.002],"uv_size":[0.123,0.123]},"south":{"uv":[1.254,8.627],"uv_size":[0.246,0.123]},"east":{"uv":[8.748,1.248],"uv_size":[-0.123,-0.123]},"west":{"uv":[8.748,1.373],"uv_size":[-0.123,-0.123]},"up":{"uv":[1.496,8.748],"uv_size":[-0.246,-0.123]},"down":{"uv":[6.752,7.998],"uv_size":[0.123,-0.123]}}}],"name":"rot_1"},{"parent":"geyser_custom_z","pivot":[5.4,12.6292,6.3127],"rotation":[0,0,-45],"cubes":[{"origin":[4.4,11.6292,6.5127],"size":[2,2,1],"pivot":[5.4,12.6292,6.3127],"uv":{"north":{"uv":[6.754,7.879],"uv_size":[0.246,0.246]},"south":{"uv":[1.254,7.754],"uv_size":[0.246,0.246]},"east":{"uv":[8.629,1.373],"uv_size":[0.246,-0.123]},"west":{"uv":[8.629,1.248],"uv_size":[0.246,-0.123]},"up":{"uv":[8.629,1.123],"uv_size":[0.246,-0.123]},"down":{"uv":[1.254,8.748],"uv_size":[0.246,-0.123]}}}],"name":"rot_2"},{"parent":"geyser_custom_z","pivot":[-0.2,4.1292,7.0127],"rotation":[0,0,-45],"cubes":[{"origin":[-1.2,3.1292,7.2127],"size":[2,2,1],"pivot":[-0.2,4.1292,7.0127],"uv":{"north":{"uv":[6.754,7.879],"uv_size":[0.246,0.246]},"south":{"uv":[1.254,7.754],"uv_size":[0.246,0.246]},"east":{"uv":[8.629,1.373],"uv_size":[0.246,-0.123]},"west":{"uv":[8.629,1.248],"uv_size":[0.246,-0.123]},"up":{"uv":[8.629,1.123],"uv_size":[0.246,-0.123]},"down":{"uv":[1.254,8.748],"uv_size":[0.246,-0.123]}}}],"name":"rot_3"},{"parent":"geyser_custom_z","pivot":[-0.2,12.8292,6.6127],"rotation":[0,0,-45],"cubes":[{"origin":[-1.2,11.8292,6.8127],"size":[2,2,1],"pivot":[-0.2,12.8292,6.6127],"uv":{"north":{"uv":[6.754,7.879],"uv_size":[0.246,0.246]},"south":{"uv":[1.254,7.754],"uv_size":[0.246,0.246]},"east":{"uv":[8.629,1.373],"uv_size":[0.246,-0.123]},"west":{"uv":[8.629,1.248],"uv_size":[0.246,-0.123]},"up":{"uv":[8.629,1.123],"uv_size":[0.246,-0.123]},"down":{"uv":[1.254,8.748],"uv_size":[0.246,-0.123]}}}],"name":"rot_4"},{"parent":"geyser_custom_z","pivot":[-5.6,12.6292,6.3127],"rotation":[0,0,-45],"cubes":[{"origin":[-6.6,11.6292,6.5127],"size":[2,2,1],"pivot":[-5.6,12.6292,6.3127],"uv":{"north":{"uv":[6.754,7.879],"uv_size":[0.246,0.246]},"south":{"uv":[1.254,7.754],"uv_size":[0.246,0.246]},"east":{"uv":[8.629,1.373],"uv_size":[0.246,-0.123]},"west":{"uv":[8.629,1.248],"uv_size":[0.246,-0.123]},"up":{"uv":[8.629,1.123],"uv_size":[0.246,-0.123]},"down":{"uv":[1.254,8.748],"uv_size":[0.246,-0.123]}}}],"name":"rot_5"},{"parent":"geyser_custom_z","pivot":[-10.408,15.7624,-5.7],"rotation":[0,0,-45],"cubes":[{"origin":[-11.408,14.5624,-6.8],"size":[2,2,2.2],"pivot":[-10.408,15.7624,-5.7],"uv":{"north":{"uv":[1.254,7.754],"uv_size":[0.246,0.246]},"south":{"uv":[1.254,7.754],"uv_size":[0.246,0.246]},"east":{"uv":[1.254,7.754],"uv_size":[0.246,0.246]},"west":{"uv":[1.254,7.754],"uv_size":[0.246,0.246]},"up":{"uv":[1.496,7.996],"uv_size":[-0.246,-0.246]},"down":{"uv":[1.496,7.996],"uv_size":[-0.246,-0.246]}}}],"name":"rot_6"},{"parent":"geyser_custom_z","pivot":[-10.408,15.7624,6.3],"rotation":[0,0,-45],"cubes":[{"origin":[-11.408,14.5624,5.2],"size":[2,2,2.2],"pivot":[-10.408,15.7624,6.3],"uv":{"north":{"uv":[1.254,7.754],"uv_size":[0.246,0.246]},"south":{"uv":[1.254,7.754],"uv_size":[0.246,0.246]},"east":{"uv":[1.254,7.754],"uv_size":[0.246,0.246]},"west":{"uv":[1.254,7.754],"uv_size":[0.246,0.246]},"up":{"uv":[1.496,7.996],"uv_size":[-0.246,-0.246]},"down":{"uv":[1.496,7.996],"uv_size":[-0.246,-0.246]}}}],"name":"rot_7"},{"parent":"geyser_custom_z","pivot":[0,7.5,6.5],"rotation":[22.5,0,0],"cubes":[{"origin":[-10.1,10,7],"size":[20.2,5,2],"pivot":[0,7.5,6.5],"uv":{"north":{"uv":[3.016,3.76],"uv_size":[2.484,0.615]},"south":{"uv":[0.016,4.01],"uv_size":[2.484,0.615]},"east":{"uv":[0.004,5.885],"uv_size":[0.246,0.615]},"west":{"uv":[5.504,6.01],"uv_size":[0.246,0.615]},"up":{"uv":[5.516,3.004],"uv_size":[2.484,0.246]},"down":{"uv":[5.516,4.746],"uv_size":[2.484,-0.246]}}}],"name":"rot_8"},{"parent":"geyser_custom_z","pivot":[-0.05,14.9,9.55],"rotation":[22.5,0,0],"cubes":[{"origin":[-1.2,13.85,5.85],"size":[2,2,1],"pivot":[-0.05,14.9,9.55],"uv":{"north":{"uv":[6.754,7.879],"uv_size":[0.246,0.246]},"south":{"uv":[1.254,7.754],"uv_size":[0.246,0.246]},"east":{"uv":[8.629,1.373],"uv_size":[0.246,-0.123]},"west":{"uv":[8.629,1.248],"uv_size":[0.246,-0.123]},"up":{"uv":[8.629,1.123],"uv_size":[0.246,-0.123]},"down":{"uv":[1.254,8.748],"uv_size":[0.246,-0.123]}}},{"origin":[-1.2,11.85,5.85],"size":[2,2,1],"pivot":[-0.05,14.9,9.55],"uv":{"north":{"uv":[6.754,7.879],"uv_size":[0.246,0.246]},"south":{"uv":[1.254,7.754],"uv_size":[0.246,0.246]},"east":{"uv":[8.629,1.373],"uv_size":[0.246,-0.123]},"west":{"uv":[8.629,1.248],"uv_size":[0.246,-0.123]},"up":{"uv":[8.629,1.123],"uv_size":[0.246,-0.123]},"down":{"uv":[1.254,8.748],"uv_size":[0.246,-0.123]}}}],"name":"rot_9"},{"parent":"geyser_custom_z","pivot":[-5.5,13.25,6.3],"rotation":[22.5,0,0],"cubes":[{"origin":[-6,10,6.8],"size":[1,5.5,1],"pivot":[-5.5,13.25,6.3],"uv":{"north":{"uv":[8.627,0.008],"uv_size":[0.123,0.492]},"south":{"uv":[8.627,0.508],"uv_size":[0.123,0.492]},"east":{"uv":[1.516,7.508],"uv_size":[1.609,0.492]},"west":{"uv":[3.141,7.508],"uv_size":[1.609,0.492]},"up":{"uv":[4.627,8.016],"uv_size":[0.123,1.609]},"down":{"uv":[4.752,9.859],"uv_size":[0.123,-1.609]}}},{"origin":[5,10,6.8],"size":[1,5.5,1],"pivot":[-5.5,13.25,6.3],"uv":{"north":{"uv":[8.627,0.008],"uv_size":[0.123,0.492]},"south":{"uv":[8.627,0.508],"uv_size":[0.123,0.492]},"east":{"uv":[1.516,7.508],"uv_size":[1.609,0.492]},"west":{"uv":[3.141,7.508],"uv_size":[1.609,0.492]},"up":{"uv":[4.627,8.016],"uv_size":[0.123,1.609]},"down":{"uv":[4.752,9.859],"uv_size":[0.123,-1.609]}}}],"name":"rot_10"},{"parent":"geyser_custom_z","pivot":[10.5,12.5,0],"rotation":[0,0,-22.5],"cubes":[{"origin":[9.2,10.3,-6],"size":[2,5,12],"pivot":[10.5,12.5,0],"uv":{"north":{"uv":[3.246,3.76],"uv_size":[-0.246,0.615]},"south":{"uv":[0.246,4.01],"uv_size":[-0.246,0.615]},"east":{"uv":[6.984,6.01],"uv_size":[-1.484,0.615]},"west":{"uv":[1.484,5.885],"uv_size":[-1.484,0.615]},"up":{"uv":[5.746,3.016],"uv_size":[-0.246,1.484]},"down":{"uv":[5.746,5.984],"uv_size":[-0.246,-1.484]}}}],"name":"rot_11"},{"parent":"geyser_custom_z","pivot":[14,1.4,-6.3],"rotation":[0,-0,0],"cubes":[{"origin":[9.5,0,-5.3],"size":[1,2.8,11],"pivot":[14,1.4,-6.3],"uv":{"north":{"uv":[5.502,6.0056],"uv_size":[0.123,0.3444]},"south":{"uv":[0.002,5.879],"uv_size":[0.123,0.246]},"east":{"uv":[3.016,3.754],"uv_size":[2.484,0.246]},"west":{"uv":[0.516,5.5056],"uv_size":[1.359,0.3444]},"up":{"uv":[3.016,3.377],"uv_size":[2.484,0.123]},"down":{"uv":[5.516,4.623],"uv_size":[2.484,-0.123]}}}],"name":"rot_12"},{"parent":"geyser_custom_z","pivot":[8,0,8],"rotation":[0,-0,0],"cubes":[{"origin":[-10,0,-6.8],"size":[20,2.8,1],"pivot":[8,0,8],"uv":{"north":{"uv":[2.484,5.506],"uv_size":[-2.484,0.369]},"south":{"uv":[5.484,3.754],"uv_size":[-2.484,0.246]},"east":{"uv":[0.123,5.879],"uv_size":[-0.123,0.246]},"west":{"uv":[5.623,6.004],"uv_size":[-0.123,0.246]},"up":{"uv":[3.016,3.498],"uv_size":[2.484,-0.123]},"down":{"uv":[5.516,4.502],"uv_size":[2.484,0.123]}}}],"name":"rot_13"},{"parent":"geyser_custom_z","pivot":[3.5,0,-8],"rotation":[0,-0,0],"cubes":[{"origin":[-2.5,4,6],"size":[5,4,2],"pivot":[3.5,0,-8],"uv":{"north":{"uv":[8.01,5.383],"uv_size":[0.615,0.492]},"south":{"uv":[7.885,8.133],"uv_size":[0.615,0.492]},"east":{"uv":[8.379,1.883],"uv_size":[0.246,0.492]},"west":{"uv":[8.379,2.383],"uv_size":[0.246,0.492]},"up":{"uv":[1.51,7.129],"uv_size":[0.615,0.246]},"down":{"uv":[4.76,7.746],"uv_size":[0.615,-0.246]}}},{"origin":[-1.5,5,7],"size":[3,4,2],"pivot":[3.5,0,-8],"uv":{"north":{"uv":[2.506,4.883],"uv_size":[0.369,0.492]},"south":{"uv":[2.131,6.758],"uv_size":[0.369,0.492]},"east":{"uv":[8.379,2.883],"uv_size":[0.246,0.492]},"west":{"uv":[8.379,3.383],"uv_size":[0.246,0.492]},"up":{"uv":[2.506,5.379],"uv_size":[0.369,0.246]},"down":{"uv":[2.131,7.496],"uv_size":[0.369,-0.246]}}},{"origin":[-6,11,-6.7],"size":[1,5,13.5],"pivot":[3.5,0,-8],"uv":{"north":{"uv":[8.627,0.008],"uv_size":[0.123,0.492]},"south":{"uv":[8.627,0.508],"uv_size":[0.123,0.492]},"east":{"uv":[1.516,7.508],"uv_size":[1.609,0.492]},"west":{"uv":[3.141,7.508],"uv_size":[1.609,0.492]},"up":{"uv":[4.627,8.016],"uv_size":[0.123,1.609]},"down":{"uv":[4.752,9.859],"uv_size":[0.123,-1.609]}}},{"origin":[5,11,-6.7],"size":[1,5,13.5],"pivot":[3.5,0,-8],"uv":{"north":{"uv":[1.127,8.383],"uv_size":[0.123,0.492]},"south":{"uv":[8.502,8.258],"uv_size":[0.123,0.492]},"east":{"uv":[7.016,6.758],"uv_size":[1.609,0.492]},"west":{"uv":[7.016,7.258],"uv_size":[1.609,0.492]},"up":{"uv":[2.877,4.016],"uv_size":[0.123,1.609]},"down":{"uv":[4.502,9.609],"uv_size":[0.123,-1.609]}}}],"name":"rot_14"},{"parent":"geyser_custom_z","pivot":[0.7071,17.2225,2.1213],"rotation":[0,-0,0],"cubes":[{"origin":[-1.9929,16.6725,1.0213],"size":[1,1.1,1],"pivot":[0.7071,17.2225,2.1213],"uv":{"north":{"uv":[8.748,1.373],"uv_size":[-0.123,-0.123]},"south":{"uv":[8.748,1.248],"uv_size":[-0.123,-0.123]},"east":{"uv":[8.627,1.002],"uv_size":[0.123,0.123]},"west":{"uv":[1.254,8.627],"uv_size":[0.246,0.123]},"up":{"uv":[2.123,8.373],"uv_size":[-0.123,-0.123]},"down":{"uv":[6.752,7.998],"uv_size":[0.123,-0.123]}}},{"origin":[-0.4929,16.6725,3.4213],"size":[1,1.1,1],"pivot":[0.7071,17.2225,2.1213],"uv":{"north":{"uv":[8.748,1.373],"uv_size":[-0.123,-0.123]},"south":{"uv":[8.748,1.248],"uv_size":[-0.123,-0.123]},"east":{"uv":[8.627,1.002],"uv_size":[0.123,0.123]},"west":{"uv":[1.254,8.627],"uv_size":[0.246,0.123]},"up":{"uv":[2.123,8.373],"uv_size":[-0.123,-0.123]},"down":{"uv":[6.752,7.998],"uv_size":[0.123,-0.123]}}},{"origin":[-0.4929,16.6725,-4.5787],"size":[1,1.1,1],"pivot":[0.7071,17.2225,2.1213],"uv":{"north":{"uv":[8.748,1.373],"uv_size":[-0.123,-0.123]},"south":{"uv":[8.748,1.248],"uv_size":[-0.123,-0.123]},"east":{"uv":[8.627,1.002],"uv_size":[0.123,0.123]},"west":{"uv":[1.254,8.627],"uv_size":[0.246,0.123]},"up":{"uv":[2.123,8.373],"uv_size":[-0.123,-0.123]},"down":{"uv":[6.752,7.998],"uv_size":[0.123,-0.123]}}},{"origin":[-4.4929,16.6725,-0.5787],"size":[1,1.1,1],"pivot":[0.7071,17.2225,2.1213],"uv":{"north":{"uv":[8.748,1.373],"uv_size":[-0.123,-0.123]},"south":{"uv":[8.748,1.248],"uv_size":[-0.123,-0.123]},"east":{"uv":[8.627,1.002],"uv_size":[0.123,0.123]},"west":{"uv":[1.254,8.627],"uv_size":[0.246,0.123]},"up":{"uv":[2.123,8.373],"uv_size":[-0.123,-0.123]},"down":{"uv":[6.752,7.998],"uv_size":[0.123,-0.123]}}},{"origin":[3.3071,16.6725,-0.5787],"size":[1,1.1,1],"pivot":[0.7071,17.2225,2.1213],"uv":{"north":{"uv":[8.748,1.373],"uv_size":[-0.123,-0.123]},"south":{"uv":[8.748,1.248],"uv_size":[-0.123,-0.123]},"east":{"uv":[8.627,1.002],"uv_size":[0.123,0.123]},"west":{"uv":[1.254,8.627],"uv_size":[0.246,0.123]},"up":{"uv":[2.123,8.373],"uv_size":[-0.123,-0.123]},"down":{"uv":[6.752,7.998],"uv_size":[0.123,-0.123]}}},{"origin":[-3.9929,16.4725,3.0213],"size":[1,1.1,1],"pivot":[0.7071,17.2225,2.1213],"uv":{"north":{"uv":[8.748,1.373],"uv_size":[-0.123,-0.123]},"south":{"uv":[8.748,1.248],"uv_size":[-0.123,-0.123]},"east":{"uv":[8.627,1.002],"uv_size":[0.123,0.123]},"west":{"uv":[1.254,8.627],"uv_size":[0.246,0.123]},"up":{"uv":[2.123,8.373],"uv_size":[-0.123,-0.123]},"down":{"uv":[6.752,7.998],"uv_size":[0.123,-0.123]}}},{"origin":[3.0071,16.4725,3.0213],"size":[1,1.1,1],"pivot":[0.7071,17.2225,2.1213],"uv":{"north":{"uv":[8.748,1.373],"uv_size":[-0.123,-0.123]},"south":{"uv":[8.748,1.248],"uv_size":[-0.123,-0.123]},"east":{"uv":[8.627,1.002],"uv_size":[0.123,0.123]},"west":{"uv":[1.254,8.627],"uv_size":[0.246,0.123]},"up":{"uv":[2.123,8.373],"uv_size":[-0.123,-0.123]},"down":{"uv":[6.752,7.998],"uv_size":[0.123,-0.123]}}},{"origin":[3.0071,16.4725,-3.9787],"size":[1,1.1,1],"pivot":[0.7071,17.2225,2.1213],"uv":{"north":{"uv":[8.748,1.373],"uv_size":[-0.123,-0.123]},"south":{"uv":[8.748,1.248],"uv_size":[-0.123,-0.123]},"east":{"uv":[8.627,1.002],"uv_size":[0.123,0.123]},"west":{"uv":[1.254,8.627],"uv_size":[0.246,0.123]},"up":{"uv":[2.123,8.373],"uv_size":[-0.123,-0.123]},"down":{"uv":[6.752,7.998],"uv_size":[0.123,-0.123]}}},{"origin":[-3.9929,16.4725,-3.9787],"size":[1,1.1,1],"pivot":[0.7071,17.2225,2.1213],"uv":{"north":{"uv":[8.748,1.373],"uv_size":[-0.123,-0.123]},"south":{"uv":[8.748,1.248],"uv_size":[-0.123,-0.123]},"east":{"uv":[8.627,1.002],"uv_size":[0.123,0.123]},"west":{"uv":[1.254,8.627],"uv_size":[0.246,0.123]},"up":{"uv":[2.123,8.373],"uv_size":[-0.123,-0.123]},"down":{"uv":[6.752,7.998],"uv_size":[0.123,-0.123]}}},{"origin":[1.0071,16.6725,-2.0787],"size":[1,1.1,1],"pivot":[0.7071,17.2225,2.1213],"uv":{"north":{"uv":[8.748,1.373],"uv_size":[-0.123,-0.123]},"south":{"uv":[8.748,1.248],"uv_size":[-0.123,-0.123]},"east":{"uv":[8.627,1.002],"uv_size":[0.123,0.123]},"west":{"uv":[1.254,8.627],"uv_size":[0.246,0.123]},"up":{"uv":[2.123,8.373],"uv_size":[-0.123,-0.123]},"down":{"uv":[6.752,7.998],"uv_size":[0.123,-0.123]}}},{"origin":[-1.9929,16.6725,-2.0787],"size":[1,1.1,1],"pivot":[0.7071,17.2225,2.1213],"uv":{"north":{"uv":[8.748,1.373],"uv_size":[-0.123,-0.123]},"south":{"uv":[8.748,1.248],"uv_size":[-0.123,-0.123]},"east":{"uv":[8.627,1.002],"uv_size":[0.123,0.123]},"west":{"uv":[1.254,8.627],"uv_size":[0.246,0.123]},"up":{"uv":[2.123,8.373],"uv_size":[-0.123,-0.123]},"down":{"uv":[6.752,7.998],"uv_size":[0.123,-0.123]}}},{"origin":[1.0071,16.6725,1.0213],"size":[1,1.1,1],"pivot":[0.7071,17.2225,2.1213],"uv":{"north":{"uv":[8.748,1.373],"uv_size":[-0.123,-0.123]},"south":{"uv":[8.748,1.248],"uv_size":[-0.123,-0.123]},"east":{"uv":[8.627,1.002],"uv_size":[0.123,0.123]},"west":{"uv":[1.254,8.627],"uv_size":[0.246,0.123]},"up":{"uv":[2.123,8.373],"uv_size":[-0.123,-0.123]},"down":{"uv":[6.752,7.998],"uv_size":[0.123,-0.123]}}}],"name":"rot_15"},{"parent":"geyser_custom_z","pivot":[-14,1.4,-6.3],"rotation":[0,-0,0],"cubes":[{"origin":[-10.5,0,-5.3],"size":[1,2.8,11],"pivot":[-14,1.4,-6.3],"uv":{"north":{"uv":[5.623,6.0056],"uv_size":[-0.123,0.3444]},"south":{"uv":[0.123,5.879],"uv_size":[-0.123,0.246]},"east":{"uv":[1.859,5.5056],"uv_size":[-1.359,0.3444]},"west":{"uv":[5.484,3.754],"uv_size":[-2.484,0.246]},"up":{"uv":[3.016,3.498],"uv_size":[2.484,-0.123]},"down":{"uv":[5.516,4.502],"uv_size":[2.484,0.123]}}}],"name":"rot_16"},{"parent":"geyser_custom_z","pivot":[10.108,13.3624,-5.5],"rotation":[0,0,0],"cubes":[{"origin":[9.308,10.8624,-6.7],"size":[2,4.4,2],"pivot":[10.108,13.3624,-5.5],"uv":{"north":{"uv":[0.246,5.8838],"uv_size":[-0.246,0.5412]},"south":{"uv":[0.246,5.8838],"uv_size":[-0.246,0.5412]},"east":{"uv":[0.246,5.8838],"uv_size":[-0.246,0.5412]},"west":{"uv":[0.246,5.8838],"uv_size":[-0.246,0.5412]},"up":{"uv":[5.746,3.016],"uv_size":[-0.246,1.484]},"down":{"uv":[5.746,5.984],"uv_size":[-0.246,-1.484]}}}],"name":"rot_17"},{"parent":"geyser_custom_z","pivot":[10.108,13.3624,6.5],"rotation":[0,0,0],"cubes":[{"origin":[9.308,10.8624,5.3],"size":[2,4.4,2],"pivot":[10.108,13.3624,6.5],"uv":{"north":{"uv":[0.246,5.8838],"uv_size":[-0.246,0.5412]},"south":{"uv":[0.246,5.8838],"uv_size":[-0.246,0.5412]},"east":{"uv":[0.246,5.8838],"uv_size":[-0.246,0.5412]},"west":{"uv":[0.246,5.8838],"uv_size":[-0.246,0.5412]},"up":{"uv":[5.746,3.016],"uv_size":[-0.246,1.484]},"down":{"uv":[5.746,5.984],"uv_size":[-0.246,-1.484]}}}],"name":"rot_18"},{"parent":"geyser_custom_z","pivot":[-10.108,13.3624,-5.5],"rotation":[0,0,0],"cubes":[{"origin":[-11.308,10.8624,-6.7],"size":[2,4.4,2],"pivot":[-10.108,13.3624,-5.5],"uv":{"north":{"uv":[0.004,5.8838],"uv_size":[0.246,0.5412]},"south":{"uv":[0.004,5.8838],"uv_size":[0.246,0.5412]},"east":{"uv":[0.004,5.8838],"uv_size":[0.246,0.5412]},"west":{"uv":[0.004,5.8838],"uv_size":[0.246,0.5412]},"up":{"uv":[5.504,3.016],"uv_size":[0.246,1.484]},"down":{"uv":[5.504,5.984],"uv_size":[0.246,-1.484]}}}],"name":"rot_19"},{"parent":"geyser_custom_z","pivot":[-10.108,13.3624,6.5],"rotation":[0,0,0],"cubes":[{"origin":[-11.308,10.8624,5.3],"size":[2,4.4,2],"pivot":[-10.108,13.3624,6.5],"uv":{"north":{"uv":[0.004,5.8838],"uv_size":[0.246,0.5412]},"south":{"uv":[0.004,5.8838],"uv_size":[0.246,0.5412]},"east":{"uv":[0.004,5.8838],"uv_size":[0.246,0.5412]},"west":{"uv":[0.004,5.8838],"uv_size":[0.246,0.5412]},"up":{"uv":[5.504,3.016],"uv_size":[0.246,1.484]},"down":{"uv":[5.504,5.984],"uv_size":[0.246,-1.484]}}}],"name":"rot_20"},{"parent":"geyser_custom_z","pivot":[0,7.5,-6.5],"rotation":[-22.5,0,0],"cubes":[{"origin":[-10.1,10,-9],"size":[20.2,5,2],"pivot":[0,7.5,-6.5],"uv":{"north":{"uv":[2.484,4.01],"uv_size":[-2.484,0.615]},"south":{"uv":[5.484,3.76],"uv_size":[-2.484,0.615]},"east":{"uv":[0.246,5.885],"uv_size":[-0.246,0.615]},"west":{"uv":[5.746,6.01],"uv_size":[-0.246,0.615]},"up":{"uv":[5.516,3.246],"uv_size":[2.484,-0.246]},"down":{"uv":[5.516,4.504],"uv_size":[2.484,0.246]}}}],"name":"rot_21"},{"parent":"geyser_custom_z","pivot":[-10.5,12.5,0],"rotation":[0,0,22.5],"cubes":[{"origin":[-11.2,10.3,-6],"size":[2,5,12],"pivot":[-10.5,12.5,0],"uv":{"north":{"uv":[3.004,3.76],"uv_size":[0.246,0.615]},"south":{"uv":[0.004,4.01],"uv_size":[0.246,0.615]},"east":{"uv":[0.016,5.885],"uv_size":[1.484,0.615]},"west":{"uv":[5.516,6.01],"uv_size":[1.484,0.615]},"up":{"uv":[5.504,3.016],"uv_size":[0.246,1.484]},"down":{"uv":[5.504,5.984],"uv_size":[0.246,-1.484]}}}],"name":"rot_22"},{"parent":"geyser_custom_z","pivot":[0,17.2225,0],"rotation":[0,-45,0],"cubes":[{"origin":[-3.8,16.6725,-1.5],"size":[1,1.1,1],"pivot":[0,17.2225,0],"uv":{"north":{"uv":[1.496,8.627],"uv_size":[-0.246,0.123]},"south":{"uv":[8.748,1.002],"uv_size":[-0.123,0.123]},"east":{"uv":[8.627,1.248],"uv_size":[0.123,-0.123]},"west":{"uv":[8.627,1.373],"uv_size":[0.123,-0.123]},"up":{"uv":[1.496,8.748],"uv_size":[-0.246,-0.123]},"down":{"uv":[6.752,7.877],"uv_size":[0.123,0.123]}}},{"origin":[-3.8,16.6725,0.5],"size":[1,1.1,1],"pivot":[0,17.2225,0],"uv":{"north":{"uv":[1.496,8.627],"uv_size":[-0.246,0.123]},"south":{"uv":[8.748,1.002],"uv_size":[-0.123,0.123]},"east":{"uv":[8.627,1.248],"uv_size":[0.123,-0.123]},"west":{"uv":[8.627,1.373],"uv_size":[0.123,-0.123]},"up":{"uv":[1.496,8.748],"uv_size":[-0.246,-0.123]},"down":{"uv":[6.752,7.877],"uv_size":[0.123,0.123]}}},{"origin":[-3.8,16.6725,-0.5],"size":[1,1.1,1],"pivot":[0,17.2225,0],"uv":{"north":{"uv":[1.496,8.627],"uv_size":[-0.246,0.123]},"south":{"uv":[8.748,1.002],"uv_size":[-0.123,0.123]},"east":{"uv":[8.627,1.248],"uv_size":[0.123,-0.123]},"west":{"uv":[8.627,1.373],"uv_size":[0.123,-0.123]},"up":{"uv":[1.496,8.748],"uv_size":[-0.246,-0.123]},"down":{"uv":[6.752,7.877],"uv_size":[0.123,0.123]}}},{"origin":[-4.8,16.6725,-0.5],"size":[1,1.1,1],"pivot":[0,17.2225,0],"uv":{"north":{"uv":[1.496,8.627],"uv_size":[-0.246,0.123]},"south":{"uv":[8.748,1.002],"uv_size":[-0.123,0.123]},"east":{"uv":[8.627,1.248],"uv_size":[0.123,-0.123]},"west":{"uv":[8.627,1.373],"uv_size":[0.123,-0.123]},"up":{"uv":[2.123,8.748],"uv_size":[-0.123,-0.123]},"down":{"uv":[6.752,7.877],"uv_size":[0.123,0.123]}}},{"origin":[2.8,16.6725,0.5],"size":[1,1.1,1],"pivot":[0,17.2225,0],"uv":{"north":{"uv":[8.748,1.002],"uv_size":[-0.123,0.123]},"south":{"uv":[1.496,8.627],"uv_size":[-0.246,0.123]},"east":{"uv":[8.627,1.373],"uv_size":[0.123,-0.123]},"west":{"uv":[8.627,1.248],"uv_size":[0.123,-0.123]},"up":{"uv":[1.496,8.748],"uv_size":[-0.246,-0.123]},"down":{"uv":[6.873,7.998],"uv_size":[-0.123,-0.123]}}},{"origin":[2.8,16.6725,-0.5],"size":[1,1.1,1],"pivot":[0,17.2225,0],"uv":{"north":{"uv":[8.748,1.002],"uv_size":[-0.123,0.123]},"south":{"uv":[1.496,8.627],"uv_size":[-0.246,0.123]},"east":{"uv":[8.627,1.373],"uv_size":[0.123,-0.123]},"west":{"uv":[8.627,1.248],"uv_size":[0.123,-0.123]},"up":{"uv":[2.123,8.623],"uv_size":[-0.123,-0.123]},"down":{"uv":[6.873,7.998],"uv_size":[-0.123,-0.123]}}},{"origin":[3.8,16.6725,-0.5],"size":[1,1.1,1],"pivot":[0,17.2225,0],"uv":{"north":{"uv":[8.748,1.002],"uv_size":[-0.123,0.123]},"south":{"uv":[1.496,8.627],"uv_size":[-0.246,0.123]},"east":{"uv":[8.627,1.373],"uv_size":[0.123,-0.123]},"west":{"uv":[8.627,1.248],"uv_size":[0.123,-0.123]},"up":{"uv":[2.123,8.748],"uv_size":[-0.123,-0.123]},"down":{"uv":[6.873,7.998],"uv_size":[-0.123,-0.123]}}},{"origin":[2.8,16.6725,-1.5],"size":[1,1.1,1],"pivot":[0,17.2225,0],"uv":{"north":{"uv":[8.748,1.002],"uv_size":[-0.123,0.123]},"south":{"uv":[1.496,8.627],"uv_size":[-0.246,0.123]},"east":{"uv":[8.627,1.373],"uv_size":[0.123,-0.123]},"west":{"uv":[8.627,1.248],"uv_size":[0.123,-0.123]},"up":{"uv":[1.496,8.748],"uv_size":[-0.246,-0.123]},"down":{"uv":[6.873,7.998],"uv_size":[-0.123,-0.123]}}}],"name":"rot_23"},{"parent":"geyser_custom_z","pivot":[10.408,15.7624,-5.7],"rotation":[0,0,45],"cubes":[{"origin":[9.408,14.5624,-6.8],"size":[2,2,2.2],"pivot":[10.408,15.7624,-5.7],"uv":{"north":{"uv":[1.254,7.754],"uv_size":[0.246,0.246]},"south":{"uv":[1.254,7.754],"uv_size":[0.246,0.246]},"east":{"uv":[1.254,7.754],"uv_size":[0.246,0.246]},"west":{"uv":[1.254,7.754],"uv_size":[0.246,0.246]},"up":{"uv":[1.496,7.996],"uv_size":[-0.246,-0.246]},"down":{"uv":[1.496,7.996],"uv_size":[-0.246,-0.246]}}}],"name":"rot_24"},{"parent":"geyser_custom_z","pivot":[10.408,15.7624,6.3],"rotation":[0,0,45],"cubes":[{"origin":[9.408,14.5624,5.2],"size":[2,2,2.2],"pivot":[10.408,15.7624,6.3],"uv":{"north":{"uv":[1.254,7.754],"uv_size":[0.246,0.246]},"south":{"uv":[1.254,7.754],"uv_size":[0.246,0.246]},"east":{"uv":[1.254,7.754],"uv_size":[0.246,0.246]},"west":{"uv":[1.254,7.754],"uv_size":[0.246,0.246]},"up":{"uv":[1.496,7.996],"uv_size":[-0.246,-0.246]},"down":{"uv":[1.496,7.996],"uv_size":[-0.246,-0.246]}}}],"name":"rot_25"}]}]}
