{"format_version":"1.16.0","minecraft:geometry":[{"description":{"identifier":"geometry.geyser_custom.geo_9793b23","texture_width":16,"texture_height":16,"visible_bounds_width":4,"visible_bounds_height":4.5,"visible_bounds_offset":[0,0.75,0]},"bones":[{"name":"geyser_custom","binding":"c.item_slot == 'head' ? 'head' : q.item_slot_to_bone_name(c.item_slot)","pivot":[0,8,0]},{"name":"geyser_custom_x","parent":"geyser_custom","pivot":[0,8,0]},{"name":"geyser_custom_y","parent":"geyser_custom_x","pivot":[0,8,0]},{"name":"geyser_custom_z","parent":"geyser_custom_y","pivot":[0,8,0],"cubes":[]},{"parent":"geyser_custom_z","pivot":[0,0.76,0],"rotation":[0,0,-45],"cubes":[{"origin":[7.6403,-3.47,-2.67],"size":[1.8058,5.29,5.3401],"pivot":[0,0.76,0],"uv":{"north":{"uv":[7.609,14.391],"uv_size":[-1.234,1.234]},"south":{"uv":[7.609,14.391],"uv_size":[-1.234,1.234]},"east":{"uv":[7.609,14.391],"uv_size":[-1.234,1.234]},"west":{"uv":[7.609,14.391],"uv_size":[-1.234,1.234]},"up":{"uv":[6.391,15.609],"uv_size":[1.234,-1.234]},"down":{"uv":[6.391,15.609],"uv_size":[1.234,-1.234]}}},{"origin":[7.6403,-4.47,-1.67],"size":[1.8058,1,3.3401],"pivot":[0,0.76,0],"uv":{"north":{"uv":[7.609,14.391],"uv_size":[-1.234,1.234]},"south":{"uv":[7.609,14.391],"uv_size":[-1.234,1.234]},"east":{"uv":[7.609,14.391],"uv_size":[-1.234,1.234]},"west":{"uv":[7.609,14.391],"uv_size":[-1.234,1.234]},"down":{"uv":[6.391,15.609],"uv_size":[1.234,-1.234]}}}],"name":"rot_1"},{"parent":"geyser_custom_z","pivot":[0,9.04,0],"rotation":[0,22.5,0],"cubes":[{"origin":[-1.5187,7.8,-3.6664],"size":[3.0374,7.44,7.3329],"pivot":[0,9.04,0],"uv":{"north":{"uv":[2.516,14.516],"uv_size":[0.9938,1.109]},"south":{"uv":[2.516,14.516],"uv_size":[0.9938,1.109]},"down":{"uv":[2.623,14.623],"uv_size":[-0.123,-0.123]}}},{"origin":[-3.6664,7.8,-1.5187],"size":[7.3329,7.44,3.0374],"pivot":[0,9.04,0],"uv":{"east":{"uv":[2.516,14.516],"uv_size":[0.9938,1.109]},"west":{"uv":[2.516,14.516],"uv_size":[0.9938,1.109]},"down":{"uv":[2.623,14.623],"uv_size":[-0.123,-0.123]}}},{"origin":[-1.808,9.04,-4.3648],"size":[3.6159,4.96,8.7296],"pivot":[0,9.04,0],"uv":{"north":{"uv":[2.5117,14.516],"uv_size":[0.7174,0.984]},"south":{"uv":[2.5117,14.516],"uv_size":[0.7174,0.984]},"up":{"uv":[3.4939,15.609],"uv_size":[-0.9939,-1.234]},"down":{"uv":[2.623,14.623],"uv_size":[-0.123,-0.123]}}},{"origin":[-4.3648,9.04,-1.808],"size":[8.7296,4.96,3.6159],"pivot":[0,9.04,0],"uv":{"east":{"uv":[2.516,14.391],"uv_size":[0.9939,1.234]},"west":{"uv":[2.516,14.391],"uv_size":[0.9939,1.234]},"up":{"uv":[3.4939,15.609],"uv_size":[-0.9939,-1.234]},"down":{"uv":[2.623,14.623],"uv_size":[-0.123,-0.123]}}}],"name":"rot_2"},{"parent":"geyser_custom_z","pivot":[0,10.52,0],"rotation":[0,22.5,0],"cubes":[{"origin":[-1.616,-0.33,5.6403],"size":[3.0461,0.62,0.8058],"pivot":[0,10.52,0],"uv":{"north":{"uv":[6.391,14.391],"uv_size":[1.234,1.234]},"south":{"uv":[6.391,14.391],"uv_size":[1.234,1.234]},"east":{"uv":[6.391,14.391],"uv_size":[1.234,1.234]},"west":{"uv":[6.391,14.391],"uv_size":[1.234,1.234]},"down":{"uv":[7.609,15.609],"uv_size":[-1.234,-1.234]}}},{"origin":[5.6403,-0.33,-1.43],"size":[0.8058,0.62,2.8601],"pivot":[0,10.52,0],"uv":{"north":{"uv":[6.391,14.391],"uv_size":[1.234,1.234]},"south":{"uv":[6.391,14.391],"uv_size":[1.234,1.234]},"east":{"uv":[6.391,14.391],"uv_size":[1.234,1.234]},"west":{"uv":[6.391,14.391],"uv_size":[1.234,1.234]},"down":{"uv":[7.609,15.609],"uv_size":[-1.234,-1.234]}}},{"origin":[-6.446,-0.33,-1.43],"size":[0.8058,0.62,2.8601],"pivot":[0,10.52,0],"uv":{"north":{"uv":[6.391,14.391],"uv_size":[1.234,1.234]},"south":{"uv":[6.391,14.391],"uv_size":[1.234,1.234]},"east":{"uv":[6.391,14.391],"uv_size":[1.234,1.234]},"west":{"uv":[6.391,14.391],"uv_size":[1.234,1.234]},"down":{"uv":[7.609,15.609],"uv_size":[-1.234,-1.234]}}}],"name":"rot_3"},{"parent":"geyser_custom_z","pivot":[0,11.14,0],"rotation":[0,22.5,0],"cubes":[{"origin":[5.6403,0.29,-2.05],"size":[0.8058,1.24,4.1001],"pivot":[0,11.14,0],"uv":{"north":{"uv":[6.391,14.391],"uv_size":[1.234,1.234]},"south":{"uv":[6.391,14.391],"uv_size":[1.234,1.234]},"east":{"uv":[6.391,14.391],"uv_size":[1.234,1.234]},"west":{"uv":[6.391,14.391],"uv_size":[1.234,1.234]},"down":{"uv":[7.609,15.609],"uv_size":[-1.234,-1.234]}}}],"name":"rot_4"},{"parent":"geyser_custom_z","pivot":[0,11.76,0],"rotation":[0,22.5,0],"cubes":[{"origin":[-0.92,8.53,6.446],"size":[1.5901,1.54,0.25],"pivot":[0,11.76,0],"uv":{"south":{"uv":[2.123,15.752],"uv_size":[-0.123,0.123]},"east":{"uv":[2.123,15.752],"uv_size":[-0.123,0.123]},"west":{"uv":[2.123,15.752],"uv_size":[-0.123,0.123]},"up":{"uv":[2.002,15.873],"uv_size":[0.123,-0.123]},"down":{"uv":[2.002,15.873],"uv_size":[0.123,-0.123]}}},{"origin":[-2.67,1.53,-6.446],"size":[5.3401,11.54,0.8058],"pivot":[0,11.76,0],"uv":{"north":{"uv":[6.391,14.391],"uv_size":[1.234,1.234]},"south":{"uv":[6.391,14.391],"uv_size":[1.234,1.234]},"up":{"uv":[7.609,15.609],"uv_size":[-1.234,-1.234]},"down":{"uv":[7.609,15.609],"uv_size":[-1.234,-1.234]}}},{"origin":[-2.67,1.53,5.6403],"size":[5.3401,11.54,0.8058],"pivot":[0,11.76,0],"uv":{"north":{"uv":[6.391,14.391],"uv_size":[1.234,1.234]},"south":{"uv":[6.391,14.391],"uv_size":[1.234,1.234]},"up":{"uv":[7.609,15.609],"uv_size":[-1.234,-1.234]},"down":{"uv":[7.609,15.609],"uv_size":[-1.234,-1.234]}}},{"origin":[-2.05,0.29,5.6403],"size":[4.1001,1.24,0.8058],"pivot":[0,11.76,0],"uv":{"north":{"uv":[6.391,14.391],"uv_size":[1.234,1.234]},"south":{"uv":[6.391,14.391],"uv_size":[1.234,1.234]},"east":{"uv":[6.391,14.391],"uv_size":[1.234,1.234]},"west":{"uv":[6.391,14.391],"uv_size":[1.234,1.234]},"down":{"uv":[7.609,15.609],"uv_size":[-1.234,-1.234]}}},{"origin":[5.6403,1.53,-2.67],"size":[0.8058,11.54,5.3401],"pivot":[0,11.76,0],"uv":{"east":{"uv":[6.391,14.391],"uv_size":[1.234,1.234]},"west":{"uv":[6.391,14.391],"uv_size":[1.234,1.234]},"up":{"uv":[7.609,15.609],"uv_size":[-1.234,-1.234]},"down":{"uv":[7.609,15.609],"uv_size":[-1.234,-1.234]}}},{"origin":[-6.446,1.53,-2.67],"size":[0.8058,11.54,5.3401],"pivot":[0,11.76,0],"uv":{"east":{"uv":[6.391,14.391],"uv_size":[1.234,1.234]},"west":{"uv":[6.391,14.391],"uv_size":[1.234,1.234]},"up":{"uv":[7.609,15.609],"uv_size":[-1.234,-1.234]},"down":{"uv":[7.609,15.609],"uv_size":[-1.234,-1.234]}}},{"origin":[-6.446,0.29,-2.05],"size":[0.8058,1.24,4.1001],"pivot":[0,11.76,0],"uv":{"north":{"uv":[6.391,14.391],"uv_size":[1.234,1.234]},"south":{"uv":[6.391,14.391],"uv_size":[1.234,1.234]},"east":{"uv":[6.391,14.391],"uv_size":[1.234,1.234]},"west":{"uv":[6.391,14.391],"uv_size":[1.234,1.234]},"down":{"uv":[7.609,15.609],"uv_size":[-1.234,-1.234]}}}],"name":"rot_5"},{"parent":"geyser_custom_z","pivot":[0,13.93,0],"rotation":[0,22.5,0],"cubes":[{"origin":[-2.05,0.29,-6.446],"size":[4.1001,1.24,0.8058],"pivot":[0,13.93,0],"uv":{"north":{"uv":[6.391,14.391],"uv_size":[1.234,1.234]},"south":{"uv":[6.391,14.391],"uv_size":[1.234,1.234]},"east":{"uv":[6.391,14.391],"uv_size":[1.234,1.234]},"west":{"uv":[6.391,14.391],"uv_size":[1.234,1.234]},"down":{"uv":[7.609,15.609],"uv_size":[-1.234,-1.234]}}},{"origin":[-1.43,-0.33,-6.446],"size":[2.8601,0.62,0.8058],"pivot":[0,13.93,0],"uv":{"north":{"uv":[6.391,14.391],"uv_size":[1.234,1.234]},"south":{"uv":[6.391,14.391],"uv_size":[1.234,1.234]},"east":{"uv":[6.391,14.391],"uv_size":[1.234,1.234]},"west":{"uv":[6.391,14.391],"uv_size":[1.234,1.234]},"down":{"uv":[7.609,15.609],"uv_size":[-1.234,-1.234]}}}],"name":"rot_6"},{"parent":"geyser_custom_z","pivot":[0,14,0],"rotation":[0,22.5,0],"cubes":[{"origin":[-2.3421,13.07,-5.6544],"size":[4.6843,1.24,0.7068],"pivot":[0,14,0],"uv":{"north":{"uv":[6.391,14.391],"uv_size":[1.234,1.234]},"south":{"uv":[6.391,14.391],"uv_size":[1.234,1.234]},"up":{"uv":[7.609,15.609],"uv_size":[-1.234,-1.234]},"down":{"uv":[7.609,15.609],"uv_size":[-1.234,-1.234]}}},{"origin":[-2.3421,13.07,4.9476],"size":[4.6843,1.24,0.7068],"pivot":[0,14,0],"uv":{"north":{"uv":[6.391,14.391],"uv_size":[1.234,1.234]},"south":{"uv":[6.391,14.391],"uv_size":[1.234,1.234]},"up":{"uv":[7.609,15.609],"uv_size":[-1.234,-1.234]},"down":{"uv":[7.609,15.609],"uv_size":[-1.234,-1.234]}}},{"origin":[4.9476,13.07,-2.3421],"size":[0.7068,1.24,4.6843],"pivot":[0,14,0],"uv":{"east":{"uv":[6.391,14.391],"uv_size":[1.234,1.234]},"west":{"uv":[6.391,14.391],"uv_size":[1.234,1.234]},"up":{"uv":[7.609,15.609],"uv_size":[-1.234,-1.234]},"down":{"uv":[7.609,15.609],"uv_size":[-1.234,-1.234]}}},{"origin":[-5.6544,13.07,-2.3421],"size":[0.7068,1.24,4.6843],"pivot":[0,14,0],"uv":{"east":{"uv":[6.391,14.391],"uv_size":[1.234,1.234]},"west":{"uv":[6.391,14.391],"uv_size":[1.234,1.234]},"up":{"uv":[7.609,15.609],"uv_size":[-1.234,-1.234]},"down":{"uv":[7.609,15.609],"uv_size":[-1.234,-1.234]}}}],"name":"rot_7"},{"parent":"geyser_custom_z","pivot":[0,14.62,0],"rotation":[0,22.5,0],"cubes":[{"origin":[-2.0545,14.31,-4.96],"size":[4.109,0.62,0.62],"pivot":[0,14.62,0],"uv":{"north":{"uv":[6.391,14.391],"uv_size":[1.234,1.234]},"south":{"uv":[6.391,14.391],"uv_size":[1.234,1.234]},"up":{"uv":[7.609,15.609],"uv_size":[-1.234,-1.234]},"down":{"uv":[7.609,15.609],"uv_size":[-1.234,-1.234]}}},{"origin":[-2.0545,14.31,4.34],"size":[4.109,0.62,0.62],"pivot":[0,14.62,0],"uv":{"north":{"uv":[6.391,14.391],"uv_size":[1.234,1.234]},"south":{"uv":[6.391,14.391],"uv_size":[1.234,1.234]},"up":{"uv":[7.609,15.609],"uv_size":[-1.234,-1.234]},"down":{"uv":[7.609,15.609],"uv_size":[-1.234,-1.234]}}},{"origin":[4.34,14.31,-2.0545],"size":[0.62,0.62,4.109],"pivot":[0,14.62,0],"uv":{"east":{"uv":[6.391,14.391],"uv_size":[1.234,1.234]},"west":{"uv":[6.391,14.391],"uv_size":[1.234,1.234]},"up":{"uv":[7.609,15.609],"uv_size":[-1.234,-1.234]},"down":{"uv":[7.609,15.609],"uv_size":[-1.234,-1.234]}}},{"origin":[-4.96,14.31,-2.0545],"size":[0.62,0.62,4.109],"pivot":[0,14.62,0],"uv":{"east":{"uv":[6.391,14.391],"uv_size":[1.234,1.234]},"west":{"uv":[6.391,14.391],"uv_size":[1.234,1.234]},"up":{"uv":[7.609,15.609],"uv_size":[-1.234,-1.234]},"down":{"uv":[7.609,15.609],"uv_size":[-1.234,-1.234]}}}],"name":"rot_8"},{"parent":"geyser_custom_z","pivot":[0,15.2096,0],"rotation":[0,22.5,0],"cubes":[{"origin":[-1.7948,14.8872,-4.3331],"size":[3.5896,0.6448,8.6661],"pivot":[0,15.2096,0],"uv":{"north":{"uv":[6.391,14.391],"uv_size":[1.234,1.234]},"south":{"uv":[6.391,14.391],"uv_size":[1.234,1.234]},"up":{"uv":[7.609,15.609],"uv_size":[-1.234,-1.234]},"down":{"uv":[7.609,15.609],"uv_size":[-1.234,-1.234]}}},{"origin":[-4.3331,14.8872,-1.7948],"size":[8.6661,0.6448,3.5896],"pivot":[0,15.2096,0],"uv":{"east":{"uv":[6.391,14.391],"uv_size":[1.234,1.234]},"west":{"uv":[6.391,14.391],"uv_size":[1.234,1.234]},"up":{"uv":[7.609,15.609],"uv_size":[-1.234,-1.234]},"down":{"uv":[7.609,15.609],"uv_size":[-1.234,-1.234]}}}],"name":"rot_9"},{"parent":"geyser_custom_z","pivot":[2.382,9.2851,6.1164],"rotation":[0,-0,0],"cubes":[{"origin":[-0.7981,5.58,6.8001],"size":[1.5901,2.29,0.25],"pivot":[2.382,9.2851,6.1164],"uv":{"north":{"uv":[2.123,15.752],"uv_size":[-0.123,0.123]},"south":{"uv":[2.123,15.752],"uv_size":[-0.123,0.123]},"east":{"uv":[2.123,15.752],"uv_size":[-0.123,0.123]},"west":{"uv":[2.123,15.752],"uv_size":[-0.123,0.123]},"up":{"uv":[2.002,15.873],"uv_size":[0.123,-0.123]},"down":{"uv":[2.002,15.873],"uv_size":[0.123,-0.123]}}}],"name":"rot_10"},{"parent":"geyser_custom_z","pivot":[-1.2948,15.8096,3.8331],"rotation":[0,-0,0],"cubes":[{"origin":[-0.35,15.4872,-0.35],"size":[0.7,8,0.7],"pivot":[-1.2948,15.8096,3.8331],"uv":{"north":{"uv":[1.754,8.766],"uv_size":[0.246,0.984]},"south":{"uv":[1.754,8.766],"uv_size":[0.246,0.984]},"east":{"uv":[1.754,8.766],"uv_size":[0.246,0.984]},"west":{"uv":[1.754,8.766],"uv_size":[0.246,0.984]},"down":{"uv":[1.996,9.734],"uv_size":[-0.246,-0.984]}}}],"name":"rot_11"},{"parent":"geyser_custom_z","pivot":[-1.2948,23.8096,3.8331],"rotation":[0,-0,0],"cubes":[{"origin":[-0.35,23.4872,-0.35],"size":[0.7,8,0.7],"pivot":[-1.2948,23.8096,3.8331],"uv":{"north":{"uv":[1.754,8.766],"uv_size":[0.246,0.984]},"south":{"uv":[1.754,8.766],"uv_size":[0.246,0.984]},"east":{"uv":[1.754,8.766],"uv_size":[0.246,0.984]},"west":{"uv":[1.754,8.766],"uv_size":[0.246,0.984]},"up":{"uv":[1.996,9.734],"uv_size":[-0.246,-0.984]}}}],"name":"rot_12"},{"parent":"geyser_custom_z","pivot":[0,9.04,0],"rotation":[0,-22.5,0],"cubes":[{"origin":[-1.5187,7.8,-3.6664],"size":[3.0374,7.44,7.3329],"pivot":[0,9.04,0],"uv":{"north":{"uv":[2.516,14.516],"uv_size":[0.9938,1.109]},"south":{"uv":[2.516,14.516],"uv_size":[0.9938,1.109]},"down":{"uv":[2.623,14.623],"uv_size":[-0.123,-0.123]}}},{"origin":[-3.6664,7.8,-1.5187],"size":[7.3329,7.44,3.0374],"pivot":[0,9.04,0],"uv":{"east":{"uv":[2.516,14.516],"uv_size":[0.9938,1.109]},"west":{"uv":[2.516,14.516],"uv_size":[0.9938,1.109]},"down":{"uv":[2.623,14.623],"uv_size":[-0.123,-0.123]}}},{"origin":[-1.808,9.04,-4.3648],"size":[3.6159,4.96,8.7296],"pivot":[0,9.04,0],"uv":{"north":{"uv":[2.5117,14.516],"uv_size":[0.7174,0.984]},"south":{"uv":[2.5117,14.516],"uv_size":[0.7174,0.984]},"up":{"uv":[3.4939,15.609],"uv_size":[-0.9939,-1.234]},"down":{"uv":[2.623,14.623],"uv_size":[-0.123,-0.123]}}},{"origin":[-4.3648,9.04,-1.808],"size":[8.7296,4.96,3.6159],"pivot":[0,9.04,0],"uv":{"east":{"uv":[2.516,14.391],"uv_size":[0.9939,1.234]},"west":{"uv":[2.516,14.391],"uv_size":[0.9939,1.234]},"up":{"uv":[3.4939,15.609],"uv_size":[-0.9939,-1.234]},"down":{"uv":[2.623,14.623],"uv_size":[-0.123,-0.123]}}}],"name":"rot_13"},{"parent":"geyser_custom_z","pivot":[0,10.52,0],"rotation":[0,-22.5,0],"cubes":[{"origin":[-1.43,-0.33,-6.446],"size":[2.8601,0.62,0.8058],"pivot":[0,10.52,0],"uv":{"north":{"uv":[6.391,14.391],"uv_size":[1.234,1.234]},"south":{"uv":[6.391,14.391],"uv_size":[1.234,1.234]},"east":{"uv":[6.391,14.391],"uv_size":[1.234,1.234]},"west":{"uv":[6.391,14.391],"uv_size":[1.234,1.234]},"down":{"uv":[7.609,15.609],"uv_size":[-1.234,-1.234]}}},{"origin":[-1.616,-0.33,5.6403],"size":[3.0461,0.62,0.8058],"pivot":[0,10.52,0],"uv":{"north":{"uv":[6.391,14.391],"uv_size":[1.234,1.234]},"south":{"uv":[6.391,14.391],"uv_size":[1.234,1.234]},"east":{"uv":[6.391,14.391],"uv_size":[1.234,1.234]},"west":{"uv":[6.391,14.391],"uv_size":[1.234,1.234]},"down":{"uv":[7.609,15.609],"uv_size":[-1.234,-1.234]}}}],"name":"rot_14"},{"parent":"geyser_custom_z","pivot":[0,11.14,0],"rotation":[0,-22.5,0],"cubes":[{"origin":[-2.05,0.29,-6.446],"size":[4.1001,1.24,0.8058],"pivot":[0,11.14,0],"uv":{"north":{"uv":[6.391,14.391],"uv_size":[1.234,1.234]},"south":{"uv":[6.391,14.391],"uv_size":[1.234,1.234]},"east":{"uv":[6.391,14.391],"uv_size":[1.234,1.234]},"west":{"uv":[6.391,14.391],"uv_size":[1.234,1.234]},"down":{"uv":[7.609,15.609],"uv_size":[-1.234,-1.234]}}}],"name":"rot_15"},{"parent":"geyser_custom_z","pivot":[0,11.76,0],"rotation":[0,-22.5,0],"cubes":[{"origin":[-0.67,8.53,6.446],"size":[1.5901,1.54,0.25],"pivot":[0,11.76,0],"uv":{"south":{"uv":[2.002,15.752],"uv_size":[0.123,0.123]},"east":{"uv":[2.002,15.752],"uv_size":[0.123,0.123]},"west":{"uv":[2.002,15.752],"uv_size":[0.123,0.123]},"up":{"uv":[2.123,15.873],"uv_size":[-0.123,-0.123]},"down":{"uv":[2.123,15.873],"uv_size":[-0.123,-0.123]}}},{"origin":[-2.67,1.53,-6.446],"size":[5.3401,11.54,0.8058],"pivot":[0,11.76,0],"uv":{"north":{"uv":[6.391,14.391],"uv_size":[1.234,1.234]},"south":{"uv":[6.391,14.391],"uv_size":[1.234,1.234]},"up":{"uv":[7.609,15.609],"uv_size":[-1.234,-1.234]},"down":{"uv":[7.609,15.609],"uv_size":[-1.234,-1.234]}}},{"origin":[-2.67,1.53,5.6403],"size":[5.3401,11.54,0.8058],"pivot":[0,11.76,0],"uv":{"north":{"uv":[6.391,14.391],"uv_size":[1.234,1.234]},"south":{"uv":[6.391,14.391],"uv_size":[1.234,1.234]},"up":{"uv":[7.609,15.609],"uv_size":[-1.234,-1.234]},"down":{"uv":[7.609,15.609],"uv_size":[-1.234,-1.234]}}},{"origin":[-2.05,0.29,5.6403],"size":[4.1001,1.24,0.8058],"pivot":[0,11.76,0],"uv":{"north":{"uv":[6.391,14.391],"uv_size":[1.234,1.234]},"south":{"uv":[6.391,14.391],"uv_size":[1.234,1.234]},"east":{"uv":[6.391,14.391],"uv_size":[1.234,1.234]},"west":{"uv":[6.391,14.391],"uv_size":[1.234,1.234]},"down":{"uv":[7.609,15.609],"uv_size":[-1.234,-1.234]}}},{"origin":[5.6403,1.53,-2.67],"size":[0.8058,11.54,5.3401],"pivot":[0,11.76,0],"uv":{"east":{"uv":[6.391,14.391],"uv_size":[1.234,1.234]},"west":{"uv":[6.391,14.391],"uv_size":[1.234,1.234]},"up":{"uv":[7.609,15.609],"uv_size":[-1.234,-1.234]},"down":{"uv":[7.609,15.609],"uv_size":[-1.234,-1.234]}}},{"origin":[5.6403,0.29,-2.05],"size":[0.8058,1.24,4.1001],"pivot":[0,11.76,0],"uv":{"north":{"uv":[6.391,14.391],"uv_size":[1.234,1.234]},"south":{"uv":[6.391,14.391],"uv_size":[1.234,1.234]},"east":{"uv":[6.391,14.391],"uv_size":[1.234,1.234]},"west":{"uv":[6.391,14.391],"uv_size":[1.234,1.234]},"down":{"uv":[7.609,15.609],"uv_size":[-1.234,-1.234]}}},{"origin":[5.6403,-0.33,-1.43],"size":[0.8058,0.62,2.8601],"pivot":[0,11.76,0],"uv":{"north":{"uv":[6.391,14.391],"uv_size":[1.234,1.234]},"south":{"uv":[6.391,14.391],"uv_size":[1.234,1.234]},"east":{"uv":[6.391,14.391],"uv_size":[1.234,1.234]},"west":{"uv":[6.391,14.391],"uv_size":[1.234,1.234]},"down":{"uv":[7.609,15.609],"uv_size":[-1.234,-1.234]}}},{"origin":[-6.446,1.53,-2.67],"size":[0.8058,11.54,5.3401],"pivot":[0,11.76,0],"uv":{"east":{"uv":[6.391,14.391],"uv_size":[1.234,1.234]},"west":{"uv":[6.391,14.391],"uv_size":[1.234,1.234]},"up":{"uv":[7.609,15.609],"uv_size":[-1.234,-1.234]},"down":{"uv":[7.609,15.609],"uv_size":[-1.234,-1.234]}}}],"name":"rot_16"},{"parent":"geyser_custom_z","pivot":[0,13.93,0],"rotation":[0,-22.5,0],"cubes":[{"origin":[-6.446,0.29,-2.05],"size":[0.8058,1.24,4.1001],"pivot":[0,13.93,0],"uv":{"north":{"uv":[6.391,14.391],"uv_size":[1.234,1.234]},"south":{"uv":[6.391,14.391],"uv_size":[1.234,1.234]},"east":{"uv":[6.391,14.391],"uv_size":[1.234,1.234]},"west":{"uv":[6.391,14.391],"uv_size":[1.234,1.234]},"down":{"uv":[7.609,15.609],"uv_size":[-1.234,-1.234]}}},{"origin":[-6.446,-0.33,-1.43],"size":[0.8058,0.62,2.8601],"pivot":[0,13.93,0],"uv":{"north":{"uv":[6.391,14.391],"uv_size":[1.234,1.234]},"south":{"uv":[6.391,14.391],"uv_size":[1.234,1.234]},"east":{"uv":[6.391,14.391],"uv_size":[1.234,1.234]},"west":{"uv":[6.391,14.391],"uv_size":[1.234,1.234]},"down":{"uv":[7.609,15.609],"uv_size":[-1.234,-1.234]}}}],"name":"rot_17"},{"parent":"geyser_custom_z","pivot":[0,14,0],"rotation":[0,-22.5,0],"cubes":[{"origin":[-2.3421,13.07,-5.6544],"size":[4.6843,1.24,0.7068],"pivot":[0,14,0],"uv":{"north":{"uv":[6.391,14.391],"uv_size":[1.234,1.234]},"south":{"uv":[6.391,14.391],"uv_size":[1.234,1.234]},"up":{"uv":[7.609,15.609],"uv_size":[-1.234,-1.234]},"down":{"uv":[7.609,15.609],"uv_size":[-1.234,-1.234]}}},{"origin":[-2.3421,13.07,4.9476],"size":[4.6843,1.24,0.7068],"pivot":[0,14,0],"uv":{"north":{"uv":[6.391,14.391],"uv_size":[1.234,1.234]},"south":{"uv":[6.391,14.391],"uv_size":[1.234,1.234]},"up":{"uv":[7.609,15.609],"uv_size":[-1.234,-1.234]},"down":{"uv":[7.609,15.609],"uv_size":[-1.234,-1.234]}}},{"origin":[4.9476,13.07,-2.3421],"size":[0.7068,1.24,4.6843],"pivot":[0,14,0],"uv":{"east":{"uv":[6.391,14.391],"uv_size":[1.234,1.234]},"west":{"uv":[6.391,14.391],"uv_size":[1.234,1.234]},"up":{"uv":[7.609,15.609],"uv_size":[-1.234,-1.234]},"down":{"uv":[7.609,15.609],"uv_size":[-1.234,-1.234]}}},{"origin":[-5.6544,13.07,-2.3421],"size":[0.7068,1.24,4.6843],"pivot":[0,14,0],"uv":{"east":{"uv":[6.391,14.391],"uv_size":[1.234,1.234]},"west":{"uv":[6.391,14.391],"uv_size":[1.234,1.234]},"up":{"uv":[7.609,15.609],"uv_size":[-1.234,-1.234]},"down":{"uv":[7.609,15.609],"uv_size":[-1.234,-1.234]}}}],"name":"rot_18"},{"parent":"geyser_custom_z","pivot":[0,14.62,0],"rotation":[0,-22.5,0],"cubes":[{"origin":[-2.0545,14.31,-4.96],"size":[4.109,0.62,0.62],"pivot":[0,14.62,0],"uv":{"north":{"uv":[6.391,14.391],"uv_size":[1.234,1.234]},"south":{"uv":[6.391,14.391],"uv_size":[1.234,1.234]},"up":{"uv":[7.609,15.609],"uv_size":[-1.234,-1.234]},"down":{"uv":[7.609,15.609],"uv_size":[-1.234,-1.234]}}},{"origin":[-2.0545,14.31,4.34],"size":[4.109,0.62,0.62],"pivot":[0,14.62,0],"uv":{"north":{"uv":[6.391,14.391],"uv_size":[1.234,1.234]},"south":{"uv":[6.391,14.391],"uv_size":[1.234,1.234]},"up":{"uv":[7.609,15.609],"uv_size":[-1.234,-1.234]},"down":{"uv":[7.609,15.609],"uv_size":[-1.234,-1.234]}}},{"origin":[4.34,14.31,-2.0545],"size":[0.62,0.62,4.109],"pivot":[0,14.62,0],"uv":{"east":{"uv":[6.391,14.391],"uv_size":[1.234,1.234]},"west":{"uv":[6.391,14.391],"uv_size":[1.234,1.234]},"up":{"uv":[7.609,15.609],"uv_size":[-1.234,-1.234]},"down":{"uv":[7.609,15.609],"uv_size":[-1.234,-1.234]}}},{"origin":[-4.96,14.31,-2.0545],"size":[0.62,0.62,4.109],"pivot":[0,14.62,0],"uv":{"east":{"uv":[6.391,14.391],"uv_size":[1.234,1.234]},"west":{"uv":[6.391,14.391],"uv_size":[1.234,1.234]},"up":{"uv":[7.609,15.609],"uv_size":[-1.234,-1.234]},"down":{"uv":[7.609,15.609],"uv_size":[-1.234,-1.234]}}}],"name":"rot_19"},{"parent":"geyser_custom_z","pivot":[0,15.2096,0],"rotation":[0,-22.5,0],"cubes":[{"origin":[-1.7948,14.8872,-4.3331],"size":[3.5896,0.6448,8.6661],"pivot":[0,15.2096,0],"uv":{"north":{"uv":[6.391,14.391],"uv_size":[1.234,1.234]},"south":{"uv":[6.391,14.391],"uv_size":[1.234,1.234]},"up":{"uv":[7.609,15.609],"uv_size":[-1.234,-1.234]},"down":{"uv":[7.609,15.609],"uv_size":[-1.234,-1.234]}}},{"origin":[-4.3331,14.8872,-1.7948],"size":[8.6661,0.6448,3.5896],"pivot":[0,15.2096,0],"uv":{"east":{"uv":[6.391,14.391],"uv_size":[1.234,1.234]},"west":{"uv":[6.391,14.391],"uv_size":[1.234,1.234]},"up":{"uv":[7.609,15.609],"uv_size":[-1.234,-1.234]},"down":{"uv":[7.609,15.609],"uv_size":[-1.234,-1.234]}}}],"name":"rot_20"},{"parent":"geyser_custom_z","pivot":[0,0.76,0],"rotation":[0,0,45],"cubes":[{"origin":[-9.446,-3.47,-2.67],"size":[1.8058,5.29,5.3401],"pivot":[0,0.76,0],"uv":{"north":{"uv":[6.391,14.391],"uv_size":[1.234,1.234]},"south":{"uv":[6.391,14.391],"uv_size":[1.234,1.234]},"east":{"uv":[6.391,14.391],"uv_size":[1.234,1.234]},"west":{"uv":[6.391,14.391],"uv_size":[1.234,1.234]},"up":{"uv":[7.609,15.609],"uv_size":[-1.234,-1.234]},"down":{"uv":[7.609,15.609],"uv_size":[-1.234,-1.234]}}},{"origin":[-9.446,-4.47,-1.67],"size":[1.8058,1,3.3401],"pivot":[0,0.76,0],"uv":{"north":{"uv":[6.391,14.391],"uv_size":[1.234,1.234]},"south":{"uv":[6.391,14.391],"uv_size":[1.234,1.234]},"east":{"uv":[6.391,14.391],"uv_size":[1.234,1.234]},"west":{"uv":[6.391,14.391],"uv_size":[1.234,1.234]},"down":{"uv":[7.609,15.609],"uv_size":[-1.234,-1.234]}}}],"name":"rot_21"}]}]}
