{"format_version":"1.16.0","minecraft:geometry":[{"description":{"identifier":"geometry.geyser_custom.geo_41aaeb8","texture_width":16,"texture_height":16,"visible_bounds_width":4,"visible_bounds_height":4.5,"visible_bounds_offset":[0,0.75,0]},"bones":[{"name":"geyser_custom","binding":"c.item_slot == 'head' ? 'head' : q.item_slot_to_bone_name(c.item_slot)","pivot":[0,8,0]},{"name":"geyser_custom_x","parent":"geyser_custom","pivot":[0,8,0]},{"name":"geyser_custom_y","parent":"geyser_custom_x","pivot":[0,8,0]},{"name":"geyser_custom_z","parent":"geyser_custom_y","pivot":[0,8,0],"cubes":[]},{"parent":"geyser_custom_z","pivot":[0,7.5,0],"rotation":[0,45,0],"cubes":[{"origin":[0,5,-2.5],"size":[0,7,5],"pivot":[0,7.5,0],"uv":{"north":{"uv":[8,10.016],"uv_size":[0,3.484]},"south":{"uv":[8.5,10.016],"uv_size":[0,3.484]},"east":{"uv":[0.016,0.016],"uv_size":[2.484,3.484]},"west":{"uv":[2.484,0.016],"uv_size":[-2.484,3.484]},"up":{"uv":[9,10.016],"uv_size":[0,2.484]},"down":{"uv":[9.5,12.484],"uv_size":[0,-2.484]}}}],"name":"rot_1"},{"parent":"geyser_custom_z","pivot":[0,8.5,0],"rotation":[0,45,0],"cubes":[{"origin":[-2.5,5,0],"size":[5,7,0],"pivot":[0,8.5,0],"uv":{"north":{"uv":[0.016,4.016],"uv_size":[2.484,3.484]},"south":{"uv":[2.484,4.016],"uv_size":[-2.484,3.484]},"east":{"uv":[10,10.016],"uv_size":[0,3.484]},"west":{"uv":[10.5,10.016],"uv_size":[0,3.484]},"up":{"uv":[0.016,11],"uv_size":[2.484,0]},"down":{"uv":[3.016,11],"uv_size":[2.484,0]}}}],"name":"rot_2"},{"parent":"geyser_custom_z","pivot":[3.6036,3.0045,-0.5],"rotation":[0,-0,0],"cubes":[{"origin":[-2.5,5,2.5],"size":[5,1,0],"pivot":[3.6036,3.0045,-0.5],"uv":{"north":{"uv":[11.484,8.008],"uv_size":[-2.484,0.492]},"south":{"uv":[9.016,8.008],"uv_size":[2.484,0.492]},"east":{"uv":[3,11.508],"uv_size":[0,0.492]},"west":{"uv":[11.5,3.008],"uv_size":[0,0.492]},"up":{"uv":[11.516,4],"uv_size":[2.484,0]},"down":{"uv":[11.516,4.5],"uv_size":[2.484,0]}}},{"origin":[-2.5,5,-2.5],"size":[5,1,0],"pivot":[3.6036,3.0045,-0.5],"uv":{"north":{"uv":[11.484,8.008],"uv_size":[-2.484,0.492]},"south":{"uv":[9.016,8.008],"uv_size":[2.484,0.492]},"east":{"uv":[3,11.508],"uv_size":[0,0.492]},"west":{"uv":[11.5,3.008],"uv_size":[0,0.492]},"up":{"uv":[11.516,4],"uv_size":[2.484,0]},"down":{"uv":[11.516,4.5],"uv_size":[2.484,0]}}}],"name":"rot_3"},{"parent":"geyser_custom_z","pivot":[3.6036,3.0045,0.5],"rotation":[0,-0,0],"cubes":[{"origin":[2.5,5,-2.5],"size":[0,1,5],"pivot":[3.6036,3.0045,0.5],"uv":{"north":{"uv":[1,11.508],"uv_size":[0,0.492]},"south":{"uv":[1.5,11.508],"uv_size":[0,0.492]},"east":{"uv":[11.484,7.008],"uv_size":[-2.484,0.492]},"west":{"uv":[9.016,7.008],"uv_size":[2.484,0.492]},"up":{"uv":[2,11.516],"uv_size":[0,2.484]},"down":{"uv":[2.5,13.984],"uv_size":[0,-2.484]}}},{"origin":[-2.5,5,-2.5],"size":[0,1,5],"pivot":[3.6036,3.0045,0.5],"uv":{"north":{"uv":[1,11.508],"uv_size":[0,0.492]},"south":{"uv":[1.5,11.508],"uv_size":[0,0.492]},"east":{"uv":[11.484,7.008],"uv_size":[-2.484,0.492]},"west":{"uv":[9.016,7.008],"uv_size":[2.484,0.492]},"up":{"uv":[2,11.516],"uv_size":[0,2.484]},"down":{"uv":[2.5,13.984],"uv_size":[0,-2.484]}}}],"name":"rot_4"},{"parent":"geyser_custom_z","pivot":[0.6036,2.0045,0.5],"rotation":[0,-0,0],"cubes":[{"origin":[-2.5,0,-2.5],"size":[5,5,5],"pivot":[0.6036,2.0045,0.5],"uv":{"north":{"uv":[6.016,0.016],"uv_size":[2.484,2.484]},"south":{"uv":[6.016,6.016],"uv_size":[2.484,2.484]},"east":{"uv":[6.016,3.016],"uv_size":[2.484,2.484]},"west":{"uv":[0.016,8.016],"uv_size":[2.484,2.484]},"up":{"uv":[3.016,8.016],"uv_size":[2.484,2.484]},"down":{"uv":[9.016,2.484],"uv_size":[2.484,-2.484]}}}],"name":"rot_5"},{"parent":"geyser_custom_z","pivot":[0.6036,2.0045,1.5],"rotation":[0,-0,0],"cubes":[{"origin":[0,0,2.5],"size":[0,5,3],"pivot":[0.6036,2.0045,1.5],"uv":{"north":{"uv":[11,3.016],"uv_size":[0,2.484]},"south":{"uv":[11,9.016],"uv_size":[0,2.484]},"east":{"uv":[9.016,3.016],"uv_size":[1.484,2.484]},"west":{"uv":[10.484,3.016],"uv_size":[-1.484,2.484]},"up":{"uv":[0,11.516],"uv_size":[0,1.484]},"down":{"uv":[0.5,12.984],"uv_size":[0,-1.484]}}}],"name":"rot_6"}]}]}
