{"format_version":"1.16.0","minecraft:geometry":[{"description":{"identifier":"geometry.geyser_custom.geo_5507785","texture_width":16,"texture_height":16,"visible_bounds_width":4,"visible_bounds_height":4.5,"visible_bounds_offset":[0,0.75,0]},"bones":[{"name":"geyser_custom","binding":"c.item_slot == 'head' ? 'head' : q.item_slot_to_bone_name(c.item_slot)","pivot":[0,8,0]},{"name":"geyser_custom_x","parent":"geyser_custom","pivot":[0,8,0]},{"name":"geyser_custom_y","parent":"geyser_custom_x","pivot":[0,8,0]},{"name":"geyser_custom_z","parent":"geyser_custom_y","pivot":[0,8,0],"cubes":[{"origin":[-1.4,5.8,0],"size":[2.8,3.3,1.5],"uv":{"north":{"uv":[8.016,2.516],"uv_size":[7.984,4.984]},"south":{"uv":[0.016,0.016],"uv_size":[7.8115,7.7045]},"east":{"uv":[10.016,0.016],"uv_size":[3.984,7.984]},"west":{"uv":[10.016,0.016],"uv_size":[3.984,7.984]},"up":{"uv":[15.984,7.484],"uv_size":[-7.984,-4.984]},"down":{"uv":[15.984,7.484],"uv_size":[-7.984,-4.984]}}},{"origin":[-1.4,5.8,0],"size":[2.8,3.3,1.5],"uv":{"north":{"uv":[8.016,2.516],"uv_size":[7.984,4.984]},"south":{"uv":[0.016,0.016],"uv_size":[7.8115,7.7045]},"east":{"uv":[10.016,0.016],"uv_size":[3.984,7.984]},"west":{"uv":[10.016,0.016],"uv_size":[3.984,7.984]},"up":{"uv":[15.984,7.484],"uv_size":[-7.984,-4.984]},"down":{"uv":[15.984,7.484],"uv_size":[-7.984,-4.984]}}}]},{"parent":"geyser_custom_z","pivot":[-1.3972,9.6524,0.0504],"rotation":[-22.5,0,0],"cubes":[{"origin":[-1.3,9.1,-0.6],"size":[0,1.1,1.7],"pivot":[-1.3972,9.6524,0.0504],"uv":{"north":{"uv":[0.008,8.008],"uv_size":[0.492,0.492]},"south":{"uv":[0.008,8.008],"uv_size":[0.492,0.492]},"east":{"uv":[0.016,10.516],"uv_size":[5.984,5.484]},"west":{"uv":[0.016,10.516],"uv_size":[5.984,5.484]},"up":{"uv":[0.492,8.492],"uv_size":[-0.492,-0.492]},"down":{"uv":[0.492,8.492],"uv_size":[-0.492,-0.492]}}},{"origin":[1.3,9.1,-0.6],"size":[0,1.1,1.7],"pivot":[-1.3972,9.6524,0.0504],"uv":{"north":{"uv":[0.008,8.008],"uv_size":[0.492,0.492]},"south":{"uv":[0.008,8.008],"uv_size":[0.492,0.492]},"east":{"uv":[0.016,10.516],"uv_size":[5.984,5.484]},"west":{"uv":[0.016,10.516],"uv_size":[5.984,5.484]},"up":{"uv":[0.492,8.492],"uv_size":[-0.492,-0.492]},"down":{"uv":[0.492,8.492],"uv_size":[-0.492,-0.492]}}}],"name":"rot_1"}]}]}
