{"format_version":"1.16.0","minecraft:geometry":[{"description":{"identifier":"geometry.geyser_custom.geo_8845b1e","texture_width":16,"texture_height":16,"visible_bounds_width":4,"visible_bounds_height":4.5,"visible_bounds_offset":[0,0.75,0]},"bones":[{"name":"geyser_custom","binding":"c.item_slot == 'head' ? 'head' : q.item_slot_to_bone_name(c.item_slot)","pivot":[0,8,0]},{"name":"geyser_custom_x","parent":"geyser_custom","pivot":[0,8,0]},{"name":"geyser_custom_y","parent":"geyser_custom_x","pivot":[0,8,0]},{"name":"geyser_custom_z","parent":"geyser_custom_y","pivot":[0,8,0],"cubes":[]},{"parent":"geyser_custom_z","pivot":[7.282,4.6371,-4.293],"rotation":[45,0,0],"cubes":[{"origin":[6.9838,6.7953,-2.6514],"size":[0.42,0.7,0.42],"pivot":[7.282,4.6371,-4.293],"uv":{"north":{"uv":[6.016,12.016],"uv_size":[1.984,1.984]},"south":{"uv":[6.016,12.016],"uv_size":[1.984,1.984]},"east":{"uv":[6.016,12.016],"uv_size":[1.984,1.984]},"west":{"uv":[6.016,12.016],"uv_size":[1.984,1.984]},"up":{"uv":[7.984,13.984],"uv_size":[-1.984,-1.984]},"down":{"uv":[7.984,13.984],"uv_size":[-1.984,-1.984]}}},{"origin":[6.8424,4.5553,-3.5803],"size":[0.7,1.05,0.7],"pivot":[7.282,4.6371,-4.293],"uv":{"north":{"uv":[6.016,12.016],"uv_size":[1.984,1.984]},"south":{"uv":[6.016,12.016],"uv_size":[1.984,1.984]},"east":{"uv":[6.016,12.016],"uv_size":[1.984,1.984]},"west":{"uv":[6.016,12.016],"uv_size":[1.984,1.984]},"up":{"uv":[7.984,13.984],"uv_size":[-1.984,-1.984]},"down":{"uv":[7.984,13.984],"uv_size":[-1.984,-1.984]}}}],"name":"rot_1"},{"parent":"geyser_custom_z","pivot":[0.0513,6.5527,3.3731],"rotation":[45,0,0],"cubes":[{"origin":[-0.3974,6.4896,4.3374],"size":[1,1.5,1],"pivot":[0.0513,6.5527,3.3731],"uv":{"north":{"uv":[6.016,12.016],"uv_size":[1.984,1.984]},"south":{"uv":[6.016,12.016],"uv_size":[1.984,1.984]},"east":{"uv":[6.016,12.016],"uv_size":[1.984,1.984]},"west":{"uv":[6.016,12.016],"uv_size":[1.984,1.984]},"up":{"uv":[7.984,13.984],"uv_size":[-1.984,-1.984]},"down":{"uv":[7.984,13.984],"uv_size":[-1.984,-1.984]}}}],"name":"rot_2"},{"parent":"geyser_custom_z","pivot":[-6.0808,3.5356,-3.0044],"rotation":[45,0,0],"cubes":[{"origin":[-6.3213,3.5018,-2.4876],"size":[0.5359,0.8039,0.5359],"pivot":[-6.0808,3.5356,-3.0044],"uv":{"north":{"uv":[6.016,12.016],"uv_size":[1.984,1.984]},"south":{"uv":[6.016,12.016],"uv_size":[1.984,1.984]},"east":{"uv":[6.016,12.016],"uv_size":[1.984,1.984]},"west":{"uv":[6.016,12.016],"uv_size":[1.984,1.984]},"up":{"uv":[7.984,13.984],"uv_size":[-1.984,-1.984]},"down":{"uv":[7.984,13.984],"uv_size":[-1.984,-1.984]}}}],"name":"rot_3"},{"parent":"geyser_custom_z","pivot":[7.282,4.6371,-4.293],"rotation":[0,45,0],"cubes":[{"origin":[6.5485,0.7643,-8.1907],"size":[1.4849,4.2,7.4246],"pivot":[7.282,4.6371,-4.293],"uv":{"north":{"uv":[10.766,12.016],"uv_size":[1.234,1.984]},"south":{"uv":[10.766,12.016],"uv_size":[1.234,1.984]},"east":{"uv":[10.016,12.012],"uv_size":[1.3098,0.738]},"west":{"uv":[10.016,12.012],"uv_size":[1.3098,0.738]},"up":{"uv":[11.984,12.986],"uv_size":[-1.234,-0.861]},"down":{"uv":[11.984,12.986],"uv_size":[-1.234,-0.861]}}},{"origin":[3.5657,0.7573,-5.2079],"size":[7.4246,4.2,1.4849],"pivot":[7.282,4.6371,-4.293],"uv":{"north":{"uv":[10.016,12.012],"uv_size":[1.3098,0.738]},"south":{"uv":[10.016,12.012],"uv_size":[1.3098,0.738]},"east":{"uv":[10.766,12.016],"uv_size":[1.234,1.984]},"west":{"uv":[10.766,12.016],"uv_size":[1.234,1.984]},"up":{"uv":[11.984,12.986],"uv_size":[-1.234,-0.861]},"down":{"uv":[11.984,12.986],"uv_size":[-1.234,-0.861]}}},{"origin":[4.0807,0.0363,-5.0922],"size":[6.3852,5.6,1.277],"pivot":[7.282,4.6371,-4.293],"uv":{"north":{"uv":[10.016,12.012],"uv_size":[1.3098,0.738]},"south":{"uv":[10.016,12.012],"uv_size":[1.3098,0.738]},"east":{"uv":[10.766,12.139],"uv_size":[1.234,0.861]},"west":{"uv":[10.766,12.139],"uv_size":[1.234,0.861]},"up":{"uv":[11.984,12.986],"uv_size":[-1.234,-0.861]},"down":{"uv":[11.984,12.986],"uv_size":[-1.234,-0.861]}}},{"origin":[6.6479,0.0524,-7.6592],"size":[1.277,5.5825,6.3852],"pivot":[7.282,4.6371,-4.293],"uv":{"north":{"uv":[10.766,12.139],"uv_size":[1.234,0.861]},"south":{"uv":[10.766,12.139],"uv_size":[1.234,0.861]},"east":{"uv":[10.016,12.012],"uv_size":[1.3098,0.738]},"west":{"uv":[10.016,12.012],"uv_size":[1.3098,0.738]},"up":{"uv":[11.984,12.986],"uv_size":[-1.234,-0.861]},"down":{"uv":[11.984,12.986],"uv_size":[-1.234,-0.861]}}}],"name":"rot_4"},{"parent":"geyser_custom_z","pivot":[0.0513,6.5527,3.3731],"rotation":[0,45,0],"cubes":[{"origin":[-4.9872,1.02,2.3254],"size":[10.6066,6,2.1213],"pivot":[0.0513,6.5527,3.3731],"uv":{"north":{"uv":[10.016,12.012],"uv_size":[1.3098,0.738]},"south":{"uv":[10.016,12.012],"uv_size":[1.3098,0.738]},"east":{"uv":[10.766,12.016],"uv_size":[1.234,1.984]},"west":{"uv":[10.766,12.016],"uv_size":[1.234,1.984]},"up":{"uv":[11.984,12.986],"uv_size":[-1.234,-0.861]},"down":{"uv":[11.984,12.986],"uv_size":[-1.234,-0.861]}}},{"origin":[-0.763,1.01,-1.9358],"size":[2.1213,6,10.6066],"pivot":[0.0513,6.5527,3.3731],"uv":{"north":{"uv":[10.766,12.016],"uv_size":[1.234,1.984]},"south":{"uv":[10.766,12.016],"uv_size":[1.234,1.984]},"east":{"uv":[10.016,12.012],"uv_size":[1.3098,0.738]},"west":{"uv":[10.016,12.012],"uv_size":[1.3098,0.738]},"up":{"uv":[11.984,12.986],"uv_size":[-1.234,-0.861]},"down":{"uv":[11.984,12.986],"uv_size":[-1.234,-0.861]}}},{"origin":[-0.6314,-0.02,-1.2001],"size":[1.8243,8,9.1217],"pivot":[0.0513,6.5527,3.3731],"uv":{"north":{"uv":[10.766,12.139],"uv_size":[1.234,0.861]},"south":{"uv":[10.766,12.139],"uv_size":[1.234,0.861]},"east":{"uv":[10.016,12.012],"uv_size":[1.3098,0.738]},"west":{"uv":[10.016,12.012],"uv_size":[1.3098,0.738]},"up":{"uv":[11.984,12.986],"uv_size":[-1.234,-0.861]},"down":{"uv":[11.984,12.986],"uv_size":[-1.234,-0.861]}}},{"origin":[-4.2615,0.003,2.4673],"size":[9.1217,7.975,1.8243],"pivot":[0.0513,6.5527,3.3731],"uv":{"north":{"uv":[10.016,12.012],"uv_size":[1.3098,0.738]},"south":{"uv":[10.016,12.012],"uv_size":[1.3098,0.738]},"east":{"uv":[10.766,12.139],"uv_size":[1.234,0.861]},"west":{"uv":[10.766,12.139],"uv_size":[1.234,0.861]},"up":{"uv":[11.984,12.986],"uv_size":[-1.234,-0.861]},"down":{"uv":[11.984,12.986],"uv_size":[-1.234,-0.861]}}}],"name":"rot_5"},{"parent":"geyser_custom_z","pivot":[-6.0808,3.5356,-3.0044],"rotation":[0,45,0],"cubes":[{"origin":[-8.781,0.5705,-3.5659],"size":[5.6843,3.2155,1.1369],"pivot":[-6.0808,3.5356,-3.0044],"uv":{"north":{"uv":[10.016,12.012],"uv_size":[1.3098,0.738]},"south":{"uv":[10.016,12.012],"uv_size":[1.3098,0.738]},"east":{"uv":[10.766,12.016],"uv_size":[1.234,1.984]},"west":{"uv":[10.766,12.016],"uv_size":[1.234,1.984]},"up":{"uv":[11.984,12.986],"uv_size":[-1.234,-0.861]},"down":{"uv":[11.984,12.986],"uv_size":[-1.234,-0.861]}}},{"origin":[-6.5172,0.5652,-5.8496],"size":[1.1369,3.2155,5.6843],"pivot":[-6.0808,3.5356,-3.0044],"uv":{"north":{"uv":[10.766,12.016],"uv_size":[1.234,1.984]},"south":{"uv":[10.766,12.016],"uv_size":[1.234,1.984]},"east":{"uv":[10.016,12.012],"uv_size":[1.3098,0.738]},"west":{"uv":[10.016,12.012],"uv_size":[1.3098,0.738]},"up":{"uv":[11.984,12.986],"uv_size":[-1.234,-0.861]},"down":{"uv":[11.984,12.986],"uv_size":[-1.234,-0.861]}}},{"origin":[-6.4466,0.0132,-5.4553],"size":[0.9777,4.2874,4.8885],"pivot":[-6.0808,3.5356,-3.0044],"uv":{"north":{"uv":[10.766,12.139],"uv_size":[1.234,0.861]},"south":{"uv":[10.766,12.139],"uv_size":[1.234,0.861]},"east":{"uv":[10.016,12.012],"uv_size":[1.3098,0.738]},"west":{"uv":[10.016,12.012],"uv_size":[1.3098,0.738]},"up":{"uv":[11.984,12.986],"uv_size":[-1.234,-0.861]},"down":{"uv":[11.984,12.986],"uv_size":[-1.234,-0.861]}}},{"origin":[-8.3921,0.0255,-3.4898],"size":[4.8885,4.274,0.9777],"pivot":[-6.0808,3.5356,-3.0044],"uv":{"north":{"uv":[10.016,12.012],"uv_size":[1.3098,0.738]},"south":{"uv":[10.016,12.012],"uv_size":[1.3098,0.738]},"east":{"uv":[10.766,12.139],"uv_size":[1.234,0.861]},"west":{"uv":[10.766,12.139],"uv_size":[1.234,0.861]},"up":{"uv":[11.984,12.986],"uv_size":[-1.234,-0.861]},"down":{"uv":[11.984,12.986],"uv_size":[-1.234,-0.861]}}}],"name":"rot_6"},{"parent":"geyser_custom_z","pivot":[7.282,4.6371,-4.293],"rotation":[0,0,-45],"cubes":[{"origin":[7.957,4.593,-4.6789],"size":[0.7,1.05,0.7],"pivot":[7.282,4.6371,-4.293],"uv":{"north":{"uv":[6.016,12.016],"uv_size":[1.984,1.984]},"south":{"uv":[6.016,12.016],"uv_size":[1.984,1.984]},"east":{"uv":[6.016,12.016],"uv_size":[1.984,1.984]},"west":{"uv":[6.016,12.016],"uv_size":[1.984,1.984]},"up":{"uv":[7.984,13.984],"uv_size":[-1.984,-1.984]},"down":{"uv":[7.984,13.984],"uv_size":[-1.984,-1.984]}}}],"name":"rot_7"},{"parent":"geyser_custom_z","pivot":[0.0513,6.5527,3.3731],"rotation":[0,0,-45],"cubes":[{"origin":[1.1411,6.3641,2.7452],"size":[1,1.5,1],"pivot":[0.0513,6.5527,3.3731],"uv":{"north":{"uv":[6.016,12.016],"uv_size":[1.984,1.984]},"south":{"uv":[6.016,12.016],"uv_size":[1.984,1.984]},"east":{"uv":[6.016,12.016],"uv_size":[1.984,1.984]},"west":{"uv":[6.016,12.016],"uv_size":[1.984,1.984]},"up":{"uv":[7.984,13.984],"uv_size":[-1.984,-1.984]},"down":{"uv":[7.984,13.984],"uv_size":[-1.984,-1.984]}}}],"name":"rot_8"},{"parent":"geyser_custom_z","pivot":[-6.0808,3.5356,-3.0044],"rotation":[0,0,-45],"cubes":[{"origin":[-5.4967,3.4345,-3.341],"size":[0.5359,0.8039,0.5359],"pivot":[-6.0808,3.5356,-3.0044],"uv":{"north":{"uv":[6.016,12.016],"uv_size":[1.984,1.984]},"south":{"uv":[6.016,12.016],"uv_size":[1.984,1.984]},"east":{"uv":[6.016,12.016],"uv_size":[1.984,1.984]},"west":{"uv":[6.016,12.016],"uv_size":[1.984,1.984]},"up":{"uv":[7.984,13.984],"uv_size":[-1.984,-1.984]},"down":{"uv":[7.984,13.984],"uv_size":[-1.984,-1.984]}}}],"name":"rot_9"},{"parent":"geyser_custom_z","pivot":[7.282,4.6371,-4.293],"rotation":[22.5,0,0],"cubes":[{"origin":[6.9144,6.7469,-3.7105],"size":[0.56,0.7,0.56],"pivot":[7.282,4.6371,-4.293],"uv":{"north":{"uv":[6.016,12.016],"uv_size":[1.984,1.984]},"south":{"uv":[6.016,12.016],"uv_size":[1.984,1.984]},"east":{"uv":[6.016,12.016],"uv_size":[1.984,1.984]},"west":{"uv":[6.016,12.016],"uv_size":[1.984,1.984]},"up":{"uv":[7.984,13.984],"uv_size":[-1.984,-1.984]},"down":{"uv":[7.984,13.984],"uv_size":[-1.984,-1.984]}}},{"origin":[6.4932,5.3743,-3.5611],"size":[2.1,0,2.1],"pivot":[7.282,4.6371,-4.293],"uv":{"north":{"uv":[10.006,12],"uv_size":[0.369,0]},"south":{"uv":[10.006,12],"uv_size":[0.369,0]},"east":{"uv":[10.006,12],"uv_size":[0.369,0]},"west":{"uv":[10.006,12],"uv_size":[0.369,0]},"up":{"uv":[0.861,12.738],"uv_size":[-0.861,-0.738]},"down":{"uv":[0.861,12.738],"uv_size":[-0.861,-0.738]}}}],"name":"rot_10"},{"parent":"geyser_custom_z","pivot":[0.0513,6.5527,3.3731],"rotation":[22.5,0,0],"cubes":[{"origin":[-2.1474,7.6353,4.3473],"size":[3,0,3],"pivot":[0.0513,6.5527,3.3731],"uv":{"north":{"uv":[0.014,12.012],"uv_size":[0.861,0.738]},"south":{"uv":[0.014,12.012],"uv_size":[0.861,0.738]},"east":{"uv":[0.014,12.012],"uv_size":[0.861,0.738]},"west":{"uv":[0.014,12.012],"uv_size":[0.861,0.738]},"up":{"uv":[0.861,12.738],"uv_size":[-0.861,-0.738]},"down":{"uv":[0.861,12.738],"uv_size":[-0.861,-0.738]}}}],"name":"rot_11"},{"parent":"geyser_custom_z","pivot":[-6.0808,3.5356,-3.0044],"rotation":[22.5,0,0],"cubes":[{"origin":[-7.2591,4.1158,-2.4823],"size":[1.6078,0,1.6078],"pivot":[-6.0808,3.5356,-3.0044],"uv":{"north":{"uv":[0.014,12.012],"uv_size":[0.861,0.738]},"south":{"uv":[0.014,12.012],"uv_size":[0.861,0.738]},"east":{"uv":[0.014,12.012],"uv_size":[0.861,0.738]},"west":{"uv":[0.014,12.012],"uv_size":[0.861,0.738]},"up":{"uv":[0.861,12.738],"uv_size":[-0.861,-0.738]},"down":{"uv":[0.861,12.738],"uv_size":[-0.861,-0.738]}}}],"name":"rot_12"},{"parent":"geyser_custom_z","pivot":[7.282,4.6371,-4.293],"rotation":[0,0,-22.5],"cubes":[{"origin":[7.9639,5.395,-4.8539],"size":[2.1,0,2.1],"pivot":[7.282,4.6371,-4.293],"uv":{"north":{"uv":[0.014,12.012],"uv_size":[0.861,0.738]},"south":{"uv":[0.014,12.012],"uv_size":[0.861,0.738]},"east":{"uv":[0.014,12.012],"uv_size":[0.861,0.738]},"west":{"uv":[0.014,12.012],"uv_size":[0.861,0.738]},"up":{"uv":[0.861,12.738],"uv_size":[-0.861,-0.738]},"down":{"uv":[0.861,12.738],"uv_size":[-0.861,-0.738]}}}],"name":"rot_13"},{"parent":"geyser_custom_z","pivot":[7.282,4.6371,-4.293],"rotation":[0,-0,0],"cubes":[{"origin":[5.0566,0.7503,-7.5615],"size":[4.2,4.2,6.3],"pivot":[7.282,4.6371,-4.293],"uv":{"north":{"uv":[14.016,10.016],"uv_size":[1.984,1.984]},"south":{"uv":[10.016,12.016],"uv_size":[1.984,1.984]},"east":{"uv":[10.016,12.012],"uv_size":[1.109,0.738]},"west":{"uv":[10.016,12.012],"uv_size":[1.109,0.738]},"up":{"uv":[11.984,13.109],"uv_size":[-1.984,-1.109]},"down":{"uv":[11.984,13.109],"uv_size":[-1.984,-1.109]}}},{"origin":[4.0073,0.7503,-6.5305],"size":[6.3,4.2,4.2],"pivot":[7.282,4.6371,-4.293],"uv":{"north":{"uv":[10.016,12.012],"uv_size":[1.109,0.738]},"south":{"uv":[10.016,12.012],"uv_size":[1.109,0.738]},"east":{"uv":[10.016,12.016],"uv_size":[1.984,1.984]},"west":{"uv":[10.016,12.016],"uv_size":[1.984,1.984]},"up":{"uv":[11.984,13.109],"uv_size":[-1.984,-1.109]},"down":{"uv":[11.984,13.109],"uv_size":[-1.984,-1.109]}}},{"origin":[4.4533,0.0356,-6.2222],"size":[5.418,5.6,3.612],"pivot":[7.282,4.6371,-4.293],"uv":{"north":{"uv":[10.016,12.012],"uv_size":[1.109,0.738]},"south":{"uv":[10.016,12.012],"uv_size":[1.109,0.738]},"east":{"uv":[10.016,12.016],"uv_size":[1.984,1.109]},"west":{"uv":[10.016,12.016],"uv_size":[1.984,1.109]},"up":{"uv":[13.984,13.984],"uv_size":[-1.984,-1.984]},"down":{"uv":[11.984,13.984],"uv_size":[-1.984,-1.984]}}},{"origin":[5.3557,0.037,-7.109],"size":[3.612,5.6,5.418],"pivot":[7.282,4.6371,-4.293],"uv":{"north":{"uv":[10.016,12.016],"uv_size":[1.984,1.109]},"south":{"uv":[10.016,12.016],"uv_size":[1.984,1.109]},"east":{"uv":[12.016,12.012],"uv_size":[1.109,0.738]},"west":{"uv":[12.016,12.012],"uv_size":[1.109,0.738]},"up":{"uv":[13.984,13.984],"uv_size":[-1.984,-1.984]},"down":{"uv":[11.984,13.984],"uv_size":[-1.984,-1.984]}}},{"origin":[6.8432,5.6503,-4.6789],"size":[0.7,1.4,0.7],"pivot":[7.282,4.6371,-4.293],"uv":{"north":{"uv":[6.016,12.016],"uv_size":[1.984,1.984]},"south":{"uv":[6.016,12.016],"uv_size":[1.984,1.984]},"east":{"uv":[6.016,12.016],"uv_size":[1.984,1.984]},"west":{"uv":[6.016,12.016],"uv_size":[1.984,1.984]},"up":{"uv":[7.984,13.984],"uv_size":[-1.984,-1.984]},"down":{"uv":[7.984,13.984],"uv_size":[-1.984,-1.984]}}}],"name":"rot_14"},{"parent":"geyser_custom_z","pivot":[0.0513,6.5527,3.3731],"rotation":[0,-0,0],"cubes":[{"origin":[-4.2794,1,0.1941],"size":[9,6,6],"pivot":[0.0513,6.5527,3.3731],"uv":{"north":{"uv":[10.016,12.012],"uv_size":[1.109,0.738]},"south":{"uv":[10.016,12.012],"uv_size":[1.109,0.738]},"east":{"uv":[10.016,12.016],"uv_size":[1.984,1.984]},"west":{"uv":[10.016,12.016],"uv_size":[1.984,1.984]},"up":{"uv":[11.984,13.109],"uv_size":[-1.984,-1.109]},"down":{"uv":[11.984,13.109],"uv_size":[-1.984,-1.109]}}},{"origin":[-2.7523,1,-1.305],"size":[6,6,9],"pivot":[0.0513,6.5527,3.3731],"uv":{"north":{"uv":[14.016,10.016],"uv_size":[1.984,1.984]},"south":{"uv":[10.016,12.016],"uv_size":[1.984,1.984]},"east":{"uv":[10.016,12.012],"uv_size":[1.109,0.738]},"west":{"uv":[10.016,12.012],"uv_size":[1.109,0.738]},"up":{"uv":[11.984,13.109],"uv_size":[-1.984,-1.109]},"down":{"uv":[11.984,13.109],"uv_size":[-1.984,-1.109]}}},{"origin":[-2.3526,-0.021,-0.6679],"size":[5.16,8,7.74],"pivot":[0.0513,6.5527,3.3731],"uv":{"north":{"uv":[10.016,12.016],"uv_size":[1.984,1.109]},"south":{"uv":[10.016,12.016],"uv_size":[1.984,1.109]},"east":{"uv":[10.016,12.012],"uv_size":[1.109,0.738]},"west":{"uv":[10.016,12.012],"uv_size":[1.109,0.738]},"up":{"uv":[13.984,13.984],"uv_size":[-1.984,-1.984]},"down":{"uv":[11.984,13.984],"uv_size":[-1.984,-1.984]}}},{"origin":[-3.6659,-0.019,0.6214],"size":[7.74,8,5.16],"pivot":[0.0513,6.5527,3.3731],"uv":{"north":{"uv":[12.016,12.012],"uv_size":[1.109,0.738]},"south":{"uv":[12.016,12.012],"uv_size":[1.109,0.738]},"east":{"uv":[10.016,12.016],"uv_size":[1.984,1.109]},"west":{"uv":[10.016,12.016],"uv_size":[1.984,1.109]},"up":{"uv":[13.984,13.984],"uv_size":[-1.984,-1.984]},"down":{"uv":[11.984,13.984],"uv_size":[-1.984,-1.984]}}},{"origin":[-0.3974,8,2.7463],"size":[1,2,1],"pivot":[0.0513,6.5527,3.3731],"uv":{"north":{"uv":[6.016,12.016],"uv_size":[1.984,1.984]},"south":{"uv":[6.016,12.016],"uv_size":[1.984,1.984]},"east":{"uv":[6.016,12.016],"uv_size":[1.984,1.984]},"west":{"uv":[6.016,12.016],"uv_size":[1.984,1.984]},"up":{"uv":[7.984,13.984],"uv_size":[-1.984,-1.984]},"down":{"uv":[7.984,13.984],"uv_size":[-1.984,-1.984]}}}],"name":"rot_15"},{"parent":"geyser_custom_z","pivot":[-6.0808,3.5356,-3.0044],"rotation":[0,-0,0],"cubes":[{"origin":[-8.4017,0.5598,-4.7081],"size":[4.8233,3.2155,3.2155],"pivot":[-6.0808,3.5356,-3.0044],"uv":{"north":{"uv":[10.016,12.012],"uv_size":[1.109,0.738]},"south":{"uv":[10.016,12.012],"uv_size":[1.109,0.738]},"east":{"uv":[10.016,12.016],"uv_size":[1.984,1.984]},"west":{"uv":[10.016,12.016],"uv_size":[1.984,1.984]},"up":{"uv":[11.984,13.109],"uv_size":[-1.984,-1.109]},"down":{"uv":[11.984,13.109],"uv_size":[-1.984,-1.109]}}},{"origin":[-7.5833,0.5598,-5.5115],"size":[3.2155,3.2155,4.8233],"pivot":[-6.0808,3.5356,-3.0044],"uv":{"north":{"uv":[14.016,10.016],"uv_size":[1.984,1.984]},"south":{"uv":[10.016,12.016],"uv_size":[1.984,1.984]},"east":{"uv":[10.016,12.012],"uv_size":[1.109,0.738]},"west":{"uv":[10.016,12.012],"uv_size":[1.109,0.738]},"up":{"uv":[11.984,13.109],"uv_size":[-1.984,-1.109]},"down":{"uv":[11.984,13.109],"uv_size":[-1.984,-1.109]}}},{"origin":[-7.3691,0.0126,-5.1701],"size":[2.7653,4.2874,4.148],"pivot":[-6.0808,3.5356,-3.0044],"uv":{"north":{"uv":[10.016,12.016],"uv_size":[1.984,1.109]},"south":{"uv":[10.016,12.016],"uv_size":[1.984,1.109]},"east":{"uv":[10.016,12.012],"uv_size":[1.109,0.738]},"west":{"uv":[10.016,12.012],"uv_size":[1.109,0.738]},"up":{"uv":[13.984,13.984],"uv_size":[-1.984,-1.984]},"down":{"uv":[11.984,13.984],"uv_size":[-1.984,-1.984]}}},{"origin":[-8.0729,0.0137,-4.4791],"size":[4.148,4.2874,2.7653],"pivot":[-6.0808,3.5356,-3.0044],"uv":{"north":{"uv":[12.016,12.012],"uv_size":[1.109,0.738]},"south":{"uv":[12.016,12.012],"uv_size":[1.109,0.738]},"east":{"uv":[10.016,12.016],"uv_size":[1.984,1.109]},"west":{"uv":[10.016,12.016],"uv_size":[1.984,1.109]},"up":{"uv":[13.984,13.984],"uv_size":[-1.984,-1.984]},"down":{"uv":[11.984,13.984],"uv_size":[-1.984,-1.984]}}},{"origin":[-6.3213,4.3113,-3.3403],"size":[0.5359,1.0718,0.5359],"pivot":[-6.0808,3.5356,-3.0044],"uv":{"north":{"uv":[6.016,12.016],"uv_size":[1.984,1.984]},"south":{"uv":[6.016,12.016],"uv_size":[1.984,1.984]},"east":{"uv":[6.016,12.016],"uv_size":[1.984,1.984]},"west":{"uv":[6.016,12.016],"uv_size":[1.984,1.984]},"up":{"uv":[7.984,13.984],"uv_size":[-1.984,-1.984]},"down":{"uv":[7.984,13.984],"uv_size":[-1.984,-1.984]}}}],"name":"rot_16"},{"parent":"geyser_custom_z","pivot":[0.0513,6.5527,3.3731],"rotation":[0,0,22.5],"cubes":[{"origin":[-1.5809,9.5666,2.848],"size":[0.8,1,0.8],"pivot":[0.0513,6.5527,3.3731],"uv":{"north":{"uv":[6.016,12.016],"uv_size":[1.984,1.984]},"south":{"uv":[6.016,12.016],"uv_size":[1.984,1.984]},"east":{"uv":[6.016,12.016],"uv_size":[1.984,1.984]},"west":{"uv":[6.016,12.016],"uv_size":[1.984,1.984]},"up":{"uv":[7.984,13.984],"uv_size":[-1.984,-1.984]},"down":{"uv":[7.984,13.984],"uv_size":[-1.984,-1.984]}}},{"origin":[-3.9942,7.6057,2.2463],"size":[3,0,3],"pivot":[0.0513,6.5527,3.3731],"uv":{"north":{"uv":[10.006,12],"uv_size":[0.369,0]},"south":{"uv":[10.006,12],"uv_size":[0.369,0]},"east":{"uv":[10.006,12],"uv_size":[0.369,0]},"west":{"uv":[10.006,12],"uv_size":[0.369,0]},"up":{"uv":[0.861,12.738],"uv_size":[-0.861,-0.738]},"down":{"uv":[0.861,12.738],"uv_size":[-0.861,-0.738]}}}],"name":"rot_17"},{"parent":"geyser_custom_z","pivot":[-6.0808,3.5356,-3.0044],"rotation":[0,0,22.5],"cubes":[{"origin":[-6.9555,5.1508,-3.2858],"size":[0.4287,0.5359,0.4287],"pivot":[-6.0808,3.5356,-3.0044],"uv":{"north":{"uv":[6.016,12.016],"uv_size":[1.984,1.984]},"south":{"uv":[6.016,12.016],"uv_size":[1.984,1.984]},"east":{"uv":[6.016,12.016],"uv_size":[1.984,1.984]},"west":{"uv":[6.016,12.016],"uv_size":[1.984,1.984]},"up":{"uv":[7.984,13.984],"uv_size":[-1.984,-1.984]},"down":{"uv":[7.984,13.984],"uv_size":[-1.984,-1.984]}}},{"origin":[-8.2489,4.1,-3.6083],"size":[1.6078,0,1.6078],"pivot":[-6.0808,3.5356,-3.0044],"uv":{"north":{"uv":[10.006,12],"uv_size":[0.369,0]},"south":{"uv":[10.006,12],"uv_size":[0.369,0]},"east":{"uv":[10.006,12],"uv_size":[0.369,0]},"west":{"uv":[10.006,12],"uv_size":[0.369,0]},"up":{"uv":[0.861,12.738],"uv_size":[-0.861,-0.738]},"down":{"uv":[0.861,12.738],"uv_size":[-0.861,-0.738]}}}],"name":"rot_18"},{"parent":"geyser_custom_z","pivot":[7.282,4.6371,-4.293],"rotation":[-45,0,0],"cubes":[{"origin":[6.8424,4.5051,-5.7559],"size":[0.7,1.05,0.7],"pivot":[7.282,4.6371,-4.293],"uv":{"north":{"uv":[6.016,12.016],"uv_size":[1.984,1.984]},"south":{"uv":[6.016,12.016],"uv_size":[1.984,1.984]},"east":{"uv":[6.016,12.016],"uv_size":[1.984,1.984]},"west":{"uv":[6.016,12.016],"uv_size":[1.984,1.984]},"up":{"uv":[7.984,13.984],"uv_size":[-1.984,-1.984]},"down":{"uv":[7.984,13.984],"uv_size":[-1.984,-1.984]}}}],"name":"rot_19"},{"parent":"geyser_custom_z","pivot":[0.0513,6.5527,3.3731],"rotation":[-45,0,0],"cubes":[{"origin":[-0.3974,6.3102,1.2294],"size":[1,1.5,1],"pivot":[0.0513,6.5527,3.3731],"uv":{"north":{"uv":[6.016,12.016],"uv_size":[1.984,1.984]},"south":{"uv":[6.016,12.016],"uv_size":[1.984,1.984]},"east":{"uv":[6.016,12.016],"uv_size":[1.984,1.984]},"west":{"uv":[6.016,12.016],"uv_size":[1.984,1.984]},"up":{"uv":[7.984,13.984],"uv_size":[-1.984,-1.984]},"down":{"uv":[7.984,13.984],"uv_size":[-1.984,-1.984]}}}],"name":"rot_20"},{"parent":"geyser_custom_z","pivot":[-6.0808,3.5356,-3.0044],"rotation":[-45,0,0],"cubes":[{"origin":[-6.3213,3.4057,-4.1533],"size":[0.5359,0.8039,0.5359],"pivot":[-6.0808,3.5356,-3.0044],"uv":{"north":{"uv":[6.016,12.016],"uv_size":[1.984,1.984]},"south":{"uv":[6.016,12.016],"uv_size":[1.984,1.984]},"east":{"uv":[6.016,12.016],"uv_size":[1.984,1.984]},"west":{"uv":[6.016,12.016],"uv_size":[1.984,1.984]},"up":{"uv":[7.984,13.984],"uv_size":[-1.984,-1.984]},"down":{"uv":[7.984,13.984],"uv_size":[-1.984,-1.984]}}}],"name":"rot_21"},{"parent":"geyser_custom_z","pivot":[7.282,4.6371,-4.293],"rotation":[0,0,45],"cubes":[{"origin":[5.7814,4.4674,-4.6789],"size":[0.7,1.05,0.7],"pivot":[7.282,4.6371,-4.293],"uv":{"north":{"uv":[6.016,12.016],"uv_size":[1.984,1.984]},"south":{"uv":[6.016,12.016],"uv_size":[1.984,1.984]},"east":{"uv":[6.016,12.016],"uv_size":[1.984,1.984]},"west":{"uv":[6.016,12.016],"uv_size":[1.984,1.984]},"up":{"uv":[7.984,13.984],"uv_size":[-1.984,-1.984]},"down":{"uv":[7.984,13.984],"uv_size":[-1.984,-1.984]}}}],"name":"rot_22"},{"parent":"geyser_custom_z","pivot":[0.0513,6.5527,3.3731],"rotation":[0,0,45],"cubes":[{"origin":[-2.8938,9.6358,2.9472],"size":[0.6,1,0.6],"pivot":[0.0513,6.5527,3.3731],"uv":{"north":{"uv":[6.016,12.016],"uv_size":[1.984,1.984]},"south":{"uv":[6.016,12.016],"uv_size":[1.984,1.984]},"east":{"uv":[6.016,12.016],"uv_size":[1.984,1.984]},"west":{"uv":[6.016,12.016],"uv_size":[1.984,1.984]},"up":{"uv":[7.984,13.984],"uv_size":[-1.984,-1.984]},"down":{"uv":[7.984,13.984],"uv_size":[-1.984,-1.984]}}},{"origin":[-1.9669,6.4358,2.7452],"size":[1,1.5,1],"pivot":[0.0513,6.5527,3.3731],"uv":{"north":{"uv":[6.016,12.016],"uv_size":[1.984,1.984]},"south":{"uv":[6.016,12.016],"uv_size":[1.984,1.984]},"east":{"uv":[6.016,12.016],"uv_size":[1.984,1.984]},"west":{"uv":[6.016,12.016],"uv_size":[1.984,1.984]},"up":{"uv":[7.984,13.984],"uv_size":[-1.984,-1.984]},"down":{"uv":[7.984,13.984],"uv_size":[-1.984,-1.984]}}}],"name":"rot_23"},{"parent":"geyser_custom_z","pivot":[-6.0808,3.5356,-3.0044],"rotation":[0,0,45],"cubes":[{"origin":[-7.6591,5.1879,-3.2327],"size":[0.3216,0.5359,0.3215],"pivot":[-6.0808,3.5356,-3.0044],"uv":{"north":{"uv":[6.016,12.016],"uv_size":[1.984,1.984]},"south":{"uv":[6.016,12.016],"uv_size":[1.984,1.984]},"east":{"uv":[6.016,12.016],"uv_size":[1.984,1.984]},"west":{"uv":[6.016,12.016],"uv_size":[1.984,1.984]},"up":{"uv":[7.984,13.984],"uv_size":[-1.984,-1.984]},"down":{"uv":[7.984,13.984],"uv_size":[-1.984,-1.984]}}},{"origin":[-7.1624,3.473,-3.341],"size":[0.5359,0.8039,0.5359],"pivot":[-6.0808,3.5356,-3.0044],"uv":{"north":{"uv":[6.016,12.016],"uv_size":[1.984,1.984]},"south":{"uv":[6.016,12.016],"uv_size":[1.984,1.984]},"east":{"uv":[6.016,12.016],"uv_size":[1.984,1.984]},"west":{"uv":[6.016,12.016],"uv_size":[1.984,1.984]},"up":{"uv":[7.984,13.984],"uv_size":[-1.984,-1.984]},"down":{"uv":[7.984,13.984],"uv_size":[-1.984,-1.984]}}}],"name":"rot_24"}]}]}
