{"format_version":"1.16.0","minecraft:geometry":[{"description":{"identifier":"geometry.geyser_custom.geo_e9c1182","texture_width":16,"texture_height":16,"visible_bounds_width":4,"visible_bounds_height":4.5,"visible_bounds_offset":[0,0.75,0]},"bones":[{"name":"geyser_custom","binding":"c.item_slot == 'head' ? 'head' : q.item_slot_to_bone_name(c.item_slot)","pivot":[0,8,0]},{"name":"geyser_custom_x","parent":"geyser_custom","pivot":[0,8,0]},{"name":"geyser_custom_y","parent":"geyser_custom_x","pivot":[0,8,0]},{"name":"geyser_custom_z","parent":"geyser_custom_y","pivot":[0,8,0],"cubes":[]},{"parent":"geyser_custom_z","pivot":[25.5,9.3,0],"rotation":[0,-0,0],"cubes":[{"origin":[17.425,12.55,6.725],"size":[0.15,0.75,0.15],"pivot":[25.5,9.3,0],"uv":{"north":{"uv":[0.258,8.766],"uv_size":[0.492,0.984]},"south":{"uv":[0.258,8.766],"uv_size":[0.492,0.984]},"east":{"uv":[0.258,8.766],"uv_size":[0.492,0.984]},"west":{"uv":[0.258,8.766],"uv_size":[0.492,0.984]},"up":{"uv":[0.742,9.734],"uv_size":[-0.492,-0.984]},"down":{"uv":[0.742,9.734],"uv_size":[-0.492,-0.984]}}}],"name":"rot_1"},{"parent":"geyser_custom_z","pivot":[23.425,16.28,11.75],"rotation":[0,-0,0],"cubes":[{"origin":[19.465,10.345,6.8],"size":[1.31,1.315,0],"pivot":[23.425,16.28,11.75],"uv":{"north":{"uv":[4.109,2.016],"uv_size":[-1.109,1.984]}}}],"name":"rot_2"},{"parent":"geyser_custom_z","pivot":[22.525,5.72,11.75],"rotation":[0,-0,0],"cubes":[{"origin":[17.576,9.38,6.83],"size":[0.358,0.96,0],"pivot":[22.525,5.72,11.75],"uv":{"north":{"uv":[0.762,1.49],"uv_size":[0.738,-0.615]},"south":{"uv":[0.012,1.365],"uv_size":[0.738,-0.615]},"east":{"uv":[0.012,1.365],"uv_size":[0.738,-0.615]},"west":{"uv":[0.012,1.365],"uv_size":[0.738,-0.615]},"up":{"uv":[0.004,8.004],"uv_size":[0.246,0.246]},"down":{"uv":[1.488,0.01],"uv_size":[-0.738,0.615]}}}],"name":"rot_3"},{"parent":"geyser_custom_z","pivot":[22.125,5.72,11.75],"rotation":[0,-0,0],"cubes":[{"origin":[17.076,9.68,6.57],"size":[0.858,0.66,0.46],"pivot":[22.125,5.72,11.75],"uv":{"north":{"uv":[0.762,1.49],"uv_size":[0.738,-0.615]},"south":{"uv":[0.012,1.365],"uv_size":[0.738,-0.615]},"east":{"uv":[0.012,1.365],"uv_size":[0.738,-0.615]},"west":{"uv":[0.012,1.365],"uv_size":[0.738,-0.615]},"up":{"uv":[0.004,8.004],"uv_size":[0.246,0.246]},"down":{"uv":[1.488,0.01],"uv_size":[-0.738,0.615]}}},{"origin":[17.076,9.38,6.83],"size":[0.358,0.96,0],"pivot":[22.125,5.72,11.75],"uv":{"north":{"uv":[0.762,1.49],"uv_size":[0.738,-0.615]},"south":{"uv":[0.012,1.365],"uv_size":[0.738,-0.615]},"east":{"uv":[0.012,1.365],"uv_size":[0.738,-0.615]},"west":{"uv":[0.012,1.365],"uv_size":[0.738,-0.615]},"up":{"uv":[0.004,8.004],"uv_size":[0.246,0.246]},"down":{"uv":[1.488,0.01],"uv_size":[-0.738,0.615]}}}],"name":"rot_4"},{"parent":"geyser_custom_z","pivot":[22.125,16.58,11.75],"rotation":[0,-0,0],"cubes":[{"origin":[16.845,10.31,6.47],"size":[1.32,1.65,0.66],"pivot":[22.125,16.58,11.75],"uv":{"north":{"uv":[1.234,2.766],"uv_size":[-1.234,1.359]},"south":{"uv":[1.234,2.766],"uv_size":[-1.234,1.359]},"east":{"uv":[1.234,2.766],"uv_size":[-1.234,1.359]},"west":{"uv":[1.234,2.766],"uv_size":[-1.234,1.359]},"up":{"uv":[0.016,2.873],"uv_size":[1.234,-0.123]},"down":{"uv":[0.016,4.121],"uv_size":[1.234,-0.246]}}},{"origin":[16.845,11.91,6.77],"size":[1.32,0.65,0],"pivot":[22.125,16.58,11.75],"uv":{"north":{"uv":[1.113,4.387],"uv_size":[-0.738,0.738]},"south":{"uv":[1.113,4.387],"uv_size":[-0.738,0.738]},"east":{"uv":[1.234,2.766],"uv_size":[-1.234,1.359]},"west":{"uv":[1.234,2.766],"uv_size":[-1.234,1.359]},"up":{"uv":[0.141,4.623],"uv_size":[1.234,-0.123]},"down":{"uv":[0.016,4.121],"uv_size":[1.234,-0.246]}}},{"origin":[18.165,10.645,6.8],"size":[1.31,1.315,0],"pivot":[22.125,16.58,11.75],"uv":{"north":{"uv":[5.391,0.141],"uv_size":[1.234,1.984]},"south":{"uv":[6.609,0.141],"uv_size":[-1.234,1.984]}}}],"name":"rot_5"},{"parent":"geyser_custom_z","pivot":[19.2,8.4,0],"rotation":[0,-0,0],"cubes":[{"origin":[11.125,11.65,6.725],"size":[0.15,0.75,0.15],"pivot":[19.2,8.4,0],"uv":{"north":{"uv":[0.258,8.766],"uv_size":[0.492,0.984]},"south":{"uv":[0.258,8.766],"uv_size":[0.492,0.984]},"east":{"uv":[0.258,8.766],"uv_size":[0.492,0.984]},"west":{"uv":[0.258,8.766],"uv_size":[0.492,0.984]},"up":{"uv":[0.742,9.734],"uv_size":[-0.492,-0.984]},"down":{"uv":[0.742,9.734],"uv_size":[-0.492,-0.984]}}}],"name":"rot_6"},{"parent":"geyser_custom_z","pivot":[17.125,15.38,11.75],"rotation":[0,-0,0],"cubes":[{"origin":[13.165,9.445,6.8],"size":[1.31,1.315,0],"pivot":[17.125,15.38,11.75],"uv":{"north":{"uv":[4.109,2.016],"uv_size":[-1.109,1.984]}}}],"name":"rot_7"},{"parent":"geyser_custom_z","pivot":[16.225,4.82,11.75],"rotation":[0,-0,0],"cubes":[{"origin":[11.276,8.48,6.83],"size":[0.358,0.96,0],"pivot":[16.225,4.82,11.75],"uv":{"north":{"uv":[0.762,1.49],"uv_size":[0.738,-0.615]},"south":{"uv":[0.012,1.365],"uv_size":[0.738,-0.615]},"east":{"uv":[0.012,1.365],"uv_size":[0.738,-0.615]},"west":{"uv":[0.012,1.365],"uv_size":[0.738,-0.615]},"up":{"uv":[0.004,8.004],"uv_size":[0.246,0.246]},"down":{"uv":[1.488,0.01],"uv_size":[-0.738,0.615]}}}],"name":"rot_8"},{"parent":"geyser_custom_z","pivot":[15.825,4.82,11.75],"rotation":[0,-0,0],"cubes":[{"origin":[10.776,8.78,6.57],"size":[0.858,0.66,0.46],"pivot":[15.825,4.82,11.75],"uv":{"north":{"uv":[0.762,1.49],"uv_size":[0.738,-0.615]},"south":{"uv":[0.012,1.365],"uv_size":[0.738,-0.615]},"east":{"uv":[0.012,1.365],"uv_size":[0.738,-0.615]},"west":{"uv":[0.012,1.365],"uv_size":[0.738,-0.615]},"up":{"uv":[0.004,8.004],"uv_size":[0.246,0.246]},"down":{"uv":[1.488,0.01],"uv_size":[-0.738,0.615]}}},{"origin":[10.776,8.48,6.83],"size":[0.358,0.96,0],"pivot":[15.825,4.82,11.75],"uv":{"north":{"uv":[0.762,1.49],"uv_size":[0.738,-0.615]},"south":{"uv":[0.012,1.365],"uv_size":[0.738,-0.615]},"east":{"uv":[0.012,1.365],"uv_size":[0.738,-0.615]},"west":{"uv":[0.012,1.365],"uv_size":[0.738,-0.615]},"up":{"uv":[0.004,8.004],"uv_size":[0.246,0.246]},"down":{"uv":[1.488,0.01],"uv_size":[-0.738,0.615]}}}],"name":"rot_9"},{"parent":"geyser_custom_z","pivot":[15.825,15.68,11.75],"rotation":[0,-0,0],"cubes":[{"origin":[10.545,9.41,6.47],"size":[1.32,1.65,0.66],"pivot":[15.825,15.68,11.75],"uv":{"north":{"uv":[1.234,2.766],"uv_size":[-1.234,1.359]},"south":{"uv":[1.234,2.766],"uv_size":[-1.234,1.359]},"east":{"uv":[1.234,2.766],"uv_size":[-1.234,1.359]},"west":{"uv":[1.234,2.766],"uv_size":[-1.234,1.359]},"up":{"uv":[0.016,2.873],"uv_size":[1.234,-0.123]},"down":{"uv":[0.016,4.121],"uv_size":[1.234,-0.246]}}},{"origin":[10.545,11.01,6.77],"size":[1.32,0.65,0],"pivot":[15.825,15.68,11.75],"uv":{"north":{"uv":[1.113,4.387],"uv_size":[-0.738,0.738]},"south":{"uv":[1.113,4.387],"uv_size":[-0.738,0.738]},"east":{"uv":[1.234,2.766],"uv_size":[-1.234,1.359]},"west":{"uv":[1.234,2.766],"uv_size":[-1.234,1.359]},"up":{"uv":[0.141,4.623],"uv_size":[1.234,-0.123]},"down":{"uv":[0.016,4.121],"uv_size":[1.234,-0.246]}}},{"origin":[11.865,9.745,6.8],"size":[1.31,1.315,0],"pivot":[15.825,15.68,11.75],"uv":{"north":{"uv":[5.391,0.141],"uv_size":[1.234,1.984]},"south":{"uv":[6.609,0.141],"uv_size":[-1.234,1.984]}}}],"name":"rot_10"},{"parent":"geyser_custom_z","pivot":[15.5,8,0],"rotation":[0,-0,0],"cubes":[{"origin":[7.25,12,6.55],"size":[0.5,0.2,0.5],"pivot":[15.5,8,0],"uv":{"north":{"uv":[5.609,8.391],"uv_size":[-1.109,1.109]},"south":{"uv":[5.609,8.391],"uv_size":[-1.109,1.109]},"east":{"uv":[5.609,8.391],"uv_size":[-1.109,1.109]},"west":{"uv":[5.609,8.391],"uv_size":[-1.109,1.109]},"up":{"uv":[4.516,9.484],"uv_size":[1.109,-1.109]},"down":{"uv":[4.516,9.484],"uv_size":[1.109,-1.109]}}}],"name":"rot_11"},{"parent":"geyser_custom_z","pivot":[15,8.1,0],"rotation":[0,-0,0],"cubes":[{"origin":[6.75,12.1,6.55],"size":[0.5,0.2,0.5],"pivot":[15,8.1,0],"uv":{"north":{"uv":[5.609,8.391],"uv_size":[-1.109,1.109]},"south":{"uv":[5.609,8.391],"uv_size":[-1.109,1.109]},"east":{"uv":[5.609,8.391],"uv_size":[-1.109,1.109]},"west":{"uv":[5.609,8.391],"uv_size":[-1.109,1.109]},"up":{"uv":[4.516,9.484],"uv_size":[1.109,-1.109]},"down":{"uv":[4.516,9.484],"uv_size":[1.109,-1.109]}}}],"name":"rot_12"},{"parent":"geyser_custom_z","pivot":[14.5,8.2,0],"rotation":[0,-0,0],"cubes":[{"origin":[6.25,12.2,6.55],"size":[0.5,0.2,0.5],"pivot":[14.5,8.2,0],"uv":{"north":{"uv":[5.609,8.391],"uv_size":[-1.109,1.109]},"south":{"uv":[5.609,8.391],"uv_size":[-1.109,1.109]},"east":{"uv":[5.609,8.391],"uv_size":[-1.109,1.109]},"west":{"uv":[5.609,8.391],"uv_size":[-1.109,1.109]},"up":{"uv":[4.516,9.484],"uv_size":[1.109,-1.109]},"down":{"uv":[4.516,9.484],"uv_size":[1.109,-1.109]}}}],"name":"rot_13"},{"parent":"geyser_custom_z","pivot":[14,8.3,0],"rotation":[0,-0,0],"cubes":[{"origin":[5.75,12.3,6.55],"size":[0.5,0.2,0.5],"pivot":[14,8.3,0],"uv":{"north":{"uv":[5.609,8.391],"uv_size":[-1.109,1.109]},"south":{"uv":[5.609,8.391],"uv_size":[-1.109,1.109]},"east":{"uv":[5.609,8.391],"uv_size":[-1.109,1.109]},"west":{"uv":[5.609,8.391],"uv_size":[-1.109,1.109]},"up":{"uv":[4.516,9.484],"uv_size":[1.109,-1.109]},"down":{"uv":[4.516,9.484],"uv_size":[1.109,-1.109]}}}],"name":"rot_14"},{"parent":"geyser_custom_z","pivot":[13.5,8.3,0],"rotation":[0,-0,0],"cubes":[{"origin":[5.25,12.3,6.55],"size":[0.5,0.2,0.5],"pivot":[13.5,8.3,0],"uv":{"north":{"uv":[5.609,8.391],"uv_size":[-1.109,1.109]},"south":{"uv":[5.609,8.391],"uv_size":[-1.109,1.109]},"east":{"uv":[5.609,8.391],"uv_size":[-1.109,1.109]},"west":{"uv":[5.609,8.391],"uv_size":[-1.109,1.109]},"up":{"uv":[4.516,9.484],"uv_size":[1.109,-1.109]},"down":{"uv":[4.516,9.484],"uv_size":[1.109,-1.109]}}}],"name":"rot_15"},{"parent":"geyser_custom_z","pivot":[13,8.3,0],"rotation":[0,-0,0],"cubes":[{"origin":[4.75,12.3,6.55],"size":[0.5,0.2,0.5],"pivot":[13,8.3,0],"uv":{"north":{"uv":[5.609,8.391],"uv_size":[-1.109,1.109]},"south":{"uv":[5.609,8.391],"uv_size":[-1.109,1.109]},"east":{"uv":[5.609,8.391],"uv_size":[-1.109,1.109]},"west":{"uv":[5.609,8.391],"uv_size":[-1.109,1.109]},"up":{"uv":[4.516,9.484],"uv_size":[1.109,-1.109]},"down":{"uv":[4.516,9.484],"uv_size":[1.109,-1.109]}}}],"name":"rot_16"},{"parent":"geyser_custom_z","pivot":[12.875,16.58,11.75],"rotation":[0,-0,0],"cubes":[{"origin":[15.525,10.645,6.8],"size":[1.31,1.315,0],"pivot":[12.875,16.58,11.75],"uv":{"north":{"uv":[6.609,0.141],"uv_size":[-1.234,1.984]},"south":{"uv":[5.391,0.141],"uv_size":[1.234,1.984]}}}],"name":"rot_17"},{"parent":"geyser_custom_z","pivot":[12.5,8.3,0],"rotation":[0,-0,0],"cubes":[{"origin":[4.25,12.3,6.55],"size":[0.5,0.2,0.5],"pivot":[12.5,8.3,0],"uv":{"north":{"uv":[5.609,8.391],"uv_size":[-1.109,1.109]},"south":{"uv":[5.609,8.391],"uv_size":[-1.109,1.109]},"east":{"uv":[5.609,8.391],"uv_size":[-1.109,1.109]},"west":{"uv":[5.609,8.391],"uv_size":[-1.109,1.109]},"up":{"uv":[4.516,9.484],"uv_size":[1.109,-1.109]},"down":{"uv":[4.516,9.484],"uv_size":[1.109,-1.109]}}}],"name":"rot_18"},{"parent":"geyser_custom_z","pivot":[12.5,10,0],"rotation":[0,-0,0],"cubes":[{"origin":[20.25,14,6.55],"size":[0.5,0.2,0.5],"pivot":[12.5,10,0],"uv":{"north":{"uv":[4.516,8.391],"uv_size":[1.109,1.109]},"south":{"uv":[4.516,8.391],"uv_size":[1.109,1.109]},"east":{"uv":[4.516,8.391],"uv_size":[1.109,1.109]},"west":{"uv":[4.516,8.391],"uv_size":[1.109,1.109]},"up":{"uv":[5.609,9.484],"uv_size":[-1.109,-1.109]},"down":{"uv":[5.609,9.484],"uv_size":[-1.109,-1.109]}}}],"name":"rot_19"},{"parent":"geyser_custom_z","pivot":[12.3,8.4,0],"rotation":[0,-0,0],"cubes":[{"origin":[4.225,11.65,6.725],"size":[0.15,0.75,0.15],"pivot":[12.3,8.4,0],"uv":{"north":{"uv":[0.258,8.766],"uv_size":[0.492,0.984]},"south":{"uv":[0.258,8.766],"uv_size":[0.492,0.984]},"east":{"uv":[0.258,8.766],"uv_size":[0.492,0.984]},"west":{"uv":[0.258,8.766],"uv_size":[0.492,0.984]},"up":{"uv":[0.742,9.734],"uv_size":[-0.492,-0.984]},"down":{"uv":[0.742,9.734],"uv_size":[-0.492,-0.984]}}}],"name":"rot_20"},{"parent":"geyser_custom_z","pivot":[12,8.3,0],"rotation":[0,-0,0],"cubes":[{"origin":[3.75,12.3,6.55],"size":[0.5,0.2,0.5],"pivot":[12,8.3,0],"uv":{"north":{"uv":[5.609,8.391],"uv_size":[-1.109,1.109]},"south":{"uv":[5.609,8.391],"uv_size":[-1.109,1.109]},"east":{"uv":[5.609,8.391],"uv_size":[-1.109,1.109]},"west":{"uv":[5.609,8.391],"uv_size":[-1.109,1.109]},"up":{"uv":[4.516,9.484],"uv_size":[1.109,-1.109]},"down":{"uv":[4.516,9.484],"uv_size":[1.109,-1.109]}}}],"name":"rot_21"},{"parent":"geyser_custom_z","pivot":[12,9.9,0],"rotation":[0,-0,0],"cubes":[{"origin":[19.75,13.9,6.55],"size":[0.5,0.2,0.5],"pivot":[12,9.9,0],"uv":{"north":{"uv":[4.516,8.391],"uv_size":[1.109,1.109]},"south":{"uv":[4.516,8.391],"uv_size":[1.109,1.109]},"east":{"uv":[4.516,8.391],"uv_size":[1.109,1.109]},"west":{"uv":[4.516,8.391],"uv_size":[1.109,1.109]},"up":{"uv":[5.609,9.484],"uv_size":[-1.109,-1.109]},"down":{"uv":[5.609,9.484],"uv_size":[-1.109,-1.109]}}}],"name":"rot_22"},{"parent":"geyser_custom_z","pivot":[11.575,16.58,11.75],"rotation":[0,-0,0],"cubes":[{"origin":[14.225,10.645,6.8],"size":[1.31,1.315,0],"pivot":[11.575,16.58,11.75],"uv":{"north":{"uv":[4.109,2.016],"uv_size":[-1.109,1.984]}}}],"name":"rot_23"},{"parent":"geyser_custom_z","pivot":[11.5,8.3,0],"rotation":[0,-0,0],"cubes":[{"origin":[3.25,12.3,6.55],"size":[0.5,0.2,0.5],"pivot":[11.5,8.3,0],"uv":{"north":{"uv":[5.609,8.391],"uv_size":[-1.109,1.109]},"south":{"uv":[5.609,8.391],"uv_size":[-1.109,1.109]},"east":{"uv":[5.609,8.391],"uv_size":[-1.109,1.109]},"west":{"uv":[5.609,8.391],"uv_size":[-1.109,1.109]},"up":{"uv":[4.516,9.484],"uv_size":[1.109,-1.109]},"down":{"uv":[4.516,9.484],"uv_size":[1.109,-1.109]}}}],"name":"rot_24"},{"parent":"geyser_custom_z","pivot":[11.5,9.7,0],"rotation":[0,-0,0],"cubes":[{"origin":[19.25,13.7,6.55],"size":[0.5,0.2,0.5],"pivot":[11.5,9.7,0],"uv":{"north":{"uv":[4.516,8.391],"uv_size":[1.109,1.109]},"south":{"uv":[4.516,8.391],"uv_size":[1.109,1.109]},"east":{"uv":[4.516,8.391],"uv_size":[1.109,1.109]},"west":{"uv":[4.516,8.391],"uv_size":[1.109,1.109]},"up":{"uv":[5.609,9.484],"uv_size":[-1.109,-1.109]},"down":{"uv":[5.609,9.484],"uv_size":[-1.109,-1.109]}}}],"name":"rot_25"},{"parent":"geyser_custom_z","pivot":[11,8.4,0],"rotation":[0,-0,0],"cubes":[{"origin":[2.75,12.4,6.55],"size":[0.5,0.2,0.5],"pivot":[11,8.4,0],"uv":{"north":{"uv":[5.609,8.391],"uv_size":[-1.109,1.109]},"south":{"uv":[5.609,8.391],"uv_size":[-1.109,1.109]},"east":{"uv":[5.609,8.391],"uv_size":[-1.109,1.109]},"west":{"uv":[5.609,8.391],"uv_size":[-1.109,1.109]},"up":{"uv":[4.516,9.484],"uv_size":[1.109,-1.109]},"down":{"uv":[4.516,9.484],"uv_size":[1.109,-1.109]}}}],"name":"rot_26"},{"parent":"geyser_custom_z","pivot":[11,9.6,0],"rotation":[0,-0,0],"cubes":[{"origin":[18.75,13.6,6.55],"size":[0.5,0.2,0.5],"pivot":[11,9.6,0],"uv":{"north":{"uv":[4.516,8.391],"uv_size":[1.109,1.109]},"south":{"uv":[4.516,8.391],"uv_size":[1.109,1.109]},"east":{"uv":[4.516,8.391],"uv_size":[1.109,1.109]},"west":{"uv":[4.516,8.391],"uv_size":[1.109,1.109]},"up":{"uv":[5.609,9.484],"uv_size":[-1.109,-1.109]},"down":{"uv":[5.609,9.484],"uv_size":[-1.109,-1.109]}}}],"name":"rot_27"},{"parent":"geyser_custom_z","pivot":[10.6,8.4,0],"rotation":[0,-0,0],"cubes":[{"origin":[2.35,12.4,6.55],"size":[0.5,0.2,0.5],"pivot":[10.6,8.4,0],"uv":{"north":{"uv":[5.609,8.391],"uv_size":[-1.109,1.109]},"south":{"uv":[5.609,8.391],"uv_size":[-1.109,1.109]},"east":{"uv":[5.609,8.391],"uv_size":[-1.109,1.109]},"west":{"uv":[5.609,8.391],"uv_size":[-1.109,1.109]},"up":{"uv":[4.516,9.484],"uv_size":[1.109,-1.109]},"down":{"uv":[4.516,9.484],"uv_size":[1.109,-1.109]}}}],"name":"rot_28"},{"parent":"geyser_custom_z","pivot":[10.5,9.5,0],"rotation":[0,-0,0],"cubes":[{"origin":[18.25,13.5,6.55],"size":[0.5,0.2,0.5],"pivot":[10.5,9.5,0],"uv":{"north":{"uv":[4.516,8.391],"uv_size":[1.109,1.109]},"south":{"uv":[4.516,8.391],"uv_size":[1.109,1.109]},"east":{"uv":[4.516,8.391],"uv_size":[1.109,1.109]},"west":{"uv":[4.516,8.391],"uv_size":[1.109,1.109]},"up":{"uv":[5.609,9.484],"uv_size":[-1.109,-1.109]},"down":{"uv":[5.609,9.484],"uv_size":[-1.109,-1.109]}}}],"name":"rot_29"},{"parent":"geyser_custom_z","pivot":[10.225,15.38,11.75],"rotation":[0,-0,0],"cubes":[{"origin":[6.265,9.445,6.8],"size":[1.31,1.315,0],"pivot":[10.225,15.38,11.75],"uv":{"north":{"uv":[4.109,2.016],"uv_size":[-1.109,1.984]}}}],"name":"rot_30"},{"parent":"geyser_custom_z","pivot":[10,8.4,0],"rotation":[0,-0,0],"cubes":[{"origin":[1.75,12.4,6.55],"size":[0.6,0.2,0.5],"pivot":[10,8.4,0],"uv":{"north":{"uv":[5.609,8.391],"uv_size":[-1.109,1.109]},"south":{"uv":[5.609,8.391],"uv_size":[-1.109,1.109]},"east":{"uv":[5.609,8.391],"uv_size":[-1.109,1.109]},"west":{"uv":[5.609,8.391],"uv_size":[-1.109,1.109]},"up":{"uv":[4.516,9.484],"uv_size":[1.109,-1.109]},"down":{"uv":[4.516,9.484],"uv_size":[1.109,-1.109]}}}],"name":"rot_31"},{"parent":"geyser_custom_z","pivot":[10,9.4,0],"rotation":[0,-0,0],"cubes":[{"origin":[17.75,13.4,6.55],"size":[0.5,0.2,0.5],"pivot":[10,9.4,0],"uv":{"north":{"uv":[4.516,8.391],"uv_size":[1.109,1.109]},"south":{"uv":[4.516,8.391],"uv_size":[1.109,1.109]},"east":{"uv":[4.516,8.391],"uv_size":[1.109,1.109]},"west":{"uv":[4.516,8.391],"uv_size":[1.109,1.109]},"up":{"uv":[5.609,9.484],"uv_size":[-1.109,-1.109]},"down":{"uv":[5.609,9.484],"uv_size":[-1.109,-1.109]}}}],"name":"rot_32"},{"parent":"geyser_custom_z","pivot":[9.5,8.4,0],"rotation":[0,-0,0],"cubes":[{"origin":[1.25,12.4,6.55],"size":[0.5,0.2,0.5],"pivot":[9.5,8.4,0],"uv":{"north":{"uv":[5.609,8.391],"uv_size":[-1.109,1.109]},"south":{"uv":[5.609,8.391],"uv_size":[-1.109,1.109]},"east":{"uv":[5.609,8.391],"uv_size":[-1.109,1.109]},"west":{"uv":[5.609,8.391],"uv_size":[-1.109,1.109]},"up":{"uv":[4.516,9.484],"uv_size":[1.109,-1.109]},"down":{"uv":[4.516,9.484],"uv_size":[1.109,-1.109]}}}],"name":"rot_33"},{"parent":"geyser_custom_z","pivot":[9.5,9.3,0],"rotation":[0,-0,0],"cubes":[{"origin":[17.25,13.3,6.55],"size":[0.5,0.2,0.5],"pivot":[9.5,9.3,0],"uv":{"north":{"uv":[4.516,8.391],"uv_size":[1.109,1.109]},"south":{"uv":[4.516,8.391],"uv_size":[1.109,1.109]},"east":{"uv":[4.516,8.391],"uv_size":[1.109,1.109]},"west":{"uv":[4.516,8.391],"uv_size":[1.109,1.109]},"up":{"uv":[5.609,9.484],"uv_size":[-1.109,-1.109]},"down":{"uv":[5.609,9.484],"uv_size":[-1.109,-1.109]}}}],"name":"rot_34"},{"parent":"geyser_custom_z","pivot":[9.325,4.82,11.75],"rotation":[0,-0,0],"cubes":[{"origin":[4.376,8.48,6.83],"size":[0.358,0.96,0],"pivot":[9.325,4.82,11.75],"uv":{"north":{"uv":[0.762,1.49],"uv_size":[0.738,-0.615]},"south":{"uv":[0.012,1.365],"uv_size":[0.738,-0.615]},"east":{"uv":[0.012,1.365],"uv_size":[0.738,-0.615]},"west":{"uv":[0.012,1.365],"uv_size":[0.738,-0.615]},"up":{"uv":[0.004,8.004],"uv_size":[0.246,0.246]},"down":{"uv":[1.488,0.01],"uv_size":[-0.738,0.615]}}}],"name":"rot_35"},{"parent":"geyser_custom_z","pivot":[9,8.6,0],"rotation":[0,-0,0],"cubes":[{"origin":[0.75,12.6,6.55],"size":[0.5,0.2,0.5],"pivot":[9,8.6,0],"uv":{"north":{"uv":[5.609,8.391],"uv_size":[-1.109,1.109]},"south":{"uv":[5.609,8.391],"uv_size":[-1.109,1.109]},"east":{"uv":[5.609,8.391],"uv_size":[-1.109,1.109]},"west":{"uv":[5.609,8.391],"uv_size":[-1.109,1.109]},"up":{"uv":[4.516,9.484],"uv_size":[1.109,-1.109]},"down":{"uv":[4.516,9.484],"uv_size":[1.109,-1.109]}}}],"name":"rot_36"},{"parent":"geyser_custom_z","pivot":[9,9.2,0],"rotation":[0,-0,0],"cubes":[{"origin":[16.75,13.2,6.55],"size":[0.5,0.2,0.5],"pivot":[9,9.2,0],"uv":{"north":{"uv":[4.516,8.391],"uv_size":[1.109,1.109]},"south":{"uv":[4.516,8.391],"uv_size":[1.109,1.109]},"east":{"uv":[4.516,8.391],"uv_size":[1.109,1.109]},"west":{"uv":[4.516,8.391],"uv_size":[1.109,1.109]},"up":{"uv":[5.609,9.484],"uv_size":[-1.109,-1.109]},"down":{"uv":[5.609,9.484],"uv_size":[-1.109,-1.109]}}}],"name":"rot_37"},{"parent":"geyser_custom_z","pivot":[8.925,4.82,11.75],"rotation":[0,-0,0],"cubes":[{"origin":[3.876,8.78,6.57],"size":[0.858,0.66,0.46],"pivot":[8.925,4.82,11.75],"uv":{"north":{"uv":[0.762,1.49],"uv_size":[0.738,-0.615]},"south":{"uv":[0.012,1.365],"uv_size":[0.738,-0.615]},"east":{"uv":[0.012,1.365],"uv_size":[0.738,-0.615]},"west":{"uv":[0.012,1.365],"uv_size":[0.738,-0.615]},"up":{"uv":[0.004,8.004],"uv_size":[0.246,0.246]},"down":{"uv":[1.488,0.01],"uv_size":[-0.738,0.615]}}},{"origin":[3.876,8.48,6.83],"size":[0.358,0.96,0],"pivot":[8.925,4.82,11.75],"uv":{"north":{"uv":[0.762,1.49],"uv_size":[0.738,-0.615]},"south":{"uv":[0.012,1.365],"uv_size":[0.738,-0.615]},"east":{"uv":[0.012,1.365],"uv_size":[0.738,-0.615]},"west":{"uv":[0.012,1.365],"uv_size":[0.738,-0.615]},"up":{"uv":[0.004,8.004],"uv_size":[0.246,0.246]},"down":{"uv":[1.488,0.01],"uv_size":[-0.738,0.615]}}}],"name":"rot_38"},{"parent":"geyser_custom_z","pivot":[8.925,15.68,11.75],"rotation":[0,-0,0],"cubes":[{"origin":[3.645,9.41,6.47],"size":[1.32,1.65,0.66],"pivot":[8.925,15.68,11.75],"uv":{"north":{"uv":[1.234,2.766],"uv_size":[-1.234,1.359]},"south":{"uv":[1.234,2.766],"uv_size":[-1.234,1.359]},"east":{"uv":[1.234,2.766],"uv_size":[-1.234,1.359]},"west":{"uv":[1.234,2.766],"uv_size":[-1.234,1.359]},"up":{"uv":[0.016,2.873],"uv_size":[1.234,-0.123]},"down":{"uv":[0.016,4.121],"uv_size":[1.234,-0.246]}}},{"origin":[3.645,11.01,6.77],"size":[1.32,0.65,0],"pivot":[8.925,15.68,11.75],"uv":{"north":{"uv":[1.113,4.387],"uv_size":[-0.738,0.738]},"south":{"uv":[1.113,4.387],"uv_size":[-0.738,0.738]},"east":{"uv":[1.234,2.766],"uv_size":[-1.234,1.359]},"west":{"uv":[1.234,2.766],"uv_size":[-1.234,1.359]},"up":{"uv":[0.141,4.623],"uv_size":[1.234,-0.123]},"down":{"uv":[0.016,4.121],"uv_size":[1.234,-0.246]}}},{"origin":[4.965,9.745,6.8],"size":[1.31,1.315,0],"pivot":[8.925,15.68,11.75],"uv":{"north":{"uv":[5.391,0.141],"uv_size":[1.234,1.984]},"south":{"uv":[6.609,0.141],"uv_size":[-1.234,1.984]}}}],"name":"rot_39"},{"parent":"geyser_custom_z","pivot":[8.5,8.8,0],"rotation":[0,-0,0],"cubes":[{"origin":[0.25,12.8,6.55],"size":[0.5,0.2,0.5],"pivot":[8.5,8.8,0],"uv":{"north":{"uv":[5.609,8.391],"uv_size":[-1.109,1.109]},"south":{"uv":[5.609,8.391],"uv_size":[-1.109,1.109]},"east":{"uv":[5.609,8.391],"uv_size":[-1.109,1.109]},"west":{"uv":[5.609,8.391],"uv_size":[-1.109,1.109]},"up":{"uv":[4.516,9.484],"uv_size":[1.109,-1.109]},"down":{"uv":[4.516,9.484],"uv_size":[1.109,-1.109]}}}],"name":"rot_40"},{"parent":"geyser_custom_z","pivot":[8.5,9.1,0],"rotation":[0,-0,0],"cubes":[{"origin":[16.25,13.1,6.55],"size":[0.5,0.2,0.5],"pivot":[8.5,9.1,0],"uv":{"north":{"uv":[4.516,8.391],"uv_size":[1.109,1.109]},"south":{"uv":[4.516,8.391],"uv_size":[1.109,1.109]},"east":{"uv":[4.516,8.391],"uv_size":[1.109,1.109]},"west":{"uv":[4.516,8.391],"uv_size":[1.109,1.109]},"up":{"uv":[5.609,9.484],"uv_size":[-1.109,-1.109]},"down":{"uv":[5.609,9.484],"uv_size":[-1.109,-1.109]}}}],"name":"rot_41"},{"parent":"geyser_custom_z","pivot":[8,9,0],"rotation":[0,-0,0],"cubes":[{"origin":[-0.25,13,6.55],"size":[0.5,0.2,0.5],"pivot":[8,9,0],"uv":{"north":{"uv":[5.609,8.391],"uv_size":[-1.109,1.109]},"south":{"uv":[5.609,8.391],"uv_size":[-1.109,1.109]},"east":{"uv":[5.609,8.391],"uv_size":[-1.109,1.109]},"west":{"uv":[5.609,8.391],"uv_size":[-1.109,1.109]},"up":{"uv":[4.516,9.484],"uv_size":[1.109,-1.109]},"down":{"uv":[4.516,9.484],"uv_size":[1.109,-1.109]}}},{"origin":[15.75,13,6.55],"size":[0.5,0.2,0.5],"pivot":[8,9,0],"uv":{"north":{"uv":[4.516,8.391],"uv_size":[1.109,1.109]},"south":{"uv":[4.516,8.391],"uv_size":[1.109,1.109]},"east":{"uv":[4.516,8.391],"uv_size":[1.109,1.109]},"west":{"uv":[4.516,8.391],"uv_size":[1.109,1.109]},"up":{"uv":[5.609,9.484],"uv_size":[-1.109,-1.109]},"down":{"uv":[5.609,9.484],"uv_size":[-1.109,-1.109]}}}],"name":"rot_42"},{"parent":"geyser_custom_z","pivot":[7.5,8.8,0],"rotation":[0,-0,0],"cubes":[{"origin":[15.25,12.8,6.55],"size":[0.5,0.2,0.5],"pivot":[7.5,8.8,0],"uv":{"north":{"uv":[4.516,8.391],"uv_size":[1.109,1.109]},"south":{"uv":[4.516,8.391],"uv_size":[1.109,1.109]},"east":{"uv":[4.516,8.391],"uv_size":[1.109,1.109]},"west":{"uv":[4.516,8.391],"uv_size":[1.109,1.109]},"up":{"uv":[5.609,9.484],"uv_size":[-1.109,-1.109]},"down":{"uv":[5.609,9.484],"uv_size":[-1.109,-1.109]}}}],"name":"rot_43"},{"parent":"geyser_custom_z","pivot":[7.5,9.1,0],"rotation":[0,-0,0],"cubes":[{"origin":[-0.75,13.1,6.55],"size":[0.5,0.2,0.5],"pivot":[7.5,9.1,0],"uv":{"north":{"uv":[5.609,8.391],"uv_size":[-1.109,1.109]},"south":{"uv":[5.609,8.391],"uv_size":[-1.109,1.109]},"east":{"uv":[5.609,8.391],"uv_size":[-1.109,1.109]},"west":{"uv":[5.609,8.391],"uv_size":[-1.109,1.109]},"up":{"uv":[4.516,9.484],"uv_size":[1.109,-1.109]},"down":{"uv":[4.516,9.484],"uv_size":[1.109,-1.109]}}}],"name":"rot_44"},{"parent":"geyser_custom_z","pivot":[7,8.6,0],"rotation":[0,-0,0],"cubes":[{"origin":[14.75,12.6,6.55],"size":[0.5,0.2,0.5],"pivot":[7,8.6,0],"uv":{"north":{"uv":[4.516,8.391],"uv_size":[1.109,1.109]},"south":{"uv":[4.516,8.391],"uv_size":[1.109,1.109]},"east":{"uv":[4.516,8.391],"uv_size":[1.109,1.109]},"west":{"uv":[4.516,8.391],"uv_size":[1.109,1.109]},"up":{"uv":[5.609,9.484],"uv_size":[-1.109,-1.109]},"down":{"uv":[5.609,9.484],"uv_size":[-1.109,-1.109]}}}],"name":"rot_45"},{"parent":"geyser_custom_z","pivot":[7,9.2,0],"rotation":[0,-0,0],"cubes":[{"origin":[-1.25,13.2,6.55],"size":[0.5,0.2,0.5],"pivot":[7,9.2,0],"uv":{"north":{"uv":[5.609,8.391],"uv_size":[-1.109,1.109]},"south":{"uv":[5.609,8.391],"uv_size":[-1.109,1.109]},"east":{"uv":[5.609,8.391],"uv_size":[-1.109,1.109]},"west":{"uv":[5.609,8.391],"uv_size":[-1.109,1.109]},"up":{"uv":[4.516,9.484],"uv_size":[1.109,-1.109]},"down":{"uv":[4.516,9.484],"uv_size":[1.109,-1.109]}}}],"name":"rot_46"},{"parent":"geyser_custom_z","pivot":[6.575,15.68,11.75],"rotation":[0,-0,0],"cubes":[{"origin":[9.225,9.745,6.8],"size":[1.31,1.315,0],"pivot":[6.575,15.68,11.75],"uv":{"north":{"uv":[6.609,0.141],"uv_size":[-1.234,1.984]},"south":{"uv":[5.391,0.141],"uv_size":[1.234,1.984]}}}],"name":"rot_47"},{"parent":"geyser_custom_z","pivot":[6.5,8.4,0],"rotation":[0,-0,0],"cubes":[{"origin":[14.25,12.4,6.55],"size":[0.5,0.2,0.5],"pivot":[6.5,8.4,0],"uv":{"north":{"uv":[4.516,8.391],"uv_size":[1.109,1.109]},"south":{"uv":[4.516,8.391],"uv_size":[1.109,1.109]},"east":{"uv":[4.516,8.391],"uv_size":[1.109,1.109]},"west":{"uv":[4.516,8.391],"uv_size":[1.109,1.109]},"up":{"uv":[5.609,9.484],"uv_size":[-1.109,-1.109]},"down":{"uv":[5.609,9.484],"uv_size":[-1.109,-1.109]}}}],"name":"rot_48"},{"parent":"geyser_custom_z","pivot":[6.5,9.3,0],"rotation":[0,-0,0],"cubes":[{"origin":[-1.75,13.3,6.55],"size":[0.5,0.2,0.5],"pivot":[6.5,9.3,0],"uv":{"north":{"uv":[5.609,8.391],"uv_size":[-1.109,1.109]},"south":{"uv":[5.609,8.391],"uv_size":[-1.109,1.109]},"east":{"uv":[5.609,8.391],"uv_size":[-1.109,1.109]},"west":{"uv":[5.609,8.391],"uv_size":[-1.109,1.109]},"up":{"uv":[4.516,9.484],"uv_size":[1.109,-1.109]},"down":{"uv":[4.516,9.484],"uv_size":[1.109,-1.109]}}}],"name":"rot_49"},{"parent":"geyser_custom_z","pivot":[6.1,9.3,0],"rotation":[0,-0,0],"cubes":[{"origin":[-1.975,12.55,6.725],"size":[0.15,0.75,0.15],"pivot":[6.1,9.3,0],"uv":{"north":{"uv":[0.258,8.766],"uv_size":[0.492,0.984]},"south":{"uv":[0.258,8.766],"uv_size":[0.492,0.984]},"east":{"uv":[0.258,8.766],"uv_size":[0.492,0.984]},"west":{"uv":[0.258,8.766],"uv_size":[0.492,0.984]},"up":{"uv":[0.742,9.734],"uv_size":[-0.492,-0.984]},"down":{"uv":[0.742,9.734],"uv_size":[-0.492,-0.984]}}}],"name":"rot_50"},{"parent":"geyser_custom_z","pivot":[6,8.4,0],"rotation":[0,-0,0],"cubes":[{"origin":[13.65,12.4,6.55],"size":[0.6,0.2,0.5],"pivot":[6,8.4,0],"uv":{"north":{"uv":[4.516,8.391],"uv_size":[1.109,1.109]},"south":{"uv":[4.516,8.391],"uv_size":[1.109,1.109]},"east":{"uv":[4.516,8.391],"uv_size":[1.109,1.109]},"west":{"uv":[4.516,8.391],"uv_size":[1.109,1.109]},"up":{"uv":[5.609,9.484],"uv_size":[-1.109,-1.109]},"down":{"uv":[5.609,9.484],"uv_size":[-1.109,-1.109]}}}],"name":"rot_51"},{"parent":"geyser_custom_z","pivot":[6,9.4,0],"rotation":[0,-0,0],"cubes":[{"origin":[-2.25,13.4,6.55],"size":[0.5,0.2,0.5],"pivot":[6,9.4,0],"uv":{"north":{"uv":[5.609,8.391],"uv_size":[-1.109,1.109]},"south":{"uv":[5.609,8.391],"uv_size":[-1.109,1.109]},"east":{"uv":[5.609,8.391],"uv_size":[-1.109,1.109]},"west":{"uv":[5.609,8.391],"uv_size":[-1.109,1.109]},"up":{"uv":[4.516,9.484],"uv_size":[1.109,-1.109]},"down":{"uv":[4.516,9.484],"uv_size":[1.109,-1.109]}}}],"name":"rot_52"},{"parent":"geyser_custom_z","pivot":[5.5,9.5,0],"rotation":[0,-0,0],"cubes":[{"origin":[-2.75,13.5,6.55],"size":[0.5,0.2,0.5],"pivot":[5.5,9.5,0],"uv":{"north":{"uv":[5.609,8.391],"uv_size":[-1.109,1.109]},"south":{"uv":[5.609,8.391],"uv_size":[-1.109,1.109]},"east":{"uv":[5.609,8.391],"uv_size":[-1.109,1.109]},"west":{"uv":[5.609,8.391],"uv_size":[-1.109,1.109]},"up":{"uv":[4.516,9.484],"uv_size":[1.109,-1.109]},"down":{"uv":[4.516,9.484],"uv_size":[1.109,-1.109]}}}],"name":"rot_53"},{"parent":"geyser_custom_z","pivot":[5.4,8.4,0],"rotation":[0,-0,0],"cubes":[{"origin":[13.15,12.4,6.55],"size":[0.5,0.2,0.5],"pivot":[5.4,8.4,0],"uv":{"north":{"uv":[4.516,8.391],"uv_size":[1.109,1.109]},"south":{"uv":[4.516,8.391],"uv_size":[1.109,1.109]},"east":{"uv":[4.516,8.391],"uv_size":[1.109,1.109]},"west":{"uv":[4.516,8.391],"uv_size":[1.109,1.109]},"up":{"uv":[5.609,9.484],"uv_size":[-1.109,-1.109]},"down":{"uv":[5.609,9.484],"uv_size":[-1.109,-1.109]}}}],"name":"rot_54"},{"parent":"geyser_custom_z","pivot":[5.275,15.68,11.75],"rotation":[0,-0,0],"cubes":[{"origin":[7.925,9.745,6.8],"size":[1.31,1.315,0],"pivot":[5.275,15.68,11.75],"uv":{"north":{"uv":[4.109,2.016],"uv_size":[-1.109,1.984]}}}],"name":"rot_55"},{"parent":"geyser_custom_z","pivot":[5,8.4,0],"rotation":[0,-0,0],"cubes":[{"origin":[12.75,12.4,6.55],"size":[0.5,0.2,0.5],"pivot":[5,8.4,0],"uv":{"north":{"uv":[4.516,8.391],"uv_size":[1.109,1.109]},"south":{"uv":[4.516,8.391],"uv_size":[1.109,1.109]},"east":{"uv":[4.516,8.391],"uv_size":[1.109,1.109]},"west":{"uv":[4.516,8.391],"uv_size":[1.109,1.109]},"up":{"uv":[5.609,9.484],"uv_size":[-1.109,-1.109]},"down":{"uv":[5.609,9.484],"uv_size":[-1.109,-1.109]}}}],"name":"rot_56"},{"parent":"geyser_custom_z","pivot":[5,9.6,0],"rotation":[0,-0,0],"cubes":[{"origin":[-3.25,13.6,6.55],"size":[0.5,0.2,0.5],"pivot":[5,9.6,0],"uv":{"north":{"uv":[5.609,8.391],"uv_size":[-1.109,1.109]},"south":{"uv":[5.609,8.391],"uv_size":[-1.109,1.109]},"east":{"uv":[5.609,8.391],"uv_size":[-1.109,1.109]},"west":{"uv":[5.609,8.391],"uv_size":[-1.109,1.109]},"up":{"uv":[4.516,9.484],"uv_size":[1.109,-1.109]},"down":{"uv":[4.516,9.484],"uv_size":[1.109,-1.109]}}}],"name":"rot_57"},{"parent":"geyser_custom_z","pivot":[4.5,8.3,0],"rotation":[0,-0,0],"cubes":[{"origin":[12.25,12.3,6.55],"size":[0.5,0.2,0.5],"pivot":[4.5,8.3,0],"uv":{"north":{"uv":[4.516,8.391],"uv_size":[1.109,1.109]},"south":{"uv":[4.516,8.391],"uv_size":[1.109,1.109]},"east":{"uv":[4.516,8.391],"uv_size":[1.109,1.109]},"west":{"uv":[4.516,8.391],"uv_size":[1.109,1.109]},"up":{"uv":[5.609,9.484],"uv_size":[-1.109,-1.109]},"down":{"uv":[5.609,9.484],"uv_size":[-1.109,-1.109]}}}],"name":"rot_58"},{"parent":"geyser_custom_z","pivot":[4.5,9.7,0],"rotation":[0,-0,0],"cubes":[{"origin":[-3.75,13.7,6.55],"size":[0.5,0.2,0.5],"pivot":[4.5,9.7,0],"uv":{"north":{"uv":[5.609,8.391],"uv_size":[-1.109,1.109]},"south":{"uv":[5.609,8.391],"uv_size":[-1.109,1.109]},"east":{"uv":[5.609,8.391],"uv_size":[-1.109,1.109]},"west":{"uv":[5.609,8.391],"uv_size":[-1.109,1.109]},"up":{"uv":[4.516,9.484],"uv_size":[1.109,-1.109]},"down":{"uv":[4.516,9.484],"uv_size":[1.109,-1.109]}}}],"name":"rot_59"},{"parent":"geyser_custom_z","pivot":[4.025,16.28,11.75],"rotation":[0,-0,0],"cubes":[{"origin":[0.065,10.345,6.8],"size":[1.31,1.315,0],"pivot":[4.025,16.28,11.75],"uv":{"north":{"uv":[4.109,2.016],"uv_size":[-1.109,1.984]}}}],"name":"rot_60"},{"parent":"geyser_custom_z","pivot":[4,8.3,0],"rotation":[0,-0,0],"cubes":[{"origin":[11.75,12.3,6.55],"size":[0.5,0.2,0.5],"pivot":[4,8.3,0],"uv":{"north":{"uv":[4.516,8.391],"uv_size":[1.109,1.109]},"south":{"uv":[4.516,8.391],"uv_size":[1.109,1.109]},"east":{"uv":[4.516,8.391],"uv_size":[1.109,1.109]},"west":{"uv":[4.516,8.391],"uv_size":[1.109,1.109]},"up":{"uv":[5.609,9.484],"uv_size":[-1.109,-1.109]},"down":{"uv":[5.609,9.484],"uv_size":[-1.109,-1.109]}}}],"name":"rot_61"},{"parent":"geyser_custom_z","pivot":[4,9.9,0],"rotation":[0,-0,0],"cubes":[{"origin":[-4.25,13.9,6.55],"size":[0.5,0.2,0.5],"pivot":[4,9.9,0],"uv":{"north":{"uv":[5.609,8.391],"uv_size":[-1.109,1.109]},"south":{"uv":[5.609,8.391],"uv_size":[-1.109,1.109]},"east":{"uv":[5.609,8.391],"uv_size":[-1.109,1.109]},"west":{"uv":[5.609,8.391],"uv_size":[-1.109,1.109]},"up":{"uv":[4.516,9.484],"uv_size":[1.109,-1.109]},"down":{"uv":[4.516,9.484],"uv_size":[1.109,-1.109]}}}],"name":"rot_62"},{"parent":"geyser_custom_z","pivot":[3.5,8.3,0],"rotation":[0,-0,0],"cubes":[{"origin":[11.25,12.3,6.55],"size":[0.5,0.2,0.5],"pivot":[3.5,8.3,0],"uv":{"north":{"uv":[4.516,8.391],"uv_size":[1.109,1.109]},"south":{"uv":[4.516,8.391],"uv_size":[1.109,1.109]},"east":{"uv":[4.516,8.391],"uv_size":[1.109,1.109]},"west":{"uv":[4.516,8.391],"uv_size":[1.109,1.109]},"up":{"uv":[5.609,9.484],"uv_size":[-1.109,-1.109]},"down":{"uv":[5.609,9.484],"uv_size":[-1.109,-1.109]}}}],"name":"rot_63"},{"parent":"geyser_custom_z","pivot":[3.5,10,0],"rotation":[0,-0,0],"cubes":[{"origin":[-4.75,14,6.55],"size":[0.5,0.2,0.5],"pivot":[3.5,10,0],"uv":{"north":{"uv":[5.609,8.391],"uv_size":[-1.109,1.109]},"south":{"uv":[5.609,8.391],"uv_size":[-1.109,1.109]},"east":{"uv":[5.609,8.391],"uv_size":[-1.109,1.109]},"west":{"uv":[5.609,8.391],"uv_size":[-1.109,1.109]},"up":{"uv":[4.516,9.484],"uv_size":[1.109,-1.109]},"down":{"uv":[4.516,9.484],"uv_size":[1.109,-1.109]}}}],"name":"rot_64"},{"parent":"geyser_custom_z","pivot":[3.125,5.72,11.75],"rotation":[0,-0,0],"cubes":[{"origin":[-1.824,9.38,6.83],"size":[0.358,0.96,0],"pivot":[3.125,5.72,11.75],"uv":{"north":{"uv":[0.762,1.49],"uv_size":[0.738,-0.615]},"south":{"uv":[0.012,1.365],"uv_size":[0.738,-0.615]},"east":{"uv":[0.012,1.365],"uv_size":[0.738,-0.615]},"west":{"uv":[0.012,1.365],"uv_size":[0.738,-0.615]},"up":{"uv":[0.004,8.004],"uv_size":[0.246,0.246]},"down":{"uv":[1.488,0.01],"uv_size":[-0.738,0.615]}}}],"name":"rot_65"},{"parent":"geyser_custom_z","pivot":[3,8.3,0],"rotation":[0,-0,0],"cubes":[{"origin":[10.75,12.3,6.55],"size":[0.5,0.2,0.5],"pivot":[3,8.3,0],"uv":{"north":{"uv":[4.516,8.391],"uv_size":[1.109,1.109]},"south":{"uv":[4.516,8.391],"uv_size":[1.109,1.109]},"east":{"uv":[4.516,8.391],"uv_size":[1.109,1.109]},"west":{"uv":[4.516,8.391],"uv_size":[1.109,1.109]},"up":{"uv":[5.609,9.484],"uv_size":[-1.109,-1.109]},"down":{"uv":[5.609,9.484],"uv_size":[-1.109,-1.109]}}}],"name":"rot_66"},{"parent":"geyser_custom_z","pivot":[2.725,5.72,11.75],"rotation":[0,-0,0],"cubes":[{"origin":[-2.324,9.68,6.57],"size":[0.858,0.66,0.46],"pivot":[2.725,5.72,11.75],"uv":{"north":{"uv":[0.762,1.49],"uv_size":[0.738,-0.615]},"south":{"uv":[0.012,1.365],"uv_size":[0.738,-0.615]},"east":{"uv":[0.012,1.365],"uv_size":[0.738,-0.615]},"west":{"uv":[0.012,1.365],"uv_size":[0.738,-0.615]},"up":{"uv":[0.004,8.004],"uv_size":[0.246,0.246]},"down":{"uv":[1.488,0.01],"uv_size":[-0.738,0.615]}}},{"origin":[-2.324,9.38,6.83],"size":[0.358,0.96,0],"pivot":[2.725,5.72,11.75],"uv":{"north":{"uv":[0.762,1.49],"uv_size":[0.738,-0.615]},"south":{"uv":[0.012,1.365],"uv_size":[0.738,-0.615]},"east":{"uv":[0.012,1.365],"uv_size":[0.738,-0.615]},"west":{"uv":[0.012,1.365],"uv_size":[0.738,-0.615]},"up":{"uv":[0.004,8.004],"uv_size":[0.246,0.246]},"down":{"uv":[1.488,0.01],"uv_size":[-0.738,0.615]}}}],"name":"rot_67"},{"parent":"geyser_custom_z","pivot":[2.725,16.58,11.75],"rotation":[0,-0,0],"cubes":[{"origin":[-2.555,10.31,6.47],"size":[1.32,1.65,0.66],"pivot":[2.725,16.58,11.75],"uv":{"north":{"uv":[1.234,2.766],"uv_size":[-1.234,1.359]},"south":{"uv":[1.234,2.766],"uv_size":[-1.234,1.359]},"east":{"uv":[1.234,2.766],"uv_size":[-1.234,1.359]},"west":{"uv":[1.234,2.766],"uv_size":[-1.234,1.359]},"up":{"uv":[0.016,2.873],"uv_size":[1.234,-0.123]},"down":{"uv":[0.016,4.121],"uv_size":[1.234,-0.246]}}},{"origin":[-2.555,11.91,6.77],"size":[1.32,0.65,0],"pivot":[2.725,16.58,11.75],"uv":{"north":{"uv":[1.113,4.387],"uv_size":[-0.738,0.738]},"south":{"uv":[1.113,4.387],"uv_size":[-0.738,0.738]},"east":{"uv":[1.234,2.766],"uv_size":[-1.234,1.359]},"west":{"uv":[1.234,2.766],"uv_size":[-1.234,1.359]},"up":{"uv":[0.141,4.623],"uv_size":[1.234,-0.123]},"down":{"uv":[0.016,4.121],"uv_size":[1.234,-0.246]}}},{"origin":[-1.235,10.645,6.8],"size":[1.31,1.315,0],"pivot":[2.725,16.58,11.75],"uv":{"north":{"uv":[5.391,0.141],"uv_size":[1.234,1.984]},"south":{"uv":[6.609,0.141],"uv_size":[-1.234,1.984]}}}],"name":"rot_68"},{"parent":"geyser_custom_z","pivot":[2.5,8.3,0],"rotation":[0,-0,0],"cubes":[{"origin":[10.25,12.3,6.55],"size":[0.5,0.2,0.5],"pivot":[2.5,8.3,0],"uv":{"north":{"uv":[4.516,8.391],"uv_size":[1.109,1.109]},"south":{"uv":[4.516,8.391],"uv_size":[1.109,1.109]},"east":{"uv":[4.516,8.391],"uv_size":[1.109,1.109]},"west":{"uv":[4.516,8.391],"uv_size":[1.109,1.109]},"up":{"uv":[5.609,9.484],"uv_size":[-1.109,-1.109]},"down":{"uv":[5.609,9.484],"uv_size":[-1.109,-1.109]}}}],"name":"rot_69"},{"parent":"geyser_custom_z","pivot":[2,8.3,0],"rotation":[0,-0,0],"cubes":[{"origin":[9.75,12.3,6.55],"size":[0.5,0.2,0.5],"pivot":[2,8.3,0],"uv":{"north":{"uv":[4.516,8.391],"uv_size":[1.109,1.109]},"south":{"uv":[4.516,8.391],"uv_size":[1.109,1.109]},"east":{"uv":[4.516,8.391],"uv_size":[1.109,1.109]},"west":{"uv":[4.516,8.391],"uv_size":[1.109,1.109]},"up":{"uv":[5.609,9.484],"uv_size":[-1.109,-1.109]},"down":{"uv":[5.609,9.484],"uv_size":[-1.109,-1.109]}}}],"name":"rot_70"},{"parent":"geyser_custom_z","pivot":[1.5,8.2,0],"rotation":[0,-0,0],"cubes":[{"origin":[9.25,12.2,6.55],"size":[0.5,0.2,0.5],"pivot":[1.5,8.2,0],"uv":{"north":{"uv":[4.516,8.391],"uv_size":[1.109,1.109]},"south":{"uv":[4.516,8.391],"uv_size":[1.109,1.109]},"east":{"uv":[4.516,8.391],"uv_size":[1.109,1.109]},"west":{"uv":[4.516,8.391],"uv_size":[1.109,1.109]},"up":{"uv":[5.609,9.484],"uv_size":[-1.109,-1.109]},"down":{"uv":[5.609,9.484],"uv_size":[-1.109,-1.109]}}}],"name":"rot_71"},{"parent":"geyser_custom_z","pivot":[1,8.1,0],"rotation":[0,-0,0],"cubes":[{"origin":[8.75,12.1,6.55],"size":[0.5,0.2,0.5],"pivot":[1,8.1,0],"uv":{"north":{"uv":[4.516,8.391],"uv_size":[1.109,1.109]},"south":{"uv":[4.516,8.391],"uv_size":[1.109,1.109]},"east":{"uv":[4.516,8.391],"uv_size":[1.109,1.109]},"west":{"uv":[4.516,8.391],"uv_size":[1.109,1.109]},"up":{"uv":[5.609,9.484],"uv_size":[-1.109,-1.109]},"down":{"uv":[5.609,9.484],"uv_size":[-1.109,-1.109]}}}],"name":"rot_72"},{"parent":"geyser_custom_z","pivot":[0.5,8,0],"rotation":[0,-0,0],"cubes":[{"origin":[8.25,12,6.55],"size":[0.5,0.2,0.5],"pivot":[0.5,8,0],"uv":{"north":{"uv":[4.516,8.391],"uv_size":[1.109,1.109]},"south":{"uv":[4.516,8.391],"uv_size":[1.109,1.109]},"east":{"uv":[4.516,8.391],"uv_size":[1.109,1.109]},"west":{"uv":[4.516,8.391],"uv_size":[1.109,1.109]},"up":{"uv":[5.609,9.484],"uv_size":[-1.109,-1.109]},"down":{"uv":[5.609,9.484],"uv_size":[-1.109,-1.109]}}}],"name":"rot_73"},{"parent":"geyser_custom_z","pivot":[0,7.9,0],"rotation":[0,-0,0],"cubes":[{"origin":[7.75,11.9,6.55],"size":[0.5,0.2,0.5],"pivot":[0,7.9,0],"uv":{"north":{"uv":[4.516,8.391],"uv_size":[1.109,1.109]},"south":{"uv":[4.516,8.391],"uv_size":[1.109,1.109]},"east":{"uv":[4.516,8.391],"uv_size":[1.109,1.109]},"west":{"uv":[4.516,8.391],"uv_size":[1.109,1.109]},"up":{"uv":[5.609,9.484],"uv_size":[-1.109,-1.109]},"down":{"uv":[5.609,9.484],"uv_size":[-1.109,-1.109]}}}],"name":"rot_74"},{"parent":"geyser_custom_z","pivot":[-0.325,15.68,11.75],"rotation":[0,-0,0],"cubes":[{"origin":[2.325,9.745,6.8],"size":[1.31,1.315,0],"pivot":[-0.325,15.68,11.75],"uv":{"north":{"uv":[6.609,0.141],"uv_size":[-1.234,1.984]},"south":{"uv":[5.391,0.141],"uv_size":[1.234,1.984]}}}],"name":"rot_75"},{"parent":"geyser_custom_z","pivot":[-1.625,15.68,11.75],"rotation":[0,-0,0],"cubes":[{"origin":[1.025,9.745,6.8],"size":[1.31,1.315,0],"pivot":[-1.625,15.68,11.75],"uv":{"north":{"uv":[4.109,2.016],"uv_size":[-1.109,1.984]}}}],"name":"rot_76"},{"parent":"geyser_custom_z","pivot":[-6.525,16.58,11.75],"rotation":[0,-0,0],"cubes":[{"origin":[-3.875,10.645,6.8],"size":[1.31,1.315,0],"pivot":[-6.525,16.58,11.75],"uv":{"north":{"uv":[6.609,0.141],"uv_size":[-1.234,1.984]},"south":{"uv":[5.391,0.141],"uv_size":[1.234,1.984]}}}],"name":"rot_77"},{"parent":"geyser_custom_z","pivot":[-7.825,16.58,11.75],"rotation":[0,-0,0],"cubes":[{"origin":[-5.175,10.645,6.8],"size":[1.31,1.315,0],"pivot":[-7.825,16.58,11.75],"uv":{"north":{"uv":[4.109,2.016],"uv_size":[-1.109,1.984]}}}],"name":"rot_78"}]}]}
