{"format_version":"1.16.0","minecraft:geometry":[{"description":{"identifier":"geometry.geyser_custom.geo_7cd518d","texture_width":16,"texture_height":16,"visible_bounds_width":4,"visible_bounds_height":4.5,"visible_bounds_offset":[0,0.75,0]},"bones":[{"name":"geyser_custom","binding":"c.item_slot == 'head' ? 'head' : q.item_slot_to_bone_name(c.item_slot)","pivot":[0,8,0]},{"name":"geyser_custom_x","parent":"geyser_custom","pivot":[0,8,0]},{"name":"geyser_custom_y","parent":"geyser_custom_x","pivot":[0,8,0]},{"name":"geyser_custom_z","parent":"geyser_custom_y","pivot":[0,8,0],"cubes":[{"origin":[7.75,11.25,6.55],"size":[0.5,0.75,0.5],"uv":{"north":{"uv":[6.516,12.391],"uv_size":[1.109,1.109]},"south":{"uv":[6.516,12.391],"uv_size":[1.109,1.109]},"east":{"uv":[6.516,12.391],"uv_size":[1.109,1.109]},"west":{"uv":[6.516,12.391],"uv_size":[1.109,1.109]},"up":{"uv":[7.609,13.484],"uv_size":[-1.109,-1.109]},"down":{"uv":[7.609,13.484],"uv_size":[-1.109,-1.109]}}},{"origin":[7.75,12,6.55],"size":[0.5,0.2,0.5],"uv":{"north":{"uv":[4.516,8.391],"uv_size":[1.109,1.109]},"south":{"uv":[4.516,8.391],"uv_size":[1.109,1.109]},"east":{"uv":[4.516,8.391],"uv_size":[1.109,1.109]},"west":{"uv":[4.516,8.391],"uv_size":[1.109,1.109]},"up":{"uv":[5.609,9.484],"uv_size":[-1.109,-1.109]},"down":{"uv":[5.609,9.484],"uv_size":[-1.109,-1.109]}}}]},{"parent":"geyser_custom_z","pivot":[18,12.3,6.8],"rotation":[0,22.5,0],"cubes":[{"origin":[17.5361,10.8002,5.68],"size":[0.9278,2,2.24],"pivot":[18,12.3,6.8],"uv":{"north":{"uv":[10.016,12.016],"uv_size":[1.984,1.984]},"south":{"uv":[10.016,12.016],"uv_size":[1.984,1.984]},"east":{"uv":[10.016,12.016],"uv_size":[1.984,1.984]},"west":{"uv":[10.016,12.016],"uv_size":[1.984,1.984]},"up":{"uv":[13.984,13.984],"uv_size":[-1.984,-1.984]},"down":{"uv":[13.984,13.984],"uv_size":[-1.984,-1.984]}}},{"origin":[16.88,10.8004,6.3361],"size":[2.24,2,0.9278],"pivot":[18,12.3,6.8],"uv":{"north":{"uv":[10.123,12.002],"uv_size":[-0.123,0.123]},"south":{"uv":[10.123,12.002],"uv_size":[-0.123,0.123]},"east":{"uv":[10.016,12.016],"uv_size":[1.984,1.984]},"west":{"uv":[10.016,12.016],"uv_size":[1.984,1.984]},"up":{"uv":[13.984,13.984],"uv_size":[-1.984,-1.984]},"down":{"uv":[13.984,13.984],"uv_size":[-1.984,-1.984]}}}],"name":"rot_1"},{"parent":"geyser_custom_z","pivot":[14.5,11.3,6.8],"rotation":[0,22.5,0],"cubes":[{"origin":[14.0361,9.8001,5.68],"size":[0.9278,2,2.24],"pivot":[14.5,11.3,6.8],"uv":{"north":{"uv":[10.016,12.016],"uv_size":[1.984,1.984]},"south":{"uv":[10.016,12.016],"uv_size":[1.984,1.984]},"east":{"uv":[10.002,12.002],"uv_size":[0.123,0.123]},"west":{"uv":[10.002,12.002],"uv_size":[0.123,0.123]},"up":{"uv":[13.984,13.984],"uv_size":[-1.984,-1.984]},"down":{"uv":[13.984,13.984],"uv_size":[-1.984,-1.984]}}},{"origin":[13.38,9.8003,6.3361],"size":[2.24,2,0.9278],"pivot":[14.5,11.3,6.8],"uv":{"north":{"uv":[10.002,12.002],"uv_size":[0.123,0.123]},"south":{"uv":[10.002,12.002],"uv_size":[0.123,0.123]},"east":{"uv":[10.016,12.016],"uv_size":[1.984,1.984]},"west":{"uv":[10.016,12.016],"uv_size":[1.984,1.984]},"up":{"uv":[13.984,13.984],"uv_size":[-1.984,-1.984]},"down":{"uv":[13.984,13.984],"uv_size":[-1.984,-1.984]}}}],"name":"rot_2"},{"parent":"geyser_custom_z","pivot":[8,10.8,6.8],"rotation":[0,22.5,0],"cubes":[{"origin":[7.5361,9.3001,5.68],"size":[0.9278,2,2.24],"pivot":[8,10.8,6.8],"uv":{"north":{"uv":[10.016,12.016],"uv_size":[1.984,1.984]},"south":{"uv":[10.016,12.016],"uv_size":[1.984,1.984]},"east":{"uv":[10.002,12.002],"uv_size":[0.123,0.123]},"west":{"uv":[10.002,12.002],"uv_size":[0.123,0.123]},"up":{"uv":[13.984,13.984],"uv_size":[-1.984,-1.984]},"down":{"uv":[13.984,13.984],"uv_size":[-1.984,-1.984]}}},{"origin":[6.88,9.3003,6.3361],"size":[2.24,2,0.9278],"pivot":[8,10.8,6.8],"uv":{"north":{"uv":[10.002,12.002],"uv_size":[0.123,0.123]},"south":{"uv":[10.016,12.016],"uv_size":[1.984,1.984]},"east":{"uv":[10.016,12.016],"uv_size":[1.984,1.984]},"west":{"uv":[10.016,12.016],"uv_size":[1.984,1.984]},"up":{"uv":[13.984,13.984],"uv_size":[-1.984,-1.984]},"down":{"uv":[13.984,13.984],"uv_size":[-1.984,-1.984]}}}],"name":"rot_3"},{"parent":"geyser_custom_z","pivot":[1.5,11.3,6.8],"rotation":[0,22.5,0],"cubes":[{"origin":[1.0361,9.8002,5.68],"size":[0.9278,2,2.24],"pivot":[1.5,11.3,6.8],"uv":{"north":{"uv":[10.016,12.016],"uv_size":[1.984,1.984]},"south":{"uv":[10.016,12.016],"uv_size":[1.984,1.984]},"east":{"uv":[10.016,12.016],"uv_size":[1.984,1.984]},"west":{"uv":[10.123,12.002],"uv_size":[-0.123,0.123]},"up":{"uv":[13.984,13.984],"uv_size":[-1.984,-1.984]},"down":{"uv":[13.984,13.984],"uv_size":[-1.984,-1.984]}}},{"origin":[0.38,9.8004,6.3361],"size":[2.24,2,0.9278],"pivot":[1.5,11.3,6.8],"uv":{"north":{"uv":[10.123,12.002],"uv_size":[-0.123,0.123]},"south":{"uv":[10.016,12.016],"uv_size":[1.984,1.984]},"east":{"uv":[10.016,12.016],"uv_size":[1.984,1.984]},"west":{"uv":[10.016,12.016],"uv_size":[1.984,1.984]},"up":{"uv":[13.984,13.984],"uv_size":[-1.984,-1.984]},"down":{"uv":[13.984,13.984],"uv_size":[-1.984,-1.984]}}}],"name":"rot_4"},{"parent":"geyser_custom_z","pivot":[-2,12.3,6.8],"rotation":[0,22.5,0],"cubes":[{"origin":[-2.4639,10.8002,5.68],"size":[0.9278,2,2.24],"pivot":[-2,12.3,6.8],"uv":{"north":{"uv":[10.016,12.016],"uv_size":[1.984,1.984]},"south":{"uv":[10.016,12.016],"uv_size":[1.984,1.984]},"east":{"uv":[10.016,12.016],"uv_size":[1.984,1.984]},"west":{"uv":[10.016,12.016],"uv_size":[1.984,1.984]},"up":{"uv":[13.984,13.984],"uv_size":[-1.984,-1.984]},"down":{"uv":[13.984,13.984],"uv_size":[-1.984,-1.984]}}},{"origin":[-3.12,10.8004,6.3361],"size":[2.24,2,0.9278],"pivot":[-2,12.3,6.8],"uv":{"north":{"uv":[10.123,12.002],"uv_size":[-0.123,0.123]},"south":{"uv":[10.123,12.002],"uv_size":[-0.123,0.123]},"east":{"uv":[10.016,12.016],"uv_size":[1.984,1.984]},"west":{"uv":[10.016,12.016],"uv_size":[1.984,1.984]},"up":{"uv":[13.984,13.984],"uv_size":[-1.984,-1.984]},"down":{"uv":[13.984,13.984],"uv_size":[-1.984,-1.984]}}}],"name":"rot_5"},{"parent":"geyser_custom_z","pivot":[26,9.5,0],"rotation":[0,-0,0],"cubes":[{"origin":[17.75,12.75,6.55],"size":[0.5,0.75,0.5],"pivot":[26,9.5,0],"uv":{"north":{"uv":[7.609,12.391],"uv_size":[-1.109,1.109]},"south":{"uv":[7.609,12.391],"uv_size":[-1.109,1.109]},"east":{"uv":[7.609,12.391],"uv_size":[-1.109,1.109]},"west":{"uv":[7.609,12.391],"uv_size":[-1.109,1.109]},"up":{"uv":[6.516,13.484],"uv_size":[1.109,-1.109]},"down":{"uv":[6.516,13.484],"uv_size":[1.109,-1.109]}}}],"name":"rot_6"},{"parent":"geyser_custom_z","pivot":[15.5,8.1,0],"rotation":[0,-0,0],"cubes":[{"origin":[7.25,12.1,6.55],"size":[0.5,0.2,0.5],"pivot":[15.5,8.1,0],"uv":{"north":{"uv":[5.609,8.391],"uv_size":[-1.109,1.109]},"south":{"uv":[5.609,8.391],"uv_size":[-1.109,1.109]},"east":{"uv":[5.609,8.391],"uv_size":[-1.109,1.109]},"west":{"uv":[5.609,8.391],"uv_size":[-1.109,1.109]},"up":{"uv":[4.516,9.484],"uv_size":[1.109,-1.109]},"down":{"uv":[4.516,9.484],"uv_size":[1.109,-1.109]}}}],"name":"rot_7"},{"parent":"geyser_custom_z","pivot":[15,8.2,0],"rotation":[0,-0,0],"cubes":[{"origin":[6.75,12.2,6.55],"size":[0.5,0.2,0.5],"pivot":[15,8.2,0],"uv":{"north":{"uv":[5.609,8.391],"uv_size":[-1.109,1.109]},"south":{"uv":[5.609,8.391],"uv_size":[-1.109,1.109]},"east":{"uv":[5.609,8.391],"uv_size":[-1.109,1.109]},"west":{"uv":[5.609,8.391],"uv_size":[-1.109,1.109]},"up":{"uv":[4.516,9.484],"uv_size":[1.109,-1.109]},"down":{"uv":[4.516,9.484],"uv_size":[1.109,-1.109]}}}],"name":"rot_8"},{"parent":"geyser_custom_z","pivot":[14.5,8.3,0],"rotation":[0,-0,0],"cubes":[{"origin":[6.25,12.3,6.55],"size":[0.5,0.2,0.5],"pivot":[14.5,8.3,0],"uv":{"north":{"uv":[5.609,8.391],"uv_size":[-1.109,1.109]},"south":{"uv":[5.609,8.391],"uv_size":[-1.109,1.109]},"east":{"uv":[5.609,8.391],"uv_size":[-1.109,1.109]},"west":{"uv":[5.609,8.391],"uv_size":[-1.109,1.109]},"up":{"uv":[4.516,9.484],"uv_size":[1.109,-1.109]},"down":{"uv":[4.516,9.484],"uv_size":[1.109,-1.109]}}}],"name":"rot_9"},{"parent":"geyser_custom_z","pivot":[14,8.4,0],"rotation":[0,-0,0],"cubes":[{"origin":[5.75,12.4,6.55],"size":[0.5,0.2,0.5],"pivot":[14,8.4,0],"uv":{"north":{"uv":[5.609,8.391],"uv_size":[-1.109,1.109]},"south":{"uv":[5.609,8.391],"uv_size":[-1.109,1.109]},"east":{"uv":[5.609,8.391],"uv_size":[-1.109,1.109]},"west":{"uv":[5.609,8.391],"uv_size":[-1.109,1.109]},"up":{"uv":[4.516,9.484],"uv_size":[1.109,-1.109]},"down":{"uv":[4.516,9.484],"uv_size":[1.109,-1.109]}}}],"name":"rot_10"},{"parent":"geyser_custom_z","pivot":[13.5,8.4,0],"rotation":[0,-0,0],"cubes":[{"origin":[5.25,12.4,6.55],"size":[0.5,0.2,0.5],"pivot":[13.5,8.4,0],"uv":{"north":{"uv":[5.609,8.391],"uv_size":[-1.109,1.109]},"south":{"uv":[5.609,8.391],"uv_size":[-1.109,1.109]},"east":{"uv":[5.609,8.391],"uv_size":[-1.109,1.109]},"west":{"uv":[5.609,8.391],"uv_size":[-1.109,1.109]},"up":{"uv":[4.516,9.484],"uv_size":[1.109,-1.109]},"down":{"uv":[4.516,9.484],"uv_size":[1.109,-1.109]}}}],"name":"rot_11"},{"parent":"geyser_custom_z","pivot":[13,8.4,0],"rotation":[0,-0,0],"cubes":[{"origin":[4.75,12.4,6.55],"size":[0.5,0.2,0.5],"pivot":[13,8.4,0],"uv":{"north":{"uv":[5.609,8.391],"uv_size":[-1.109,1.109]},"south":{"uv":[5.609,8.391],"uv_size":[-1.109,1.109]},"east":{"uv":[5.609,8.391],"uv_size":[-1.109,1.109]},"west":{"uv":[5.609,8.391],"uv_size":[-1.109,1.109]},"up":{"uv":[4.516,9.484],"uv_size":[1.109,-1.109]},"down":{"uv":[4.516,9.484],"uv_size":[1.109,-1.109]}}}],"name":"rot_12"},{"parent":"geyser_custom_z","pivot":[12.5,8.4,0],"rotation":[0,-0,0],"cubes":[{"origin":[4.25,12.4,6.55],"size":[0.5,0.2,0.5],"pivot":[12.5,8.4,0],"uv":{"north":{"uv":[5.609,8.391],"uv_size":[-1.109,1.109]},"south":{"uv":[5.609,8.391],"uv_size":[-1.109,1.109]},"east":{"uv":[5.609,8.391],"uv_size":[-1.109,1.109]},"west":{"uv":[5.609,8.391],"uv_size":[-1.109,1.109]},"up":{"uv":[4.516,9.484],"uv_size":[1.109,-1.109]},"down":{"uv":[4.516,9.484],"uv_size":[1.109,-1.109]}}}],"name":"rot_13"},{"parent":"geyser_custom_z","pivot":[12.5,10.1,0],"rotation":[0,-0,0],"cubes":[{"origin":[20.25,14.1,6.55],"size":[0.5,0.2,0.5],"pivot":[12.5,10.1,0],"uv":{"north":{"uv":[4.516,8.391],"uv_size":[1.109,1.109]},"south":{"uv":[4.516,8.391],"uv_size":[1.109,1.109]},"east":{"uv":[4.516,8.391],"uv_size":[1.109,1.109]},"west":{"uv":[4.516,8.391],"uv_size":[1.109,1.109]},"up":{"uv":[5.609,9.484],"uv_size":[-1.109,-1.109]},"down":{"uv":[5.609,9.484],"uv_size":[-1.109,-1.109]}}}],"name":"rot_14"},{"parent":"geyser_custom_z","pivot":[12,8.4,0],"rotation":[0,-0,0],"cubes":[{"origin":[3.75,12.4,6.55],"size":[0.5,0.2,0.5],"pivot":[12,8.4,0],"uv":{"north":{"uv":[5.609,8.391],"uv_size":[-1.109,1.109]},"south":{"uv":[5.609,8.391],"uv_size":[-1.109,1.109]},"east":{"uv":[5.609,8.391],"uv_size":[-1.109,1.109]},"west":{"uv":[5.609,8.391],"uv_size":[-1.109,1.109]},"up":{"uv":[4.516,9.484],"uv_size":[1.109,-1.109]},"down":{"uv":[4.516,9.484],"uv_size":[1.109,-1.109]}}}],"name":"rot_15"},{"parent":"geyser_custom_z","pivot":[12,10,0],"rotation":[0,-0,0],"cubes":[{"origin":[19.75,14,6.55],"size":[0.5,0.2,0.5],"pivot":[12,10,0],"uv":{"north":{"uv":[4.516,8.391],"uv_size":[1.109,1.109]},"south":{"uv":[4.516,8.391],"uv_size":[1.109,1.109]},"east":{"uv":[4.516,8.391],"uv_size":[1.109,1.109]},"west":{"uv":[4.516,8.391],"uv_size":[1.109,1.109]},"up":{"uv":[5.609,9.484],"uv_size":[-1.109,-1.109]},"down":{"uv":[5.609,9.484],"uv_size":[-1.109,-1.109]}}}],"name":"rot_16"},{"parent":"geyser_custom_z","pivot":[11.5,8.4,0],"rotation":[0,-0,0],"cubes":[{"origin":[3.25,12.4,6.55],"size":[0.5,0.2,0.5],"pivot":[11.5,8.4,0],"uv":{"north":{"uv":[5.609,8.391],"uv_size":[-1.109,1.109]},"south":{"uv":[5.609,8.391],"uv_size":[-1.109,1.109]},"east":{"uv":[5.609,8.391],"uv_size":[-1.109,1.109]},"west":{"uv":[5.609,8.391],"uv_size":[-1.109,1.109]},"up":{"uv":[4.516,9.484],"uv_size":[1.109,-1.109]},"down":{"uv":[4.516,9.484],"uv_size":[1.109,-1.109]}}}],"name":"rot_17"},{"parent":"geyser_custom_z","pivot":[11.5,9.8,0],"rotation":[0,-0,0],"cubes":[{"origin":[19.25,13.8,6.55],"size":[0.5,0.2,0.5],"pivot":[11.5,9.8,0],"uv":{"north":{"uv":[4.516,8.391],"uv_size":[1.109,1.109]},"south":{"uv":[4.516,8.391],"uv_size":[1.109,1.109]},"east":{"uv":[4.516,8.391],"uv_size":[1.109,1.109]},"west":{"uv":[4.516,8.391],"uv_size":[1.109,1.109]},"up":{"uv":[5.609,9.484],"uv_size":[-1.109,-1.109]},"down":{"uv":[5.609,9.484],"uv_size":[-1.109,-1.109]}}}],"name":"rot_18"},{"parent":"geyser_custom_z","pivot":[11,8.5,0],"rotation":[0,-0,0],"cubes":[{"origin":[2.75,12.5,6.55],"size":[0.5,0.2,0.5],"pivot":[11,8.5,0],"uv":{"north":{"uv":[5.609,8.391],"uv_size":[-1.109,1.109]},"south":{"uv":[5.609,8.391],"uv_size":[-1.109,1.109]},"east":{"uv":[5.609,8.391],"uv_size":[-1.109,1.109]},"west":{"uv":[5.609,8.391],"uv_size":[-1.109,1.109]},"up":{"uv":[4.516,9.484],"uv_size":[1.109,-1.109]},"down":{"uv":[4.516,9.484],"uv_size":[1.109,-1.109]}}}],"name":"rot_19"},{"parent":"geyser_custom_z","pivot":[11,9.7,0],"rotation":[0,-0,0],"cubes":[{"origin":[18.75,13.7,6.55],"size":[0.5,0.2,0.5],"pivot":[11,9.7,0],"uv":{"north":{"uv":[4.516,8.391],"uv_size":[1.109,1.109]},"south":{"uv":[4.516,8.391],"uv_size":[1.109,1.109]},"east":{"uv":[4.516,8.391],"uv_size":[1.109,1.109]},"west":{"uv":[4.516,8.391],"uv_size":[1.109,1.109]},"up":{"uv":[5.609,9.484],"uv_size":[-1.109,-1.109]},"down":{"uv":[5.609,9.484],"uv_size":[-1.109,-1.109]}}}],"name":"rot_20"},{"parent":"geyser_custom_z","pivot":[10.6,8.5,0],"rotation":[0,-0,0],"cubes":[{"origin":[2.35,12.5,6.55],"size":[0.5,0.2,0.5],"pivot":[10.6,8.5,0],"uv":{"north":{"uv":[5.609,8.391],"uv_size":[-1.109,1.109]},"south":{"uv":[5.609,8.391],"uv_size":[-1.109,1.109]},"east":{"uv":[5.609,8.391],"uv_size":[-1.109,1.109]},"west":{"uv":[5.609,8.391],"uv_size":[-1.109,1.109]},"up":{"uv":[4.516,9.484],"uv_size":[1.109,-1.109]},"down":{"uv":[4.516,9.484],"uv_size":[1.109,-1.109]}}}],"name":"rot_21"},{"parent":"geyser_custom_z","pivot":[10.5,9.6,0],"rotation":[0,-0,0],"cubes":[{"origin":[18.25,13.6,6.55],"size":[0.5,0.2,0.5],"pivot":[10.5,9.6,0],"uv":{"north":{"uv":[4.516,8.391],"uv_size":[1.109,1.109]},"south":{"uv":[4.516,8.391],"uv_size":[1.109,1.109]},"east":{"uv":[4.516,8.391],"uv_size":[1.109,1.109]},"west":{"uv":[4.516,8.391],"uv_size":[1.109,1.109]},"up":{"uv":[5.609,9.484],"uv_size":[-1.109,-1.109]},"down":{"uv":[5.609,9.484],"uv_size":[-1.109,-1.109]}}}],"name":"rot_22"},{"parent":"geyser_custom_z","pivot":[10,8.5,0],"rotation":[0,-0,0],"cubes":[{"origin":[1.75,12.5,6.55],"size":[0.6,0.2,0.5],"pivot":[10,8.5,0],"uv":{"north":{"uv":[5.609,8.391],"uv_size":[-1.109,1.109]},"south":{"uv":[5.609,8.391],"uv_size":[-1.109,1.109]},"east":{"uv":[5.609,8.391],"uv_size":[-1.109,1.109]},"west":{"uv":[5.609,8.391],"uv_size":[-1.109,1.109]},"up":{"uv":[4.516,9.484],"uv_size":[1.109,-1.109]},"down":{"uv":[4.516,9.484],"uv_size":[1.109,-1.109]}}}],"name":"rot_23"},{"parent":"geyser_custom_z","pivot":[10,9.5,0],"rotation":[0,-0,0],"cubes":[{"origin":[17.75,13.5,6.55],"size":[0.5,0.2,0.5],"pivot":[10,9.5,0],"uv":{"north":{"uv":[4.516,8.391],"uv_size":[1.109,1.109]},"south":{"uv":[4.516,8.391],"uv_size":[1.109,1.109]},"east":{"uv":[4.516,8.391],"uv_size":[1.109,1.109]},"west":{"uv":[4.516,8.391],"uv_size":[1.109,1.109]},"up":{"uv":[5.609,9.484],"uv_size":[-1.109,-1.109]},"down":{"uv":[5.609,9.484],"uv_size":[-1.109,-1.109]}}}],"name":"rot_24"},{"parent":"geyser_custom_z","pivot":[9.5,8.5,0],"rotation":[0,-0,0],"cubes":[{"origin":[1.25,12.5,6.55],"size":[0.5,0.2,0.5],"pivot":[9.5,8.5,0],"uv":{"north":{"uv":[5.609,8.391],"uv_size":[-1.109,1.109]},"south":{"uv":[5.609,8.391],"uv_size":[-1.109,1.109]},"east":{"uv":[5.609,8.391],"uv_size":[-1.109,1.109]},"west":{"uv":[5.609,8.391],"uv_size":[-1.109,1.109]},"up":{"uv":[4.516,9.484],"uv_size":[1.109,-1.109]},"down":{"uv":[4.516,9.484],"uv_size":[1.109,-1.109]}}},{"origin":[1.25,11.75,6.55],"size":[0.5,0.75,0.5],"pivot":[9.5,8.5,0],"uv":{"north":{"uv":[7.609,12.391],"uv_size":[-1.109,1.109]},"south":{"uv":[7.609,12.391],"uv_size":[-1.109,1.109]},"east":{"uv":[7.609,12.391],"uv_size":[-1.109,1.109]},"west":{"uv":[7.609,12.391],"uv_size":[-1.109,1.109]},"up":{"uv":[6.516,13.484],"uv_size":[1.109,-1.109]},"down":{"uv":[6.516,13.484],"uv_size":[1.109,-1.109]}}}],"name":"rot_25"},{"parent":"geyser_custom_z","pivot":[9.5,9.4,0],"rotation":[0,-0,0],"cubes":[{"origin":[17.25,13.4,6.55],"size":[0.5,0.2,0.5],"pivot":[9.5,9.4,0],"uv":{"north":{"uv":[4.516,8.391],"uv_size":[1.109,1.109]},"south":{"uv":[4.516,8.391],"uv_size":[1.109,1.109]},"east":{"uv":[4.516,8.391],"uv_size":[1.109,1.109]},"west":{"uv":[4.516,8.391],"uv_size":[1.109,1.109]},"up":{"uv":[5.609,9.484],"uv_size":[-1.109,-1.109]},"down":{"uv":[5.609,9.484],"uv_size":[-1.109,-1.109]}}}],"name":"rot_26"},{"parent":"geyser_custom_z","pivot":[9,8.7,0],"rotation":[0,-0,0],"cubes":[{"origin":[0.75,12.7,6.55],"size":[0.5,0.2,0.5],"pivot":[9,8.7,0],"uv":{"north":{"uv":[5.609,8.391],"uv_size":[-1.109,1.109]},"south":{"uv":[5.609,8.391],"uv_size":[-1.109,1.109]},"east":{"uv":[5.609,8.391],"uv_size":[-1.109,1.109]},"west":{"uv":[5.609,8.391],"uv_size":[-1.109,1.109]},"up":{"uv":[4.516,9.484],"uv_size":[1.109,-1.109]},"down":{"uv":[4.516,9.484],"uv_size":[1.109,-1.109]}}}],"name":"rot_27"},{"parent":"geyser_custom_z","pivot":[9,9.3,0],"rotation":[0,-0,0],"cubes":[{"origin":[16.75,13.3,6.55],"size":[0.5,0.2,0.5],"pivot":[9,9.3,0],"uv":{"north":{"uv":[4.516,8.391],"uv_size":[1.109,1.109]},"south":{"uv":[4.516,8.391],"uv_size":[1.109,1.109]},"east":{"uv":[4.516,8.391],"uv_size":[1.109,1.109]},"west":{"uv":[4.516,8.391],"uv_size":[1.109,1.109]},"up":{"uv":[5.609,9.484],"uv_size":[-1.109,-1.109]},"down":{"uv":[5.609,9.484],"uv_size":[-1.109,-1.109]}}}],"name":"rot_28"},{"parent":"geyser_custom_z","pivot":[8.5,8.9,0],"rotation":[0,-0,0],"cubes":[{"origin":[0.25,12.9,6.55],"size":[0.5,0.2,0.5],"pivot":[8.5,8.9,0],"uv":{"north":{"uv":[5.609,8.391],"uv_size":[-1.109,1.109]},"south":{"uv":[5.609,8.391],"uv_size":[-1.109,1.109]},"east":{"uv":[5.609,8.391],"uv_size":[-1.109,1.109]},"west":{"uv":[5.609,8.391],"uv_size":[-1.109,1.109]},"up":{"uv":[4.516,9.484],"uv_size":[1.109,-1.109]},"down":{"uv":[4.516,9.484],"uv_size":[1.109,-1.109]}}}],"name":"rot_29"},{"parent":"geyser_custom_z","pivot":[8.5,9.2,0],"rotation":[0,-0,0],"cubes":[{"origin":[16.25,13.2,6.55],"size":[0.5,0.2,0.5],"pivot":[8.5,9.2,0],"uv":{"north":{"uv":[4.516,8.391],"uv_size":[1.109,1.109]},"south":{"uv":[4.516,8.391],"uv_size":[1.109,1.109]},"east":{"uv":[4.516,8.391],"uv_size":[1.109,1.109]},"west":{"uv":[4.516,8.391],"uv_size":[1.109,1.109]},"up":{"uv":[5.609,9.484],"uv_size":[-1.109,-1.109]},"down":{"uv":[5.609,9.484],"uv_size":[-1.109,-1.109]}}}],"name":"rot_30"},{"parent":"geyser_custom_z","pivot":[8,9.1,0],"rotation":[0,-0,0],"cubes":[{"origin":[-0.25,13.1,6.55],"size":[0.5,0.2,0.5],"pivot":[8,9.1,0],"uv":{"north":{"uv":[5.609,8.391],"uv_size":[-1.109,1.109]},"south":{"uv":[5.609,8.391],"uv_size":[-1.109,1.109]},"east":{"uv":[5.609,8.391],"uv_size":[-1.109,1.109]},"west":{"uv":[5.609,8.391],"uv_size":[-1.109,1.109]},"up":{"uv":[4.516,9.484],"uv_size":[1.109,-1.109]},"down":{"uv":[4.516,9.484],"uv_size":[1.109,-1.109]}}},{"origin":[15.75,13.1,6.55],"size":[0.5,0.2,0.5],"pivot":[8,9.1,0],"uv":{"north":{"uv":[4.516,8.391],"uv_size":[1.109,1.109]},"south":{"uv":[4.516,8.391],"uv_size":[1.109,1.109]},"east":{"uv":[4.516,8.391],"uv_size":[1.109,1.109]},"west":{"uv":[4.516,8.391],"uv_size":[1.109,1.109]},"up":{"uv":[5.609,9.484],"uv_size":[-1.109,-1.109]},"down":{"uv":[5.609,9.484],"uv_size":[-1.109,-1.109]}}}],"name":"rot_31"},{"parent":"geyser_custom_z","pivot":[7.5,8.9,0],"rotation":[0,-0,0],"cubes":[{"origin":[15.25,12.9,6.55],"size":[0.5,0.2,0.5],"pivot":[7.5,8.9,0],"uv":{"north":{"uv":[4.516,8.391],"uv_size":[1.109,1.109]},"south":{"uv":[4.516,8.391],"uv_size":[1.109,1.109]},"east":{"uv":[4.516,8.391],"uv_size":[1.109,1.109]},"west":{"uv":[4.516,8.391],"uv_size":[1.109,1.109]},"up":{"uv":[5.609,9.484],"uv_size":[-1.109,-1.109]},"down":{"uv":[5.609,9.484],"uv_size":[-1.109,-1.109]}}}],"name":"rot_32"},{"parent":"geyser_custom_z","pivot":[7.5,9.2,0],"rotation":[0,-0,0],"cubes":[{"origin":[-0.75,13.2,6.55],"size":[0.5,0.2,0.5],"pivot":[7.5,9.2,0],"uv":{"north":{"uv":[5.609,8.391],"uv_size":[-1.109,1.109]},"south":{"uv":[5.609,8.391],"uv_size":[-1.109,1.109]},"east":{"uv":[5.609,8.391],"uv_size":[-1.109,1.109]},"west":{"uv":[5.609,8.391],"uv_size":[-1.109,1.109]},"up":{"uv":[4.516,9.484],"uv_size":[1.109,-1.109]},"down":{"uv":[4.516,9.484],"uv_size":[1.109,-1.109]}}}],"name":"rot_33"},{"parent":"geyser_custom_z","pivot":[7,8.7,0],"rotation":[0,-0,0],"cubes":[{"origin":[14.75,12.7,6.55],"size":[0.5,0.2,0.5],"pivot":[7,8.7,0],"uv":{"north":{"uv":[4.516,8.391],"uv_size":[1.109,1.109]},"south":{"uv":[4.516,8.391],"uv_size":[1.109,1.109]},"east":{"uv":[4.516,8.391],"uv_size":[1.109,1.109]},"west":{"uv":[4.516,8.391],"uv_size":[1.109,1.109]},"up":{"uv":[5.609,9.484],"uv_size":[-1.109,-1.109]},"down":{"uv":[5.609,9.484],"uv_size":[-1.109,-1.109]}}}],"name":"rot_34"},{"parent":"geyser_custom_z","pivot":[7,9.3,0],"rotation":[0,-0,0],"cubes":[{"origin":[-1.25,13.3,6.55],"size":[0.5,0.2,0.5],"pivot":[7,9.3,0],"uv":{"north":{"uv":[5.609,8.391],"uv_size":[-1.109,1.109]},"south":{"uv":[5.609,8.391],"uv_size":[-1.109,1.109]},"east":{"uv":[5.609,8.391],"uv_size":[-1.109,1.109]},"west":{"uv":[5.609,8.391],"uv_size":[-1.109,1.109]},"up":{"uv":[4.516,9.484],"uv_size":[1.109,-1.109]},"down":{"uv":[4.516,9.484],"uv_size":[1.109,-1.109]}}}],"name":"rot_35"},{"parent":"geyser_custom_z","pivot":[6.5,8.5,0],"rotation":[0,-0,0],"cubes":[{"origin":[14.25,11.75,6.55],"size":[0.5,0.75,0.5],"pivot":[6.5,8.5,0],"uv":{"north":{"uv":[6.516,12.391],"uv_size":[1.109,1.109]},"south":{"uv":[6.516,12.391],"uv_size":[1.109,1.109]},"east":{"uv":[6.516,12.391],"uv_size":[1.109,1.109]},"west":{"uv":[6.516,12.391],"uv_size":[1.109,1.109]},"up":{"uv":[7.609,13.484],"uv_size":[-1.109,-1.109]},"down":{"uv":[7.609,13.484],"uv_size":[-1.109,-1.109]}}},{"origin":[14.25,12.5,6.55],"size":[0.5,0.2,0.5],"pivot":[6.5,8.5,0],"uv":{"north":{"uv":[4.516,8.391],"uv_size":[1.109,1.109]},"south":{"uv":[4.516,8.391],"uv_size":[1.109,1.109]},"east":{"uv":[4.516,8.391],"uv_size":[1.109,1.109]},"west":{"uv":[4.516,8.391],"uv_size":[1.109,1.109]},"up":{"uv":[5.609,9.484],"uv_size":[-1.109,-1.109]},"down":{"uv":[5.609,9.484],"uv_size":[-1.109,-1.109]}}}],"name":"rot_36"},{"parent":"geyser_custom_z","pivot":[6.5,9.4,0],"rotation":[0,-0,0],"cubes":[{"origin":[-1.75,13.4,6.55],"size":[0.5,0.2,0.5],"pivot":[6.5,9.4,0],"uv":{"north":{"uv":[5.609,8.391],"uv_size":[-1.109,1.109]},"south":{"uv":[5.609,8.391],"uv_size":[-1.109,1.109]},"east":{"uv":[5.609,8.391],"uv_size":[-1.109,1.109]},"west":{"uv":[5.609,8.391],"uv_size":[-1.109,1.109]},"up":{"uv":[4.516,9.484],"uv_size":[1.109,-1.109]},"down":{"uv":[4.516,9.484],"uv_size":[1.109,-1.109]}}}],"name":"rot_37"},{"parent":"geyser_custom_z","pivot":[6,8.5,0],"rotation":[0,-0,0],"cubes":[{"origin":[13.65,12.5,6.55],"size":[0.6,0.2,0.5],"pivot":[6,8.5,0],"uv":{"north":{"uv":[4.516,8.391],"uv_size":[1.109,1.109]},"south":{"uv":[4.516,8.391],"uv_size":[1.109,1.109]},"east":{"uv":[4.516,8.391],"uv_size":[1.109,1.109]},"west":{"uv":[4.516,8.391],"uv_size":[1.109,1.109]},"up":{"uv":[5.609,9.484],"uv_size":[-1.109,-1.109]},"down":{"uv":[5.609,9.484],"uv_size":[-1.109,-1.109]}}}],"name":"rot_38"},{"parent":"geyser_custom_z","pivot":[6,9.5,0],"rotation":[0,-0,0],"cubes":[{"origin":[-2.25,12.75,6.55],"size":[0.5,0.75,0.5],"pivot":[6,9.5,0],"uv":{"north":{"uv":[7.609,12.391],"uv_size":[-1.109,1.109]},"south":{"uv":[7.609,12.391],"uv_size":[-1.109,1.109]},"east":{"uv":[7.609,12.391],"uv_size":[-1.109,1.109]},"west":{"uv":[7.609,12.391],"uv_size":[-1.109,1.109]},"up":{"uv":[6.516,13.484],"uv_size":[1.109,-1.109]},"down":{"uv":[6.516,13.484],"uv_size":[1.109,-1.109]}}},{"origin":[-2.25,13.5,6.55],"size":[0.5,0.2,0.5],"pivot":[6,9.5,0],"uv":{"north":{"uv":[5.609,8.391],"uv_size":[-1.109,1.109]},"south":{"uv":[5.609,8.391],"uv_size":[-1.109,1.109]},"east":{"uv":[5.609,8.391],"uv_size":[-1.109,1.109]},"west":{"uv":[5.609,8.391],"uv_size":[-1.109,1.109]},"up":{"uv":[4.516,9.484],"uv_size":[1.109,-1.109]},"down":{"uv":[4.516,9.484],"uv_size":[1.109,-1.109]}}}],"name":"rot_39"},{"parent":"geyser_custom_z","pivot":[5.5,9.6,0],"rotation":[0,-0,0],"cubes":[{"origin":[-2.75,13.6,6.55],"size":[0.5,0.2,0.5],"pivot":[5.5,9.6,0],"uv":{"north":{"uv":[5.609,8.391],"uv_size":[-1.109,1.109]},"south":{"uv":[5.609,8.391],"uv_size":[-1.109,1.109]},"east":{"uv":[5.609,8.391],"uv_size":[-1.109,1.109]},"west":{"uv":[5.609,8.391],"uv_size":[-1.109,1.109]},"up":{"uv":[4.516,9.484],"uv_size":[1.109,-1.109]},"down":{"uv":[4.516,9.484],"uv_size":[1.109,-1.109]}}}],"name":"rot_40"},{"parent":"geyser_custom_z","pivot":[5.4,8.5,0],"rotation":[0,-0,0],"cubes":[{"origin":[13.15,12.5,6.55],"size":[0.5,0.2,0.5],"pivot":[5.4,8.5,0],"uv":{"north":{"uv":[4.516,8.391],"uv_size":[1.109,1.109]},"south":{"uv":[4.516,8.391],"uv_size":[1.109,1.109]},"east":{"uv":[4.516,8.391],"uv_size":[1.109,1.109]},"west":{"uv":[4.516,8.391],"uv_size":[1.109,1.109]},"up":{"uv":[5.609,9.484],"uv_size":[-1.109,-1.109]},"down":{"uv":[5.609,9.484],"uv_size":[-1.109,-1.109]}}}],"name":"rot_41"},{"parent":"geyser_custom_z","pivot":[5,8.5,0],"rotation":[0,-0,0],"cubes":[{"origin":[12.75,12.5,6.55],"size":[0.5,0.2,0.5],"pivot":[5,8.5,0],"uv":{"north":{"uv":[4.516,8.391],"uv_size":[1.109,1.109]},"south":{"uv":[4.516,8.391],"uv_size":[1.109,1.109]},"east":{"uv":[4.516,8.391],"uv_size":[1.109,1.109]},"west":{"uv":[4.516,8.391],"uv_size":[1.109,1.109]},"up":{"uv":[5.609,9.484],"uv_size":[-1.109,-1.109]},"down":{"uv":[5.609,9.484],"uv_size":[-1.109,-1.109]}}}],"name":"rot_42"},{"parent":"geyser_custom_z","pivot":[5,9.7,0],"rotation":[0,-0,0],"cubes":[{"origin":[-3.25,13.7,6.55],"size":[0.5,0.2,0.5],"pivot":[5,9.7,0],"uv":{"north":{"uv":[5.609,8.391],"uv_size":[-1.109,1.109]},"south":{"uv":[5.609,8.391],"uv_size":[-1.109,1.109]},"east":{"uv":[5.609,8.391],"uv_size":[-1.109,1.109]},"west":{"uv":[5.609,8.391],"uv_size":[-1.109,1.109]},"up":{"uv":[4.516,9.484],"uv_size":[1.109,-1.109]},"down":{"uv":[4.516,9.484],"uv_size":[1.109,-1.109]}}}],"name":"rot_43"},{"parent":"geyser_custom_z","pivot":[4.5,8.4,0],"rotation":[0,-0,0],"cubes":[{"origin":[12.25,12.4,6.55],"size":[0.5,0.2,0.5],"pivot":[4.5,8.4,0],"uv":{"north":{"uv":[4.516,8.391],"uv_size":[1.109,1.109]},"south":{"uv":[4.516,8.391],"uv_size":[1.109,1.109]},"east":{"uv":[4.516,8.391],"uv_size":[1.109,1.109]},"west":{"uv":[4.516,8.391],"uv_size":[1.109,1.109]},"up":{"uv":[5.609,9.484],"uv_size":[-1.109,-1.109]},"down":{"uv":[5.609,9.484],"uv_size":[-1.109,-1.109]}}}],"name":"rot_44"},{"parent":"geyser_custom_z","pivot":[4.5,9.8,0],"rotation":[0,-0,0],"cubes":[{"origin":[-3.75,13.8,6.55],"size":[0.5,0.2,0.5],"pivot":[4.5,9.8,0],"uv":{"north":{"uv":[5.609,8.391],"uv_size":[-1.109,1.109]},"south":{"uv":[5.609,8.391],"uv_size":[-1.109,1.109]},"east":{"uv":[5.609,8.391],"uv_size":[-1.109,1.109]},"west":{"uv":[5.609,8.391],"uv_size":[-1.109,1.109]},"up":{"uv":[4.516,9.484],"uv_size":[1.109,-1.109]},"down":{"uv":[4.516,9.484],"uv_size":[1.109,-1.109]}}}],"name":"rot_45"},{"parent":"geyser_custom_z","pivot":[4,8.4,0],"rotation":[0,-0,0],"cubes":[{"origin":[11.75,12.4,6.55],"size":[0.5,0.2,0.5],"pivot":[4,8.4,0],"uv":{"north":{"uv":[4.516,8.391],"uv_size":[1.109,1.109]},"south":{"uv":[4.516,8.391],"uv_size":[1.109,1.109]},"east":{"uv":[4.516,8.391],"uv_size":[1.109,1.109]},"west":{"uv":[4.516,8.391],"uv_size":[1.109,1.109]},"up":{"uv":[5.609,9.484],"uv_size":[-1.109,-1.109]},"down":{"uv":[5.609,9.484],"uv_size":[-1.109,-1.109]}}}],"name":"rot_46"},{"parent":"geyser_custom_z","pivot":[4,10,0],"rotation":[0,-0,0],"cubes":[{"origin":[-4.25,14,6.55],"size":[0.5,0.2,0.5],"pivot":[4,10,0],"uv":{"north":{"uv":[5.609,8.391],"uv_size":[-1.109,1.109]},"south":{"uv":[5.609,8.391],"uv_size":[-1.109,1.109]},"east":{"uv":[5.609,8.391],"uv_size":[-1.109,1.109]},"west":{"uv":[5.609,8.391],"uv_size":[-1.109,1.109]},"up":{"uv":[4.516,9.484],"uv_size":[1.109,-1.109]},"down":{"uv":[4.516,9.484],"uv_size":[1.109,-1.109]}}}],"name":"rot_47"},{"parent":"geyser_custom_z","pivot":[3.5,8.4,0],"rotation":[0,-0,0],"cubes":[{"origin":[11.25,12.4,6.55],"size":[0.5,0.2,0.5],"pivot":[3.5,8.4,0],"uv":{"north":{"uv":[4.516,8.391],"uv_size":[1.109,1.109]},"south":{"uv":[4.516,8.391],"uv_size":[1.109,1.109]},"east":{"uv":[4.516,8.391],"uv_size":[1.109,1.109]},"west":{"uv":[4.516,8.391],"uv_size":[1.109,1.109]},"up":{"uv":[5.609,9.484],"uv_size":[-1.109,-1.109]},"down":{"uv":[5.609,9.484],"uv_size":[-1.109,-1.109]}}}],"name":"rot_48"},{"parent":"geyser_custom_z","pivot":[3.5,10.1,0],"rotation":[0,-0,0],"cubes":[{"origin":[-4.75,14.1,6.55],"size":[0.5,0.2,0.5],"pivot":[3.5,10.1,0],"uv":{"north":{"uv":[5.609,8.391],"uv_size":[-1.109,1.109]},"south":{"uv":[5.609,8.391],"uv_size":[-1.109,1.109]},"east":{"uv":[5.609,8.391],"uv_size":[-1.109,1.109]},"west":{"uv":[5.609,8.391],"uv_size":[-1.109,1.109]},"up":{"uv":[4.516,9.484],"uv_size":[1.109,-1.109]},"down":{"uv":[4.516,9.484],"uv_size":[1.109,-1.109]}}}],"name":"rot_49"},{"parent":"geyser_custom_z","pivot":[3,8.4,0],"rotation":[0,-0,0],"cubes":[{"origin":[10.75,12.4,6.55],"size":[0.5,0.2,0.5],"pivot":[3,8.4,0],"uv":{"north":{"uv":[4.516,8.391],"uv_size":[1.109,1.109]},"south":{"uv":[4.516,8.391],"uv_size":[1.109,1.109]},"east":{"uv":[4.516,8.391],"uv_size":[1.109,1.109]},"west":{"uv":[4.516,8.391],"uv_size":[1.109,1.109]},"up":{"uv":[5.609,9.484],"uv_size":[-1.109,-1.109]},"down":{"uv":[5.609,9.484],"uv_size":[-1.109,-1.109]}}}],"name":"rot_50"},{"parent":"geyser_custom_z","pivot":[2.5,8.4,0],"rotation":[0,-0,0],"cubes":[{"origin":[10.25,12.4,6.55],"size":[0.5,0.2,0.5],"pivot":[2.5,8.4,0],"uv":{"north":{"uv":[4.516,8.391],"uv_size":[1.109,1.109]},"south":{"uv":[4.516,8.391],"uv_size":[1.109,1.109]},"east":{"uv":[4.516,8.391],"uv_size":[1.109,1.109]},"west":{"uv":[4.516,8.391],"uv_size":[1.109,1.109]},"up":{"uv":[5.609,9.484],"uv_size":[-1.109,-1.109]},"down":{"uv":[5.609,9.484],"uv_size":[-1.109,-1.109]}}}],"name":"rot_51"},{"parent":"geyser_custom_z","pivot":[2,8.4,0],"rotation":[0,-0,0],"cubes":[{"origin":[9.75,12.4,6.55],"size":[0.5,0.2,0.5],"pivot":[2,8.4,0],"uv":{"north":{"uv":[4.516,8.391],"uv_size":[1.109,1.109]},"south":{"uv":[4.516,8.391],"uv_size":[1.109,1.109]},"east":{"uv":[4.516,8.391],"uv_size":[1.109,1.109]},"west":{"uv":[4.516,8.391],"uv_size":[1.109,1.109]},"up":{"uv":[5.609,9.484],"uv_size":[-1.109,-1.109]},"down":{"uv":[5.609,9.484],"uv_size":[-1.109,-1.109]}}}],"name":"rot_52"},{"parent":"geyser_custom_z","pivot":[1.5,8.3,0],"rotation":[0,-0,0],"cubes":[{"origin":[9.25,12.3,6.55],"size":[0.5,0.2,0.5],"pivot":[1.5,8.3,0],"uv":{"north":{"uv":[4.516,8.391],"uv_size":[1.109,1.109]},"south":{"uv":[4.516,8.391],"uv_size":[1.109,1.109]},"east":{"uv":[4.516,8.391],"uv_size":[1.109,1.109]},"west":{"uv":[4.516,8.391],"uv_size":[1.109,1.109]},"up":{"uv":[5.609,9.484],"uv_size":[-1.109,-1.109]},"down":{"uv":[5.609,9.484],"uv_size":[-1.109,-1.109]}}}],"name":"rot_53"},{"parent":"geyser_custom_z","pivot":[1,8.2,0],"rotation":[0,-0,0],"cubes":[{"origin":[8.75,12.2,6.55],"size":[0.5,0.2,0.5],"pivot":[1,8.2,0],"uv":{"north":{"uv":[4.516,8.391],"uv_size":[1.109,1.109]},"south":{"uv":[4.516,8.391],"uv_size":[1.109,1.109]},"east":{"uv":[4.516,8.391],"uv_size":[1.109,1.109]},"west":{"uv":[4.516,8.391],"uv_size":[1.109,1.109]},"up":{"uv":[5.609,9.484],"uv_size":[-1.109,-1.109]},"down":{"uv":[5.609,9.484],"uv_size":[-1.109,-1.109]}}}],"name":"rot_54"},{"parent":"geyser_custom_z","pivot":[0.5,8.1,0],"rotation":[0,-0,0],"cubes":[{"origin":[8.25,12.1,6.55],"size":[0.5,0.2,0.5],"pivot":[0.5,8.1,0],"uv":{"north":{"uv":[4.516,8.391],"uv_size":[1.109,1.109]},"south":{"uv":[4.516,8.391],"uv_size":[1.109,1.109]},"east":{"uv":[4.516,8.391],"uv_size":[1.109,1.109]},"west":{"uv":[4.516,8.391],"uv_size":[1.109,1.109]},"up":{"uv":[5.609,9.484],"uv_size":[-1.109,-1.109]},"down":{"uv":[5.609,9.484],"uv_size":[-1.109,-1.109]}}}],"name":"rot_55"},{"parent":"geyser_custom_z","pivot":[18,12.3,6.8],"rotation":[0,-22.5,0],"cubes":[{"origin":[17.5361,10.8001,5.68],"size":[0.9278,2,2.24],"pivot":[18,12.3,6.8],"uv":{"north":{"uv":[10.016,12.016],"uv_size":[1.984,1.984]},"south":{"uv":[10.016,12.016],"uv_size":[1.984,1.984]},"east":{"uv":[10.123,12.002],"uv_size":[-0.123,0.123]},"west":{"uv":[10.016,12.016],"uv_size":[1.984,1.984]},"up":{"uv":[13.984,13.984],"uv_size":[-1.984,-1.984]},"down":{"uv":[13.984,13.984],"uv_size":[-1.984,-1.984]}}},{"origin":[16.88,10.8003,6.3361],"size":[2.24,2,0.9278],"pivot":[18,12.3,6.8],"uv":{"north":{"uv":[10.123,12.002],"uv_size":[-0.123,0.123]},"south":{"uv":[10.123,12.002],"uv_size":[-0.123,0.123]},"east":{"uv":[10.016,12.016],"uv_size":[1.984,1.984]},"west":{"uv":[10.016,12.016],"uv_size":[1.984,1.984]},"up":{"uv":[13.984,13.984],"uv_size":[-1.984,-1.984]},"down":{"uv":[13.984,13.984],"uv_size":[-1.984,-1.984]}}}],"name":"rot_56"},{"parent":"geyser_custom_z","pivot":[14.5,11.3,6.8],"rotation":[0,-22.5,0],"cubes":[{"origin":[14.0361,9.8002,5.68],"size":[0.9278,2,2.24],"pivot":[14.5,11.3,6.8],"uv":{"north":{"uv":[10.016,12.016],"uv_size":[1.984,1.984]},"south":{"uv":[10.016,12.016],"uv_size":[1.984,1.984]},"east":{"uv":[10.002,12.002],"uv_size":[0.123,0.123]},"west":{"uv":[10.002,12.2419],"uv_size":[0.123,0.2561]},"up":{"uv":[13.984,13.984],"uv_size":[-1.984,-1.984]},"down":{"uv":[13.984,13.984],"uv_size":[-1.984,-1.984]}}},{"origin":[13.38,9.8004,6.3361],"size":[2.24,2,0.9278],"pivot":[14.5,11.3,6.8],"uv":{"north":{"uv":[10.002,12.002],"uv_size":[0.123,0.123]},"south":{"uv":[10.002,12.002],"uv_size":[0.123,0.123]},"east":{"uv":[10.016,12.016],"uv_size":[1.984,1.984]},"west":{"uv":[10.016,12.016],"uv_size":[1.984,1.984]},"up":{"uv":[13.984,13.984],"uv_size":[-1.984,-1.984]},"down":{"uv":[13.984,13.984],"uv_size":[-1.984,-1.984]}}}],"name":"rot_57"},{"parent":"geyser_custom_z","pivot":[8,10.8,6.8],"rotation":[0,-22.5,0],"cubes":[{"origin":[7.5361,9.3002,5.68],"size":[0.9278,2,2.24],"pivot":[8,10.8,6.8],"uv":{"north":{"uv":[10.016,12.016],"uv_size":[1.984,1.984]},"south":{"uv":[10.016,12.016],"uv_size":[1.984,1.984]},"east":{"uv":[10.002,12.002],"uv_size":[0.123,0.123]},"west":{"uv":[10.002,12.2419],"uv_size":[0.123,0.2561]},"up":{"uv":[13.984,13.984],"uv_size":[-1.984,-1.984]},"down":{"uv":[13.984,13.984],"uv_size":[-1.984,-1.984]}}},{"origin":[6.88,9.3004,6.3361],"size":[2.24,2,0.9278],"pivot":[8,10.8,6.8],"uv":{"north":{"uv":[10.016,12.016],"uv_size":[1.984,1.984]},"south":{"uv":[10.016,12.016],"uv_size":[1.984,1.984]},"east":{"uv":[10.016,12.016],"uv_size":[1.984,1.984]},"west":{"uv":[10.016,12.016],"uv_size":[1.984,1.984]},"up":{"uv":[13.984,13.984],"uv_size":[-1.984,-1.984]},"down":{"uv":[13.984,13.984],"uv_size":[-1.984,-1.984]}}}],"name":"rot_58"},{"parent":"geyser_custom_z","pivot":[1.5,11.3,6.8],"rotation":[0,-22.5,0],"cubes":[{"origin":[1.0361,9.8001,5.68],"size":[0.9278,2,2.24],"pivot":[1.5,11.3,6.8],"uv":{"north":{"uv":[10.016,12.016],"uv_size":[1.984,1.984]},"south":{"uv":[10.016,12.016],"uv_size":[1.984,1.984]},"east":{"uv":[10.016,12.016],"uv_size":[1.984,1.984]},"west":{"uv":[10.016,12.016],"uv_size":[1.984,1.984]},"up":{"uv":[13.984,13.984],"uv_size":[-1.984,-1.984]},"down":{"uv":[13.984,13.984],"uv_size":[-1.984,-1.984]}}},{"origin":[0.38,9.8003,6.3361],"size":[2.24,2,0.9278],"pivot":[1.5,11.3,6.8],"uv":{"north":{"uv":[10.016,12.016],"uv_size":[1.984,1.984]},"south":{"uv":[10.016,12.016],"uv_size":[1.984,1.984]},"east":{"uv":[10.016,12.016],"uv_size":[1.984,1.984]},"west":{"uv":[10.016,12.016],"uv_size":[1.984,1.984]},"up":{"uv":[13.984,13.984],"uv_size":[-1.984,-1.984]},"down":{"uv":[13.984,13.984],"uv_size":[-1.984,-1.984]}}}],"name":"rot_59"},{"parent":"geyser_custom_z","pivot":[-2,12.3,6.8],"rotation":[0,-22.5,0],"cubes":[{"origin":[-2.4639,10.8001,5.68],"size":[0.9278,2,2.24],"pivot":[-2,12.3,6.8],"uv":{"north":{"uv":[10.016,12.016],"uv_size":[1.984,1.984]},"south":{"uv":[10.016,12.016],"uv_size":[1.984,1.984]},"east":{"uv":[10.123,12.002],"uv_size":[-0.123,0.123]},"west":{"uv":[10.016,12.016],"uv_size":[1.984,1.984]},"up":{"uv":[13.984,13.984],"uv_size":[-1.984,-1.984]},"down":{"uv":[13.984,13.984],"uv_size":[-1.984,-1.984]}}},{"origin":[-3.12,10.8003,6.3361],"size":[2.24,2,0.9278],"pivot":[-2,12.3,6.8],"uv":{"north":{"uv":[10.123,12.002],"uv_size":[-0.123,0.123]},"south":{"uv":[10.123,12.002],"uv_size":[-0.123,0.123]},"east":{"uv":[10.016,12.016],"uv_size":[1.984,1.984]},"west":{"uv":[10.016,12.016],"uv_size":[1.984,1.984]},"up":{"uv":[13.984,13.984],"uv_size":[-1.984,-1.984]},"down":{"uv":[13.984,13.984],"uv_size":[-1.984,-1.984]}}}],"name":"rot_60"}]}]}
