{"format_version":"1.16.0","minecraft:geometry":[{"description":{"identifier":"geometry.geyser_custom.geo_a8ce619","texture_width":16,"texture_height":16,"visible_bounds_width":4,"visible_bounds_height":4.5,"visible_bounds_offset":[0,0.75,0]},"bones":[{"name":"geyser_custom","binding":"c.item_slot == 'head' ? 'head' : q.item_slot_to_bone_name(c.item_slot)","pivot":[0,8,0]},{"name":"geyser_custom_x","parent":"geyser_custom","pivot":[0,8,0]},{"name":"geyser_custom_y","parent":"geyser_custom_x","pivot":[0,8,0]},{"name":"geyser_custom_z","parent":"geyser_custom_y","pivot":[0,8,0],"cubes":[]},{"parent":"geyser_custom_z","pivot":[2,2.0045,-3.3965],"rotation":[0,-0,0],"cubes":[{"origin":[22,0,-24],"size":[2,1,2],"pivot":[2,2.0045,-3.3965],"uv":{"north":{"uv":[5.379,4.002],"uv_size":[0.246,0.123]},"south":{"uv":[5.379,4.502],"uv_size":[0.246,0.123]},"east":{"uv":[5.379,4.252],"uv_size":[0.246,0.123]},"west":{"uv":[5.379,4.752],"uv_size":[0.246,0.123]},"up":{"uv":[5.379,1.004],"uv_size":[0.246,0.246]},"down":{"uv":[5.379,1.621],"uv_size":[0.246,-0.246]}}}],"name":"rot_1"},{"parent":"geyser_custom_z","pivot":[2,2.0045,3.3965],"rotation":[0,-0,0],"cubes":[{"origin":[22,0,22],"size":[2,1,2],"pivot":[2,2.0045,3.3965],"uv":{"north":{"uv":[5.621,4.502],"uv_size":[-0.246,0.123]},"south":{"uv":[5.621,4.002],"uv_size":[-0.246,0.123]},"east":{"uv":[5.621,4.252],"uv_size":[-0.246,0.123]},"west":{"uv":[5.621,4.752],"uv_size":[-0.246,0.123]},"up":{"uv":[5.379,1.246],"uv_size":[0.246,-0.246]},"down":{"uv":[5.379,1.379],"uv_size":[0.246,0.246]}}}],"name":"rot_2"},{"parent":"geyser_custom_z","pivot":[1,2.0045,-1.3964],"rotation":[0,-0,0],"cubes":[{"origin":[19,0,-22],"size":[3,1,1],"pivot":[1,2.0045,-1.3964],"uv":{"north":{"uv":[5.381,1.752],"uv_size":[0.369,0.123]},"south":{"uv":[5.381,2.002],"uv_size":[0.369,0.123]},"east":{"uv":[5.377,5.002],"uv_size":[0.123,0.123]},"west":{"uv":[5.377,5.252],"uv_size":[0.123,0.123]},"up":{"uv":[5.381,2.252],"uv_size":[0.369,0.123]},"down":{"uv":[5.381,2.623],"uv_size":[0.369,-0.123]}}}],"name":"rot_3"},{"parent":"geyser_custom_z","pivot":[1,2.0045,-0.3964],"rotation":[0,-0,0],"cubes":[{"origin":[21,0,-21],"size":[1,1,2],"pivot":[1,2.0045,-0.3964],"uv":{"north":{"uv":[5.377,5.502],"uv_size":[0.123,0.123]},"south":{"uv":[5.627,3.252],"uv_size":[0.123,0.123]},"east":{"uv":[5.379,2.752],"uv_size":[0.246,0.123]},"west":{"uv":[5.379,3.002],"uv_size":[0.246,0.123]},"up":{"uv":[5.377,3.254],"uv_size":[0.123,0.246]},"down":{"uv":[5.377,3.871],"uv_size":[0.123,-0.246]}}}],"name":"rot_4"},{"parent":"geyser_custom_z","pivot":[1,2.0045,0.3964],"rotation":[0,-0,0],"cubes":[{"origin":[21,0,19],"size":[1,1,2],"pivot":[1,2.0045,0.3964],"uv":{"north":{"uv":[5.748,3.252],"uv_size":[-0.123,0.123]},"south":{"uv":[5.498,5.502],"uv_size":[-0.123,0.123]},"east":{"uv":[5.621,2.752],"uv_size":[-0.246,0.123]},"west":{"uv":[5.621,3.002],"uv_size":[-0.246,0.123]},"up":{"uv":[5.377,3.496],"uv_size":[0.123,-0.246]},"down":{"uv":[5.377,3.629],"uv_size":[0.123,0.246]}}}],"name":"rot_5"},{"parent":"geyser_custom_z","pivot":[1,2.0045,1.3964],"rotation":[0,-0,0],"cubes":[{"origin":[19,0,21],"size":[3,1,1],"pivot":[1,2.0045,1.3964],"uv":{"north":{"uv":[5.744,2.002],"uv_size":[-0.369,0.123]},"south":{"uv":[5.744,1.752],"uv_size":[-0.369,0.123]},"east":{"uv":[5.498,5.002],"uv_size":[-0.123,0.123]},"west":{"uv":[5.498,5.252],"uv_size":[-0.123,0.123]},"up":{"uv":[5.381,2.373],"uv_size":[0.369,-0.123]},"down":{"uv":[5.381,2.502],"uv_size":[0.369,0.123]}}}],"name":"rot_6"},{"parent":"geyser_custom_z","pivot":[0,2.0045,-0.3964],"rotation":[0,-0,0],"cubes":[{"origin":[-21,0,-21],"size":[42,1,42],"pivot":[0,2.0045,-0.3964],"uv":{"north":{"uv":[5.391,0.002],"uv_size":[5.234,0.123]},"south":{"uv":[5.391,0.502],"uv_size":[5.234,0.123]},"east":{"uv":[5.391,0.252],"uv_size":[5.234,0.123]},"west":{"uv":[5.391,0.752],"uv_size":[5.234,0.123]},"up":{"uv":[0.016,0.016],"uv_size":[5.234,5.234]},"down":{"uv":[0.016,10.609],"uv_size":[5.234,-5.234]}}}],"name":"rot_7"},{"parent":"geyser_custom_z","pivot":[-1,2.0045,-1.3964],"rotation":[0,-0,0],"cubes":[{"origin":[-22,0,-22],"size":[3,1,1],"pivot":[-1,2.0045,-1.3964],"uv":{"north":{"uv":[5.744,1.752],"uv_size":[-0.369,0.123]},"south":{"uv":[5.744,2.002],"uv_size":[-0.369,0.123]},"east":{"uv":[5.498,5.252],"uv_size":[-0.123,0.123]},"west":{"uv":[5.498,5.002],"uv_size":[-0.123,0.123]},"up":{"uv":[5.744,2.252],"uv_size":[-0.369,0.123]},"down":{"uv":[5.744,2.623],"uv_size":[-0.369,-0.123]}}}],"name":"rot_8"},{"parent":"geyser_custom_z","pivot":[-1,2.0045,-0.3964],"rotation":[0,-0,0],"cubes":[{"origin":[-22,0,-21],"size":[1,1,2],"pivot":[-1,2.0045,-0.3964],"uv":{"north":{"uv":[5.498,5.502],"uv_size":[-0.123,0.123]},"south":{"uv":[5.748,3.252],"uv_size":[-0.123,0.123]},"east":{"uv":[5.621,3.002],"uv_size":[-0.246,0.123]},"west":{"uv":[5.621,2.752],"uv_size":[-0.246,0.123]},"up":{"uv":[5.498,3.254],"uv_size":[-0.123,0.246]},"down":{"uv":[5.498,3.871],"uv_size":[-0.123,-0.246]}}}],"name":"rot_9"},{"parent":"geyser_custom_z","pivot":[-1,2.0045,0.3964],"rotation":[0,-0,0],"cubes":[{"origin":[-22,0,19],"size":[1,1,2],"pivot":[-1,2.0045,0.3964],"uv":{"north":{"uv":[5.627,3.252],"uv_size":[0.123,0.123]},"south":{"uv":[5.377,5.502],"uv_size":[0.123,0.123]},"east":{"uv":[5.379,3.002],"uv_size":[0.246,0.123]},"west":{"uv":[5.379,2.752],"uv_size":[0.246,0.123]},"up":{"uv":[5.498,3.496],"uv_size":[-0.123,-0.246]},"down":{"uv":[5.498,3.629],"uv_size":[-0.123,0.246]}}}],"name":"rot_10"},{"parent":"geyser_custom_z","pivot":[-1,2.0045,1.3964],"rotation":[0,-0,0],"cubes":[{"origin":[-22,0,21],"size":[3,1,1],"pivot":[-1,2.0045,1.3964],"uv":{"north":{"uv":[5.381,2.002],"uv_size":[0.369,0.123]},"south":{"uv":[5.381,1.752],"uv_size":[0.369,0.123]},"east":{"uv":[5.377,5.252],"uv_size":[0.123,0.123]},"west":{"uv":[5.377,5.002],"uv_size":[0.123,0.123]},"up":{"uv":[5.744,2.373],"uv_size":[-0.369,-0.123]},"down":{"uv":[5.744,2.502],"uv_size":[-0.369,0.123]}}}],"name":"rot_11"},{"parent":"geyser_custom_z","pivot":[-2,2.0045,-3.3965],"rotation":[0,-0,0],"cubes":[{"origin":[-24,0,-24],"size":[2,1,2],"pivot":[-2,2.0045,-3.3965],"uv":{"north":{"uv":[5.621,4.002],"uv_size":[-0.246,0.123]},"south":{"uv":[5.621,4.502],"uv_size":[-0.246,0.123]},"east":{"uv":[5.621,4.752],"uv_size":[-0.246,0.123]},"west":{"uv":[5.621,4.252],"uv_size":[-0.246,0.123]},"up":{"uv":[5.621,1.004],"uv_size":[-0.246,0.246]},"down":{"uv":[5.621,1.621],"uv_size":[-0.246,-0.246]}}}],"name":"rot_12"},{"parent":"geyser_custom_z","pivot":[-2,2.0045,3.3965],"rotation":[0,-0,0],"cubes":[{"origin":[-24,0,22],"size":[2,1,2],"pivot":[-2,2.0045,3.3965],"uv":{"north":{"uv":[5.379,4.502],"uv_size":[0.246,0.123]},"south":{"uv":[5.379,4.002],"uv_size":[0.246,0.123]},"east":{"uv":[5.379,4.752],"uv_size":[0.246,0.123]},"west":{"uv":[5.379,4.252],"uv_size":[0.246,0.123]},"up":{"uv":[5.621,1.246],"uv_size":[-0.246,-0.246]},"down":{"uv":[5.621,1.379],"uv_size":[-0.246,0.246]}}}],"name":"rot_13"}]}]}
