{"format_version":"1.16.0","minecraft:geometry":[{"description":{"identifier":"geometry.geyser_custom.geo_9ed50a5","texture_width":16,"texture_height":16,"visible_bounds_width":4,"visible_bounds_height":4.5,"visible_bounds_offset":[0,0.75,0]},"bones":[{"name":"geyser_custom","binding":"c.item_slot == 'head' ? 'head' : q.item_slot_to_bone_name(c.item_slot)","pivot":[0,8,0]},{"name":"geyser_custom_x","parent":"geyser_custom","pivot":[0,8,0]},{"name":"geyser_custom_y","parent":"geyser_custom_x","pivot":[0,8,0]},{"name":"geyser_custom_z","parent":"geyser_custom_y","pivot":[0,8,0],"cubes":[]},{"parent":"geyser_custom_z","pivot":[0,2.0045,-0.3964],"rotation":[0,-0,0],"cubes":[{"origin":[-6,0,-6],"size":[12,5,12],"pivot":[0,2.0045,-0.3964],"uv":{"north":{"uv":[0.016,7.516],"uv_size":[2.984,1.234]},"south":{"uv":[8.016,1.516],"uv_size":[2.984,1.234]},"east":{"uv":[8.016,0.016],"uv_size":[2.984,1.234]},"west":{"uv":[8.016,3.016],"uv_size":[2.984,1.234]},"up":{"uv":[3.766,6.016],"uv_size":[2.984,2.984]},"down":{"uv":[7.016,8.984],"uv_size":[2.984,-2.984]}}},{"origin":[-7,5.5,-7],"size":[14,0,14],"pivot":[0,2.0045,-0.3964],"uv":{"north":{"uv":[8.016,5.5],"uv_size":[3.484,0]},"south":{"uv":[10.266,6],"uv_size":[3.484,0]},"east":{"uv":[8.016,5.75],"uv_size":[3.484,0]},"west":{"uv":[10.266,6.25],"uv_size":[3.484,0]},"up":{"uv":[0.016,0.016],"uv_size":[3.484,3.484]},"down":{"uv":[0.016,3.484],"uv_size":[3.484,-3.484]}}},{"origin":[-7.5,5.5,0],"size":[15,11,0],"pivot":[0,2.0045,-0.3964],"uv":{"north":{"uv":[3.766,0.016],"uv_size":[3.734,2.734]},"south":{"uv":[7.484,0.016],"uv_size":[-3.734,2.734]},"east":{"uv":[7.5,10.266],"uv_size":[0,2.734]},"west":{"uv":[7.75,10.266],"uv_size":[0,2.734]},"up":{"uv":[10.266,6.5],"uv_size":[3.984,0]},"down":{"uv":[10.266,6.75],"uv_size":[3.984,0]}}},{"origin":[-7,2.5,-7],"size":[14,3,0],"pivot":[0,2.0045,-0.3964],"uv":{"north":{"uv":[8.016,4.512],"uv_size":[3.484,0.738]},"south":{"uv":[11.484,4.512],"uv_size":[-3.484,0.738]},"east":{"uv":[3.25,7.512],"uv_size":[0,0.738]},"west":{"uv":[3.5,7.512],"uv_size":[0,0.738]},"up":{"uv":[10.266,7],"uv_size":[3.484,0]},"down":{"uv":[10.266,7.25],"uv_size":[3.484,0]}}},{"origin":[-7,2.5,7],"size":[14,3,0],"pivot":[0,2.0045,-0.3964],"uv":{"north":{"uv":[10.984,9.262],"uv_size":[-3.484,0.738]},"south":{"uv":[7.516,9.262],"uv_size":[3.484,0.738]},"east":{"uv":[10.25,7.512],"uv_size":[0,0.738]},"west":{"uv":[8,10.262],"uv_size":[0,0.738]},"up":{"uv":[8.266,10.25],"uv_size":[3.484,0]},"down":{"uv":[10.266,8.5],"uv_size":[3.484,0]}}},{"origin":[-7,2.5,-7],"size":[0,3,14],"pivot":[0,2.0045,-0.3964],"uv":{"north":{"uv":[10.5,7.512],"uv_size":[0,0.738]},"south":{"uv":[8.25,10.512],"uv_size":[0,0.738]},"east":{"uv":[0.016,10.012],"uv_size":[3.484,0.738]},"west":{"uv":[3.484,10.012],"uv_size":[-3.484,0.738]},"up":{"uv":[8.5,10.516],"uv_size":[0,3.484]},"down":{"uv":[8.75,13.984],"uv_size":[0,-3.484]}}},{"origin":[7,2.5,-7],"size":[0,3,14],"pivot":[0,2.0045,-0.3964],"uv":{"north":{"uv":[10.5,7.512],"uv_size":[0,0.738]},"south":{"uv":[8.25,10.512],"uv_size":[0,0.738]},"east":{"uv":[0.016,10.012],"uv_size":[3.484,0.738]},"west":{"uv":[3.484,10.012],"uv_size":[-3.484,0.738]},"up":{"uv":[8.5,10.516],"uv_size":[0,3.484]},"down":{"uv":[8.75,13.984],"uv_size":[0,-3.484]}}}],"name":"rot_1"}]}]}
