{"format_version":"1.16.0","minecraft:geometry":[{"description":{"identifier":"geometry.geyser_custom.geo_97984fe","texture_width":16,"texture_height":16,"visible_bounds_width":4,"visible_bounds_height":4.5,"visible_bounds_offset":[0,0.75,0]},"bones":[{"name":"geyser_custom","binding":"c.item_slot == 'head' ? 'head' : q.item_slot_to_bone_name(c.item_slot)","pivot":[0,8,0]},{"name":"geyser_custom_x","parent":"geyser_custom","pivot":[0,8,0]},{"name":"geyser_custom_y","parent":"geyser_custom_x","pivot":[0,8,0]},{"name":"geyser_custom_z","parent":"geyser_custom_y","pivot":[0,8,0],"cubes":[]},{"parent":"geyser_custom_z","pivot":[0.5,0,-1],"rotation":[0,-0,0],"cubes":[{"origin":[-0.5,-7,0],"size":[1,18,0],"pivot":[0.5,0,-1],"uv":{"north":{"uv":[6.504,0.016],"uv_size":[0.246,4.484]},"south":{"uv":[6.746,0.016],"uv_size":[-0.246,4.484]},"east":{"uv":[6.25,7.516],"uv_size":[0,4.484]},"west":{"uv":[3,8.766],"uv_size":[0,4.484]},"up":{"uv":[3.254,8.75],"uv_size":[0.246,0]},"down":{"uv":[3.754,8.75],"uv_size":[0.246,0]}}}],"name":"rot_1"},{"parent":"geyser_custom_z","pivot":[0,22,0],"rotation":[0,-0,0],"cubes":[{"origin":[-6,12,-2],"size":[12,4,4],"pivot":[0,22,0],"uv":{"north":{"uv":[0.016,0.016],"uv_size":[2.984,0.984]},"south":{"uv":[0.016,1.266],"uv_size":[2.984,0.984]},"east":{"uv":[7.016,0.016],"uv_size":[0.984,0.984]},"west":{"uv":[7.016,1.266],"uv_size":[0.984,0.984]},"up":{"uv":[0.016,2.516],"uv_size":[2.984,0.984]},"down":{"uv":[3.266,0.984],"uv_size":[2.984,-0.984]}}},{"origin":[-1,11,-1],"size":[2,1,2],"pivot":[0,22,0],"uv":{"north":{"uv":[0.008,8.754],"uv_size":[0.492,0.246]},"south":{"uv":[1.508,8.754],"uv_size":[0.492,0.246]},"east":{"uv":[0.758,8.754],"uv_size":[0.492,0.246]},"west":{"uv":[2.258,8.754],"uv_size":[0.492,0.246]},"up":{"uv":[8.258,7.508],"uv_size":[0.492,0.492]},"down":{"uv":[8.258,8.742],"uv_size":[0.492,-0.492]}}},{"origin":[2,16,-2],"size":[4,4,4],"pivot":[0,22,0],"uv":{"north":{"uv":[7.016,2.516],"uv_size":[0.984,0.984]},"south":{"uv":[7.016,5.016],"uv_size":[0.984,0.984]},"east":{"uv":[7.016,3.766],"uv_size":[0.984,0.984]},"west":{"uv":[7.016,6.266],"uv_size":[0.984,0.984]},"up":{"uv":[0.016,7.516],"uv_size":[0.984,0.984]},"down":{"uv":[1.266,8.484],"uv_size":[0.984,-0.984]}}},{"origin":[-6,20,-2],"size":[12,4,4],"pivot":[0,22,0],"uv":{"north":{"uv":[3.266,1.266],"uv_size":[2.984,0.984]},"south":{"uv":[3.266,2.516],"uv_size":[2.984,0.984]},"east":{"uv":[2.516,7.516],"uv_size":[0.984,0.984]},"west":{"uv":[3.766,7.516],"uv_size":[0.984,0.984]},"up":{"uv":[0.016,3.766],"uv_size":[2.984,0.984]},"down":{"uv":[3.266,4.734],"uv_size":[2.984,-0.984]}}},{"origin":[-6,24,-2],"size":[4,4,4],"pivot":[0,22,0],"uv":{"north":{"uv":[5.016,7.516],"uv_size":[0.984,0.984]},"south":{"uv":[8.266,0.016],"uv_size":[0.984,0.984]},"east":{"uv":[7.016,7.516],"uv_size":[0.984,0.984]},"west":{"uv":[8.266,1.266],"uv_size":[0.984,0.984]},"up":{"uv":[8.266,2.516],"uv_size":[0.984,0.984]},"down":{"uv":[8.266,4.734],"uv_size":[0.984,-0.984]}}},{"origin":[-6,28,-2],"size":[12,4,4],"pivot":[0,22,0],"uv":{"north":{"uv":[0.016,5.016],"uv_size":[2.984,0.984]},"south":{"uv":[3.266,5.016],"uv_size":[2.984,0.984]},"east":{"uv":[8.266,5.016],"uv_size":[0.984,0.984]},"west":{"uv":[8.266,6.266],"uv_size":[0.984,0.984]},"up":{"uv":[0.016,6.266],"uv_size":[2.984,0.984]},"down":{"uv":[3.266,7.234],"uv_size":[2.984,-0.984]}}}],"name":"rot_2"}]}]}
