{"format_version":"1.16.0","minecraft:geometry":[{"description":{"identifier":"geometry.geyser_custom.geo_2cdf63f","texture_width":16,"texture_height":16,"visible_bounds_width":4,"visible_bounds_height":4.5,"visible_bounds_offset":[0,0.75,0]},"bones":[{"name":"geyser_custom","binding":"c.item_slot == 'head' ? 'head' : q.item_slot_to_bone_name(c.item_slot)","pivot":[0,8,0]},{"name":"geyser_custom_x","parent":"geyser_custom","pivot":[0,8,0]},{"name":"geyser_custom_y","parent":"geyser_custom_x","pivot":[0,8,0]},{"name":"geyser_custom_z","parent":"geyser_custom_y","pivot":[0,8,0],"cubes":[]},{"parent":"geyser_custom_z","pivot":[0,0,0],"rotation":[0,-0,0],"cubes":[{"origin":[-2,0,-2],"size":[4,1,4],"pivot":[0,0,0],"uv":{"north":{"uv":[8.516,8.008],"uv_size":[1.984,0.492]},"south":{"uv":[9.016,7.008],"uv_size":[1.984,0.492]},"east":{"uv":[9.016,6.008],"uv_size":[1.984,0.492]},"west":{"uv":[8.516,9.008],"uv_size":[1.984,0.492]},"up":{"uv":[0.016,0.016],"uv_size":[1.984,1.984]},"down":{"uv":[0.016,4.484],"uv_size":[1.984,-1.984]}}},{"origin":[-1.5,4,-1.5],"size":[3,1,3],"pivot":[0,0,0],"uv":{"north":{"uv":[10.016,1.508],"uv_size":[1.484,0.492]},"south":{"uv":[3.016,10.008],"uv_size":[1.484,0.492]},"east":{"uv":[10.016,2.508],"uv_size":[1.484,0.492]},"west":{"uv":[5.016,10.008],"uv_size":[1.484,0.492]},"up":{"uv":[6.016,0.016],"uv_size":[1.484,1.484]},"down":{"uv":[6.016,3.484],"uv_size":[1.484,-1.484]}}},{"origin":[-1,5,-1],"size":[2,5,2],"pivot":[0,0,0],"uv":{"north":{"uv":[4.516,0.016],"uv_size":[0.984,2.484]},"south":{"uv":[0.016,5.016],"uv_size":[0.984,2.484]},"east":{"uv":[4.516,3.016],"uv_size":[0.984,2.484]},"west":{"uv":[1.516,5.016],"uv_size":[0.984,2.484]},"up":{"uv":[9.516,4.016],"uv_size":[0.984,0.984]},"down":{"uv":[0.016,10.984],"uv_size":[0.984,-0.984]}}},{"origin":[-1.5,10,0],"size":[3,4,0],"pivot":[0,0,0],"uv":{"north":{"uv":[2.516,0.016],"uv_size":[1.484,1.984]},"south":{"uv":[3.984,0.016],"uv_size":[-1.484,1.984]},"east":{"uv":[7,10.016],"uv_size":[0,1.984]},"west":{"uv":[7.5,10.016],"uv_size":[0,1.984]},"up":{"uv":[9.516,5.5],"uv_size":[1.484,0]},"down":{"uv":[10.016,3.5],"uv_size":[1.484,0]}}},{"origin":[-1.5,10.25,-1.5],"size":[3,0,3],"pivot":[0,0,0],"uv":{"north":{"uv":[8.016,10],"uv_size":[1.484,0]},"south":{"uv":[8.016,10.5],"uv_size":[1.484,0]},"east":{"uv":[10.016,10],"uv_size":[1.484,0]},"west":{"uv":[10.016,10.5],"uv_size":[1.484,0]},"up":{"uv":[3.016,6.016],"uv_size":[1.484,1.484]},"down":{"uv":[3.016,7.484],"uv_size":[1.484,-1.484]}}},{"origin":[-1.5,7.25,1.5],"size":[3,3,0],"pivot":[0,0,0],"uv":{"north":{"uv":[8.484,6.016],"uv_size":[-1.484,1.484]},"south":{"uv":[7.016,6.016],"uv_size":[1.484,1.484]},"east":{"uv":[3,11.016],"uv_size":[0,1.484]},"west":{"uv":[3.5,11.016],"uv_size":[0,1.484]},"up":{"uv":[4.016,11],"uv_size":[1.484,0]},"down":{"uv":[11.016,4],"uv_size":[1.484,0]}}},{"origin":[-1.5,7.25,-1.5],"size":[3,3,0],"pivot":[0,0,0],"uv":{"north":{"uv":[0.016,8.016],"uv_size":[1.484,1.484]},"south":{"uv":[1.484,8.016],"uv_size":[-1.484,1.484]},"east":{"uv":[6,11.016],"uv_size":[0,1.484]},"west":{"uv":[6.5,11.016],"uv_size":[0,1.484]},"up":{"uv":[11.016,4.5],"uv_size":[1.484,0]},"down":{"uv":[11.016,5],"uv_size":[1.484,0]}}},{"origin":[-1.5,7.25,-1.5],"size":[0,3,3],"pivot":[0,0,0],"uv":{"north":{"uv":[8,11.016],"uv_size":[0,1.484]},"south":{"uv":[11,8.016],"uv_size":[0,1.484]},"east":{"uv":[2.016,8.016],"uv_size":[1.484,1.484]},"west":{"uv":[3.484,8.016],"uv_size":[-1.484,1.484]},"up":{"uv":[8.5,11.016],"uv_size":[0,1.484]},"down":{"uv":[9,12.484],"uv_size":[0,-1.484]}}},{"origin":[1.5,7.25,-1.5],"size":[0,3,3],"pivot":[0,0,0],"uv":{"north":{"uv":[8,11.016],"uv_size":[0,1.484]},"south":{"uv":[11,8.016],"uv_size":[0,1.484]},"east":{"uv":[5.016,6.016],"uv_size":[1.484,1.484]},"west":{"uv":[6.484,6.016],"uv_size":[-1.484,1.484]},"up":{"uv":[8.5,11.016],"uv_size":[0,1.484]},"down":{"uv":[9,12.484],"uv_size":[0,-1.484]}}},{"origin":[-1,1,-1],"size":[2,3,2],"pivot":[0,0,0],"uv":{"north":{"uv":[4.016,8.016],"uv_size":[0.984,1.484]},"south":{"uv":[5.516,8.016],"uv_size":[0.984,1.484]},"east":{"uv":[8.016,4.016],"uv_size":[0.984,1.484]},"west":{"uv":[7.016,8.016],"uv_size":[0.984,1.484]},"up":{"uv":[10.016,0.016],"uv_size":[0.984,0.984]},"down":{"uv":[1.516,10.984],"uv_size":[0.984,-0.984]}}}],"name":"rot_1"},{"parent":"geyser_custom_z","pivot":[0,12,0],"rotation":[0,-0,0],"cubes":[{"origin":[0,10,-1.5],"size":[0,4,3],"pivot":[0,12,0],"uv":{"north":{"uv":[7.5,10.016],"uv_size":[0,1.984]},"south":{"uv":[7,10.016],"uv_size":[0,1.984]},"east":{"uv":[2.516,0.016],"uv_size":[1.484,1.984]},"west":{"uv":[3.984,0.016],"uv_size":[-1.484,1.984]},"up":{"uv":[9.516,5.5],"uv_size":[1.484,0]},"down":{"uv":[10.016,3.5],"uv_size":[1.484,0]}}}],"name":"rot_2"}]}]}
