{"format_version":"1.16.0","minecraft:geometry":[{"description":{"identifier":"geometry.geyser_custom.geo_990f3e1","texture_width":16,"texture_height":16,"visible_bounds_width":4,"visible_bounds_height":4.5,"visible_bounds_offset":[0,0.75,0]},"bones":[{"name":"geyser_custom","binding":"c.item_slot == 'head' ? 'head' : q.item_slot_to_bone_name(c.item_slot)","pivot":[0,8,0]},{"name":"geyser_custom_x","parent":"geyser_custom","pivot":[0,8,0]},{"name":"geyser_custom_y","parent":"geyser_custom_x","pivot":[0,8,0]},{"name":"geyser_custom_z","parent":"geyser_custom_y","pivot":[0,8,0],"cubes":[]},{"parent":"geyser_custom_z","pivot":[-4,8,4],"rotation":[0,-0,0],"cubes":[{"origin":[-4,0,-4],"size":[8,4,8],"pivot":[-4,8,4],"uv":{"north":{"uv":[0.016,0.016],"uv_size":[6.984,3.984]},"south":{"uv":[0.016,0.016],"uv_size":[6.984,3.984]},"east":{"uv":[0.016,0.016],"uv_size":[6.984,3.984]},"west":{"uv":[0.016,0.016],"uv_size":[6.984,3.984]}}}],"name":"rot_1"},{"parent":"geyser_custom_z","pivot":[-12,12,12],"rotation":[0,-0,0],"cubes":[{"origin":[4,4,4],"size":[-8,-4,-8],"pivot":[-12,12,12],"uv":{"north":{"uv":[9.016,0.016],"uv_size":[6.984,3.984]},"south":{"uv":[9.016,0.016],"uv_size":[6.984,3.984]},"east":{"uv":[9.016,0.016],"uv_size":[6.984,3.984]},"west":{"uv":[9.016,0.016],"uv_size":[6.984,3.984]}}}],"name":"rot_2"}]}]}
