{"format_version":"1.16.0","minecraft:geometry":[{"description":{"identifier":"geometry.geyser_custom.geo_c6b0c29","texture_width":16,"texture_height":16,"visible_bounds_width":4,"visible_bounds_height":4.5,"visible_bounds_offset":[0,0.75,0]},"bones":[{"name":"geyser_custom","binding":"c.item_slot == 'head' ? 'head' : q.item_slot_to_bone_name(c.item_slot)","pivot":[0,8,0]},{"name":"geyser_custom_x","parent":"geyser_custom","pivot":[0,8,0]},{"name":"geyser_custom_y","parent":"geyser_custom_x","pivot":[0,8,0]},{"name":"geyser_custom_z","parent":"geyser_custom_y","pivot":[0,8,0],"cubes":[]},{"parent":"geyser_custom_z","pivot":[0.2209,-3.2546,0.4364],"rotation":[0,45,0],"cubes":[{"origin":[2.9671,-4.6002,0.493],"size":[11.2,2.4,2.4],"pivot":[0.2209,-3.2546,0.4364],"uv":{"north":{"uv":[10.516,0.0068],"uv_size":[1.684,0.4177]},"south":{"uv":[10.516,0.0068],"uv_size":[1.684,0.4177]},"east":{"uv":[10.516,0.0068],"uv_size":[1.684,0.4177]},"west":{"uv":[10.7512,0.0028],"uv_size":[0.0738,0.1716]},"up":{"uv":[12.184,0.4177],"uv_size":[-1.684,-0.4177]},"down":{"uv":[12.184,0.4177],"uv_size":[-1.684,-0.4177]}}},{"origin":[-13.4114,-4.6005,-2.835],"size":[11.2,2.4,2.4],"pivot":[0.2209,-3.2546,0.4364],"uv":{"north":{"uv":[10.516,0.0068],"uv_size":[1.684,0.4177]},"south":{"uv":[10.516,0.0068],"uv_size":[1.684,0.4177]},"east":{"uv":[10.7512,0.0028],"uv_size":[0.0738,0.1716]},"west":{"uv":[10.516,0.0068],"uv_size":[1.684,0.4177]},"up":{"uv":[12.184,0.4177],"uv_size":[-1.684,-0.4177]},"down":{"uv":[12.184,0.4177],"uv_size":[-1.684,-0.4177]}}}],"name":"rot_1"},{"parent":"geyser_custom_z","pivot":[0.2209,-3.2546,0.4364],"rotation":[0,22.5,0],"cubes":[{"origin":[-4.55,-6.2,1.2],"size":[9.6,6.4,8.8],"pivot":[0.2209,-3.2546,0.4364],"uv":{"north":{"uv":[9.516,1.516],"uv_size":[2.4929,1.4545]},"south":{"uv":[9.516,1.516],"uv_size":[2.4929,1.4545]},"east":{"uv":[9.516,1.516],"uv_size":[2.4929,1.4545]},"west":{"uv":[9.516,1.516],"uv_size":[2.4929,1.4545]},"up":{"uv":[11.9929,2.9545],"uv_size":[-2.4929,-1.4545]},"down":{"uv":[11.9929,2.9545],"uv_size":[-2.4929,-1.4545]}}},{"origin":[-2.95,-5.4,-2],"size":[6.4,4.8,13.6],"pivot":[0.2209,-3.2546,0.4364],"uv":{"north":{"uv":[9.516,1.516],"uv_size":[2.4926,1.4543]},"south":{"uv":[9.516,1.516],"uv_size":[2.4926,1.4543]},"east":{"uv":[9.516,1.516],"uv_size":[2.4926,1.4543]},"west":{"uv":[9.516,1.516],"uv_size":[2.4926,1.4543]},"up":{"uv":[11.9926,2.9543],"uv_size":[-2.4926,-1.4543]},"down":{"uv":[11.9926,2.9543],"uv_size":[-2.4926,-1.4543]}}},{"origin":[-3.75,-6.2,-9.2],"size":[8,7.2,7.2],"pivot":[0.2209,-3.2546,0.4364],"uv":{"north":{"uv":[11.891,1.141],"uv_size":[3.368,1.58]},"south":{"uv":[8.016,0.016],"uv_size":[3.368,1.58]},"east":{"uv":[12.016,1.5155],"uv_size":[0.9926,0.9545]},"west":{"uv":[14.016,1.5155],"uv_size":[0.9926,0.9545]},"up":{"uv":[13.9926,1.4547],"uv_size":[-0.9926,-0.9547]},"down":{"uv":[13.9926,1.4547],"uv_size":[-0.9926,-0.9547]}}},{"origin":[-3.75,-6.2,-9.3],"size":[8,7.2,0],"pivot":[0.2209,-3.2546,0.4364],"uv":{"north":{"uv":[13.016,1.5155],"uv_size":[0.9926,0.9545]},"south":{"uv":[8.016,0.016],"uv_size":[3.368,1.58]},"east":{"uv":[8.016,0.016],"uv_size":[3.368,1.58]},"west":{"uv":[8.016,0.016],"uv_size":[3.368,1.58]},"up":{"uv":[11.368,1.58],"uv_size":[-3.368,-1.58]},"down":{"uv":[11.368,1.58],"uv_size":[-3.368,-1.58]}}},{"origin":[-3.75,-6.2,-9.3],"size":[8,7.2,0],"pivot":[0.2209,-3.2546,0.4364],"uv":{"north":{"uv":[13.016,5.5155],"uv_size":[0.9926,0.9545]},"south":{"uv":[8.016,0.016],"uv_size":[3.368,1.58]},"east":{"uv":[8.016,0.016],"uv_size":[3.368,1.58]},"west":{"uv":[8.016,0.016],"uv_size":[3.368,1.58]},"up":{"uv":[11.368,1.58],"uv_size":[-3.368,-1.58]},"down":{"uv":[11.368,1.58],"uv_size":[-3.368,-1.58]}}}],"name":"rot_2"},{"parent":"geyser_custom_z","pivot":[0.2209,-3.2546,0.4364],"rotation":[0,-0,0],"cubes":[{"origin":[-13.7454,-4.6003,0.5014],"size":[11.2,2.4,2.4],"pivot":[0.2209,-3.2546,0.4364],"uv":{"north":{"uv":[10.516,0.0068],"uv_size":[1.684,0.4177]},"south":{"uv":[10.516,0.0068],"uv_size":[1.684,0.4177]},"east":{"uv":[10.7512,0.0028],"uv_size":[0.0738,0.1716]},"west":{"uv":[10.516,0.0068],"uv_size":[1.684,0.4177]},"up":{"uv":[12.184,0.4177],"uv_size":[-1.684,-0.4177]},"down":{"uv":[12.184,0.4177],"uv_size":[-1.684,-0.4177]}}},{"origin":[2.6331,-4.6003,-2.8266],"size":[11.2,2.4,2.4],"pivot":[0.2209,-3.2546,0.4364],"uv":{"north":{"uv":[10.516,0.0068],"uv_size":[1.684,0.4177]},"south":{"uv":[10.516,0.0068],"uv_size":[1.684,0.4177]},"east":{"uv":[10.516,0.0068],"uv_size":[1.684,0.4177]},"west":{"uv":[10.7512,0.0028],"uv_size":[0.0738,0.1716]},"up":{"uv":[12.184,0.4177],"uv_size":[-1.684,-0.4177]},"down":{"uv":[12.184,0.4177],"uv_size":[-1.684,-0.4177]}}}],"name":"rot_3"},{"parent":"geyser_custom_z","pivot":[-7.5,6.25,7.5],"rotation":[0,-0,0],"cubes":[{"origin":[-0.3,-0.75,-0.3],"size":[0.6,16,0.6],"pivot":[-7.5,6.25,7.5],"uv":{"north":{"uv":[0.254,8.766],"uv_size":[0.246,0.984]},"south":{"uv":[0.254,8.766],"uv_size":[0.246,0.984]},"east":{"uv":[0.254,8.766],"uv_size":[0.246,0.984]},"west":{"uv":[0.254,8.766],"uv_size":[0.246,0.984]},"up":{"uv":[0.496,9.734],"uv_size":[-0.246,-0.984]},"down":{"uv":[0.496,9.734],"uv_size":[-0.246,-0.984]}}}],"name":"rot_4"},{"parent":"geyser_custom_z","pivot":[-7.5,23.25,7.5],"rotation":[0,-0,0],"cubes":[{"origin":[-0.3,15.25,-0.3],"size":[0.6,16,0.6],"pivot":[-7.5,23.25,7.5],"uv":{"north":{"uv":[0.254,8.766],"uv_size":[0.246,0.984]},"south":{"uv":[0.254,8.766],"uv_size":[0.246,0.984]},"east":{"uv":[0.254,8.766],"uv_size":[0.246,0.984]},"west":{"uv":[0.254,8.766],"uv_size":[0.246,0.984]},"up":{"uv":[0.496,9.734],"uv_size":[-0.246,-0.984]},"down":{"uv":[0.496,9.734],"uv_size":[-0.246,-0.984]}}}],"name":"rot_5"},{"parent":"geyser_custom_z","pivot":[0.2209,-3.2546,0.4364],"rotation":[0,-22.5,0],"cubes":[{"origin":[0.5474,-4.6001,-14.0906],"size":[2.4,2.4,11.2],"pivot":[0.2209,-3.2546,0.4364],"uv":{"north":{"uv":[10.7512,0.0028],"uv_size":[0.0738,0.1716]},"south":{"uv":[10.516,0.0068],"uv_size":[1.684,0.4177]},"east":{"uv":[10.516,0.0068],"uv_size":[1.684,0.4177]},"west":{"uv":[10.516,0.0068],"uv_size":[1.684,0.4177]},"up":{"uv":[12.184,0.4177],"uv_size":[-1.684,-0.4177]},"down":{"uv":[12.184,0.4177],"uv_size":[-1.684,-0.4177]}}},{"origin":[-14.3215,-4.6001,0.7783],"size":[11.2,2.4,2.4],"pivot":[0.2209,-3.2546,0.4364],"uv":{"north":{"uv":[10.516,0.0068],"uv_size":[1.684,0.4177]},"south":{"uv":[10.516,0.0068],"uv_size":[1.684,0.4177]},"east":{"uv":[10.7512,0.0028],"uv_size":[0.0738,0.1716]},"west":{"uv":[10.516,0.0068],"uv_size":[1.684,0.4177]},"up":{"uv":[12.184,0.4177],"uv_size":[-1.684,-0.4177]},"down":{"uv":[12.184,0.4177],"uv_size":[-1.684,-0.4177]}}},{"origin":[2.9308,-4.6004,-2.9073],"size":[11.2,2.4,2.4],"pivot":[0.2209,-3.2546,0.4364],"uv":{"north":{"uv":[10.516,0.0068],"uv_size":[1.684,0.4177]},"south":{"uv":[10.516,0.0068],"uv_size":[1.684,0.4177]},"east":{"uv":[10.516,0.0068],"uv_size":[1.684,0.4177]},"west":{"uv":[10.7512,0.0028],"uv_size":[0.0738,0.1716]},"up":{"uv":[12.184,0.4177],"uv_size":[-1.684,-0.4177]},"down":{"uv":[12.184,0.4177],"uv_size":[-1.684,-0.4177]}}},{"origin":[-3.1381,-4.6004,3.1617],"size":[2.4,2.4,11.2],"pivot":[0.2209,-3.2546,0.4364],"uv":{"north":{"uv":[10.516,0.0068],"uv_size":[1.684,0.4177]},"south":{"uv":[10.7512,0.0028],"uv_size":[0.0738,0.1716]},"east":{"uv":[10.516,0.0068],"uv_size":[1.684,0.4177]},"west":{"uv":[10.516,0.0068],"uv_size":[1.684,0.4177]},"up":{"uv":[12.184,0.4177],"uv_size":[-1.684,-0.4177]},"down":{"uv":[12.184,0.4177],"uv_size":[-1.684,-0.4177]}}}],"name":"rot_6"}]}]}
