{"format_version":"1.16.0","minecraft:geometry":[{"description":{"identifier":"geometry.geyser_custom.geo_33e707f","texture_width":16,"texture_height":16,"visible_bounds_width":4,"visible_bounds_height":4.5,"visible_bounds_offset":[0,0.75,0]},"bones":[{"name":"geyser_custom","binding":"c.item_slot == 'head' ? 'head' : q.item_slot_to_bone_name(c.item_slot)","pivot":[0,8,0]},{"name":"geyser_custom_x","parent":"geyser_custom","pivot":[0,8,0]},{"name":"geyser_custom_y","parent":"geyser_custom_x","pivot":[0,8,0]},{"name":"geyser_custom_z","parent":"geyser_custom_y","pivot":[0,8,0],"cubes":[]},{"parent":"geyser_custom_z","pivot":[7.7823,6.5685,-0.249],"rotation":[0,0,-45],"cubes":[{"origin":[5.2823,6.8185,-0.249],"size":[3,0,3],"pivot":[7.7823,6.5685,-0.249],"uv":{"north":{"uv":[2.738,9.75],"uv_size":[-0.738,0]},"south":{"uv":[10.488,2.25],"uv_size":[-0.738,0]},"east":{"uv":[10.488,2.5],"uv_size":[-0.738,0]},"west":{"uv":[10.488,2],"uv_size":[-0.738,0]},"up":{"uv":[0.738,8.512],"uv_size":[-0.738,0.738]},"down":{"uv":[0.738,9.238],"uv_size":[-0.738,-0.738]}}}],"name":"rot_1"},{"parent":"geyser_custom_z","pivot":[6.721,6.2156,1.25],"rotation":[0,0,-45],"cubes":[{"origin":[5.221,4.4656,1.25],"size":[3,3,0],"pivot":[6.721,6.2156,1.25],"uv":{"north":{"uv":[8.988,6.512],"uv_size":[-0.738,0.738]},"south":{"uv":[8.262,6.512],"uv_size":[0.738,0.738]},"east":{"uv":[6.75,4.512],"uv_size":[0,0.738]},"west":{"uv":[6.5,4.512],"uv_size":[0,0.738]},"up":{"uv":[10.488,1.5],"uv_size":[-0.738,0]},"down":{"uv":[10.488,1.75],"uv_size":[-0.738,0]}}}],"name":"rot_2"},{"parent":"geyser_custom_z","pivot":[2.8319,3.7407,1.25],"rotation":[0,0,-45],"cubes":[{"origin":[1.8319,1.7407,0.25],"size":[2,4,2],"pivot":[2.8319,3.7407,1.25],"uv":{"north":{"uv":[2.492,8.516],"uv_size":[-0.492,0.984]},"south":{"uv":[8.992,3.016],"uv_size":[-0.492,0.984]},"east":{"uv":[8.742,8.516],"uv_size":[-0.492,0.984]},"west":{"uv":[3.242,8.516],"uv_size":[-0.492,0.984]},"up":{"uv":[9.492,9.258],"uv_size":[-0.492,0.492]},"down":{"uv":[0.492,9.992],"uv_size":[-0.492,-0.492]}}},{"origin":[3.8319,1.9907,1.25],"size":[2,1,0],"pivot":[2.8319,3.7407,1.25],"uv":{"north":{"uv":[9.258,8.004],"uv_size":[0.492,0.246]},"south":{"uv":[9.742,8.004],"uv_size":[-0.492,0.246]},"east":{"uv":[2.25,5.004],"uv_size":[0,0.246]},"west":{"uv":[2,5.004],"uv_size":[0,0.246]},"up":{"uv":[8.992,4.25],"uv_size":[-0.492,0]},"down":{"uv":[10.242,1.25],"uv_size":[-0.492,0]}}}],"name":"rot_3"},{"parent":"geyser_custom_z","pivot":[0,7.725,0.25],"rotation":[22.5,0,0],"cubes":[{"origin":[-3.5,5.575,-3.15],"size":[7,5,7],"pivot":[0,7.725,0.25],"uv":{"north":{"uv":[5.766,0.016],"uv_size":[1.734,1.234]},"south":{"uv":[6.516,3.016],"uv_size":[1.734,1.234]},"east":{"uv":[5.766,1.516],"uv_size":[1.734,1.234]},"west":{"uv":[0.016,7.016],"uv_size":[1.734,1.234]},"up":{"uv":[2.516,3.516],"uv_size":[1.734,1.734]},"down":{"uv":[4.516,5.234],"uv_size":[1.734,-1.734]}}},{"origin":[-1,6.575,-5.15],"size":[2,2,2],"pivot":[0,7.725,0.25],"uv":{"north":{"uv":[7.508,9.008],"uv_size":[0.492,0.492]},"south":{"uv":[9.258,3.008],"uv_size":[0.492,0.492]},"east":{"uv":[9.008,8.508],"uv_size":[0.492,0.492]},"west":{"uv":[9.258,3.758],"uv_size":[0.492,0.492]},"up":{"uv":[9.258,6.508],"uv_size":[0.492,0.492]},"down":{"uv":[9.258,7.742],"uv_size":[0.492,-0.492]}}},{"origin":[-3.5,11.575,-3.15],"size":[7,3,7],"pivot":[0,7.725,0.25],"uv":{"north":{"uv":[2.016,7.512],"uv_size":[1.734,0.738]},"south":{"uv":[7.766,1.012],"uv_size":[1.734,0.738]},"east":{"uv":[7.766,0.012],"uv_size":[1.734,0.738]},"west":{"uv":[7.766,2.012],"uv_size":[1.734,0.738]},"up":{"uv":[0.016,5.016],"uv_size":[1.734,1.734]},"down":{"uv":[2.016,7.234],"uv_size":[1.734,-1.734]}}},{"origin":[-6,11.575,-3.65],"size":[12,6,0],"pivot":[0,7.725,0.25],"uv":{"north":{"uv":[2.516,0.016],"uv_size":[2.984,1.484]},"south":{"uv":[5.484,0.016],"uv_size":[-2.984,1.484]},"east":{"uv":[1.5,9.516],"uv_size":[0,1.484]},"west":{"uv":[1.75,9.516],"uv_size":[0,1.484]},"up":{"uv":[9.766,0.75],"uv_size":[2.984,0]},"down":{"uv":[9.766,1],"uv_size":[2.984,0]}}},{"origin":[-4.5,10.575,-4.15],"size":[9,1,9],"pivot":[0,7.725,0.25],"uv":{"north":{"uv":[8.266,4.504],"uv_size":[2.234,0.246]},"south":{"uv":[8.266,5.504],"uv_size":[2.234,0.246]},"east":{"uv":[8.266,5.004],"uv_size":[2.234,0.246]},"west":{"uv":[8.266,6.004],"uv_size":[2.234,0.246]},"up":{"uv":[0.016,0.016],"uv_size":[2.234,2.234]},"down":{"uv":[0.016,4.734],"uv_size":[2.234,-2.234]}}}],"name":"rot_4"},{"parent":"geyser_custom_z","pivot":[0,8.075,0.25],"rotation":[22.5,0,0],"cubes":[{"origin":[-4,6.625,-3.65],"size":[8,3,0],"pivot":[0,8.075,0.25],"uv":{"north":{"uv":[10.516,0.012],"uv_size":[1.984,0.738]},"south":{"uv":[12.484,0.012],"uv_size":[-1.984,0.738]},"east":{"uv":[11.5,7.012],"uv_size":[0,0.738]},"west":{"uv":[7.25,11.512],"uv_size":[0,0.738]},"up":{"uv":[11.016,10.5],"uv_size":[1.984,0]},"down":{"uv":[11.516,8],"uv_size":[1.984,0]}}},{"origin":[-4,6.625,-3.65],"size":[0,3,4],"pivot":[0,8.075,0.25],"uv":{"north":{"uv":[8.75,11.012],"uv_size":[0,0.738]},"south":{"uv":[6.75,11.262],"uv_size":[0,0.738]},"east":{"uv":[10.516,1.012],"uv_size":[0.984,0.738]},"west":{"uv":[11.484,1.012],"uv_size":[-0.984,0.738]},"up":{"uv":[7,11.266],"uv_size":[0,0.984]},"down":{"uv":[11.5,6.734],"uv_size":[0,-0.984]}}},{"origin":[4,6.625,-3.65],"size":[0,3,4],"pivot":[0,8.075,0.25],"uv":{"north":{"uv":[8.75,11.012],"uv_size":[0,0.738]},"south":{"uv":[6.75,11.262],"uv_size":[0,0.738]},"east":{"uv":[10.516,1.012],"uv_size":[0.984,0.738]},"west":{"uv":[11.484,1.012],"uv_size":[-0.984,0.738]},"up":{"uv":[7,11.266],"uv_size":[0,0.984]},"down":{"uv":[11.5,6.734],"uv_size":[0,-0.984]}}}],"name":"rot_5"},{"parent":"geyser_custom_z","pivot":[0,0.01,-1.75],"rotation":[0,22.5,0],"cubes":[{"origin":[-3,0.01,-3.75],"size":[2,2,4],"pivot":[0,0.01,-1.75],"uv":{"north":{"uv":[0.758,9.508],"uv_size":[0.492,0.492]},"south":{"uv":[9.758,0.008],"uv_size":[0.492,0.492]},"east":{"uv":[3.516,9.008],"uv_size":[0.984,0.492]},"west":{"uv":[4.766,9.008],"uv_size":[0.984,0.492]},"up":{"uv":[6.008,9.016],"uv_size":[0.492,0.984]},"down":{"uv":[6.758,9.984],"uv_size":[0.492,-0.984]}}}],"name":"rot_6"},{"parent":"geyser_custom_z","pivot":[0,2.0045,0.8536],"rotation":[0,-0,0],"cubes":[{"origin":[-2.5,0,-0.75],"size":[5,8,4],"pivot":[0,2.0045,0.8536],"uv":{"north":{"uv":[4.016,5.516],"uv_size":[1.234,1.984]},"south":{"uv":[5.516,5.516],"uv_size":[1.234,1.984]},"east":{"uv":[7.016,4.516],"uv_size":[0.984,1.984]},"west":{"uv":[7.016,6.766],"uv_size":[0.984,1.984]},"up":{"uv":[4.016,7.766],"uv_size":[1.234,0.984]},"down":{"uv":[5.516,8.734],"uv_size":[1.234,-0.984]}}}],"name":"rot_7"},{"parent":"geyser_custom_z","pivot":[0,0.01,-1.75],"rotation":[0,-22.5,0],"cubes":[{"origin":[1,0.01,-3.75],"size":[2,2,4],"pivot":[0,0.01,-1.75],"uv":{"north":{"uv":[1.242,9.508],"uv_size":[-0.492,0.492]},"south":{"uv":[10.242,0.008],"uv_size":[-0.492,0.492]},"east":{"uv":[5.734,9.008],"uv_size":[-0.984,0.492]},"west":{"uv":[4.484,9.008],"uv_size":[-0.984,0.492]},"up":{"uv":[6.492,9.016],"uv_size":[-0.492,0.984]},"down":{"uv":[7.242,9.984],"uv_size":[-0.492,-0.984]}}}],"name":"rot_8"},{"parent":"geyser_custom_z","pivot":[-2.8319,3.7407,1.25],"rotation":[0,0,45],"cubes":[{"origin":[-3.8319,1.7407,0.25],"size":[2,4,2],"pivot":[-2.8319,3.7407,1.25],"uv":{"north":{"uv":[2.008,8.516],"uv_size":[0.492,0.984]},"south":{"uv":[8.508,3.016],"uv_size":[0.492,0.984]},"east":{"uv":[2.758,8.516],"uv_size":[0.492,0.984]},"west":{"uv":[8.258,8.516],"uv_size":[0.492,0.984]},"up":{"uv":[9.008,9.258],"uv_size":[0.492,0.492]},"down":{"uv":[0.008,9.992],"uv_size":[0.492,-0.492]}}},{"origin":[-5.8319,1.9907,1.25],"size":[2,1,0],"pivot":[-2.8319,3.7407,1.25],"uv":{"north":{"uv":[9.742,8.004],"uv_size":[-0.492,0.246]},"south":{"uv":[9.258,8.004],"uv_size":[0.492,0.246]},"east":{"uv":[2,5.004],"uv_size":[0,0.246]},"west":{"uv":[2.25,5.004],"uv_size":[0,0.246]},"up":{"uv":[8.508,4.25],"uv_size":[0.492,0]},"down":{"uv":[9.758,1.25],"uv_size":[0.492,0]}}}],"name":"rot_9"},{"parent":"geyser_custom_z","pivot":[-6.721,6.2156,1.25],"rotation":[0,0,45],"cubes":[{"origin":[-8.221,4.4656,1.25],"size":[3,3,0],"pivot":[-6.721,6.2156,1.25],"uv":{"north":{"uv":[8.262,6.512],"uv_size":[0.738,0.738]},"south":{"uv":[8.988,6.512],"uv_size":[-0.738,0.738]},"east":{"uv":[6.5,4.512],"uv_size":[0,0.738]},"west":{"uv":[6.75,4.512],"uv_size":[0,0.738]},"up":{"uv":[9.762,1.5],"uv_size":[0.738,0]},"down":{"uv":[9.762,1.75],"uv_size":[0.738,0]}}}],"name":"rot_10"},{"parent":"geyser_custom_z","pivot":[-7.7823,6.5685,-0.249],"rotation":[0,0,45],"cubes":[{"origin":[-8.2823,6.8185,-0.249],"size":[3,0,3],"pivot":[-7.7823,6.5685,-0.249],"uv":{"north":{"uv":[2.012,9.75],"uv_size":[0.738,0]},"south":{"uv":[9.762,2.25],"uv_size":[0.738,0]},"east":{"uv":[9.762,2],"uv_size":[0.738,0]},"west":{"uv":[9.762,2.5],"uv_size":[0.738,0]},"up":{"uv":[0.012,8.512],"uv_size":[0.738,0.738]},"down":{"uv":[0.012,9.238],"uv_size":[0.738,-0.738]}}}],"name":"rot_11"}]}]}
