{"format_version":"1.16.0","minecraft:geometry":[{"description":{"identifier":"geometry.geyser_custom.geo_0a87e50","texture_width":16,"texture_height":16,"visible_bounds_width":4,"visible_bounds_height":4.5,"visible_bounds_offset":[0,0.75,0]},"bones":[{"name":"geyser_custom","binding":"c.item_slot == 'head' ? 'head' : q.item_slot_to_bone_name(c.item_slot)","pivot":[0,8,0]},{"name":"geyser_custom_x","parent":"geyser_custom","pivot":[0,8,0]},{"name":"geyser_custom_y","parent":"geyser_custom_x","pivot":[0,8,0]},{"name":"geyser_custom_z","parent":"geyser_custom_y","pivot":[0,8,0],"cubes":[]},{"parent":"geyser_custom_z","pivot":[0,2.0045,-0.3964],"rotation":[0,-0,0],"cubes":[{"origin":[-6,0,-6],"size":[12,10,12],"pivot":[0,2.0045,-0.3964],"uv":{"north":{"uv":[3.766,6.516],"uv_size":[2.984,2.484]},"south":{"uv":[7.016,2.766],"uv_size":[2.984,2.484]},"east":{"uv":[7.016,0.016],"uv_size":[2.984,2.484]},"west":{"uv":[7.016,5.516],"uv_size":[2.984,2.484]},"up":{"uv":[3.766,0.016],"uv_size":[2.984,2.984]},"down":{"uv":[3.766,6.234],"uv_size":[2.984,-2.984]}}},{"origin":[-7,10,-7],"size":[14,4,14],"pivot":[0,2.0045,-0.3964],"uv":{"north":{"uv":[0.016,9.266],"uv_size":[3.484,0.984]},"south":{"uv":[7.516,10.016],"uv_size":[3.484,0.984]},"east":{"uv":[3.766,10.016],"uv_size":[3.484,0.984]},"west":{"uv":[10.266,0.016],"uv_size":[3.484,0.984]},"up":{"uv":[0.016,0.016],"uv_size":[3.484,3.484]},"down":{"uv":[0.016,7.234],"uv_size":[3.484,-3.484]}}}],"name":"rot_1"},{"parent":"geyser_custom_z","pivot":[0,15,0],"rotation":[0,-0,0],"cubes":[{"origin":[-7,13,0],"size":[14,6,0],"pivot":[0,15,0],"uv":{"north":{"uv":[0.016,7.516],"uv_size":[3.484,1.484]},"south":{"uv":[3.484,7.516],"uv_size":[-3.484,1.484]},"east":{"uv":[10.25,1.266],"uv_size":[0,1.484]},"west":{"uv":[10.25,3.016],"uv_size":[0,1.484]},"up":{"uv":[10.266,4.75],"uv_size":[3.484,0]},"down":{"uv":[10.266,5],"uv_size":[3.484,0]}}}],"name":"rot_2"}]}]}
