{"format_version":"1.16.0","minecraft:geometry":[{"description":{"identifier":"geometry.geyser_custom.geo_7b560ff","texture_width":16,"texture_height":16,"visible_bounds_width":4,"visible_bounds_height":4.5,"visible_bounds_offset":[0,0.75,0]},"bones":[{"name":"geyser_custom","binding":"c.item_slot == 'head' ? 'head' : q.item_slot_to_bone_name(c.item_slot)","pivot":[0,8,0]},{"name":"geyser_custom_x","parent":"geyser_custom","pivot":[0,8,0]},{"name":"geyser_custom_y","parent":"geyser_custom_x","pivot":[0,8,0]},{"name":"geyser_custom_z","parent":"geyser_custom_y","pivot":[0,8,0],"cubes":[]},{"parent":"geyser_custom_z","pivot":[-3,7.75,3],"rotation":[0,-0,0],"cubes":[{"origin":[-8,10,3],"size":[10,4,0],"pivot":[-3,7.75,3],"uv":{"north":{"uv":[0.016,5.516],"uv_size":[2.484,0.984]},"south":{"uv":[2.484,5.516],"uv_size":[-2.484,0.984]},"east":{"uv":[1.75,6.766],"uv_size":[0,0.984]},"west":{"uv":[2,6.766],"uv_size":[0,0.984]},"up":{"uv":[7.766,7],"uv_size":[2.484,0]},"down":{"uv":[8.766,7.25],"uv_size":[2.484,0]}}},{"origin":[-8,7,-2],"size":[10,3,10],"pivot":[-3,7.75,3],"uv":{"north":{"uv":[7.266,0.012],"uv_size":[2.484,0.738]},"south":{"uv":[7.266,2.012],"uv_size":[2.484,0.738]},"east":{"uv":[7.266,1.012],"uv_size":[2.484,0.738]},"west":{"uv":[7.266,3.012],"uv_size":[2.484,0.738]},"up":{"uv":[0.016,0.016],"uv_size":[2.484,2.484]},"down":{"uv":[0.016,5.234],"uv_size":[2.484,-2.484]}}},{"origin":[-7,0,-1],"size":[8,7,8],"pivot":[-3,7.75,3],"uv":{"north":{"uv":[2.766,4.516],"uv_size":[1.984,1.734]},"south":{"uv":[5.016,2.016],"uv_size":[1.984,1.734]},"east":{"uv":[5.016,0.016],"uv_size":[1.984,1.734]},"west":{"uv":[5.016,4.016],"uv_size":[1.984,1.734]},"up":{"uv":[2.766,0.016],"uv_size":[1.984,1.984]},"down":{"uv":[2.766,4.234],"uv_size":[1.984,-1.984]}}}],"name":"rot_1"},{"parent":"geyser_custom_z","pivot":[5,7.75,-6],"rotation":[0,-45,0],"cubes":[{"origin":[3.75,0,-6],"size":[4,4,4],"pivot":[5,7.75,-6],"uv":{"north":{"uv":[6.266,7.266],"uv_size":[0.984,0.984]},"south":{"uv":[7.766,5.016],"uv_size":[0.984,0.984]},"east":{"uv":[7.516,7.266],"uv_size":[0.984,0.984]},"west":{"uv":[1.766,8.266],"uv_size":[0.984,0.984]},"up":{"uv":[3.016,8.266],"uv_size":[0.984,0.984]},"down":{"uv":[4.266,9.234],"uv_size":[0.984,-0.984]}}},{"origin":[2.75,4,-7],"size":[6,2,6],"pivot":[5,7.75,-6],"uv":{"north":{"uv":[7.766,6.258],"uv_size":[1.484,0.492]},"south":{"uv":[5.516,8.508],"uv_size":[1.484,0.492]},"east":{"uv":[0.016,8.508],"uv_size":[1.484,0.492]},"west":{"uv":[7.266,8.508],"uv_size":[1.484,0.492]},"up":{"uv":[2.766,6.516],"uv_size":[1.484,1.484]},"down":{"uv":[0.016,8.234],"uv_size":[1.484,-1.484]}}},{"origin":[2.75,6,-4],"size":[6,3,0],"pivot":[5,7.75,-6],"uv":{"north":{"uv":[7.266,4.012],"uv_size":[1.484,0.738]},"south":{"uv":[8.734,4.012],"uv_size":[-1.484,0.738]},"east":{"uv":[2.25,6.762],"uv_size":[0,0.738]},"west":{"uv":[2.5,6.762],"uv_size":[0,0.738]},"up":{"uv":[8.766,7.5],"uv_size":[1.484,0]},"down":{"uv":[8.766,7.75],"uv_size":[1.484,0]}}}],"name":"rot_2"}]}]}
