{"format_version":"1.16.0","minecraft:geometry":[{"description":{"identifier":"geometry.geyser_custom.geo_2278d84","texture_width":16,"texture_height":16,"visible_bounds_width":4,"visible_bounds_height":4.5,"visible_bounds_offset":[0,0.75,0]},"bones":[{"name":"geyser_custom","binding":"c.item_slot == 'head' ? 'head' : q.item_slot_to_bone_name(c.item_slot)","pivot":[0,8,0]},{"name":"geyser_custom_x","parent":"geyser_custom","pivot":[0,8,0]},{"name":"geyser_custom_y","parent":"geyser_custom_x","pivot":[0,8,0]},{"name":"geyser_custom_z","parent":"geyser_custom_y","pivot":[0,8,0],"cubes":[]},{"parent":"geyser_custom_z","pivot":[0.3741,7.9841,-0.0958],"rotation":[45,0,0],"cubes":[{"origin":[-0.1733,7.9072,1.0806],"size":[1.22,1.83,1.22],"pivot":[0.3741,7.9841,-0.0958],"uv":{"north":{"uv":[6.016,12.016],"uv_size":[1.984,1.984]},"south":{"uv":[6.016,12.016],"uv_size":[1.984,1.984]},"east":{"uv":[6.016,12.016],"uv_size":[1.984,1.984]},"west":{"uv":[6.016,12.016],"uv_size":[1.984,1.984]},"up":{"uv":[7.984,13.984],"uv_size":[-1.984,-1.984]},"down":{"uv":[7.984,13.984],"uv_size":[-1.984,-1.984]}}}],"name":"rot_1"},{"parent":"geyser_custom_z","pivot":[0.3741,7.9841,-0.0958],"rotation":[0,45,0],"cubes":[{"origin":[-5.7728,1.2342,-1.3741],"size":[12.9401,7.32,2.588],"pivot":[0.3741,7.9841,-0.0958],"uv":{"north":{"uv":[10.016,12.012],"uv_size":[1.3098,0.738]},"south":{"uv":[10.016,12.012],"uv_size":[1.3098,0.738]},"east":{"uv":[10.766,12.016],"uv_size":[1.234,1.984]},"west":{"uv":[10.766,12.016],"uv_size":[1.234,1.984]},"up":{"uv":[11.984,12.986],"uv_size":[-1.234,-0.861]},"down":{"uv":[11.984,12.986],"uv_size":[-1.234,-0.861]}}},{"origin":[-0.6194,1.222,-6.5728],"size":[2.588,7.32,12.9401],"pivot":[0.3741,7.9841,-0.0958],"uv":{"north":{"uv":[10.766,12.016],"uv_size":[1.234,1.984]},"south":{"uv":[10.766,12.016],"uv_size":[1.234,1.984]},"east":{"uv":[10.016,12.012],"uv_size":[1.3098,0.738]},"west":{"uv":[10.016,12.012],"uv_size":[1.3098,0.738]},"up":{"uv":[11.984,12.986],"uv_size":[-1.234,-0.861]},"down":{"uv":[11.984,12.986],"uv_size":[-1.234,-0.861]}}},{"origin":[-0.4588,-0.0346,-5.6751],"size":[2.2257,9.76,11.1284],"pivot":[0.3741,7.9841,-0.0958],"uv":{"north":{"uv":[10.766,12.139],"uv_size":[1.234,0.861]},"south":{"uv":[10.766,12.139],"uv_size":[1.234,0.861]},"east":{"uv":[10.016,12.012],"uv_size":[1.3098,0.738]},"west":{"uv":[10.016,12.012],"uv_size":[1.3098,0.738]},"up":{"uv":[11.984,12.986],"uv_size":[-1.234,-0.861]},"down":{"uv":[11.984,12.986],"uv_size":[-1.234,-0.861]}}},{"origin":[-4.8876,-0.0065,-1.2009],"size":[11.1285,9.7295,2.2257],"pivot":[0.3741,7.9841,-0.0958],"uv":{"north":{"uv":[10.016,12.012],"uv_size":[1.3098,0.738]},"south":{"uv":[10.016,12.012],"uv_size":[1.3098,0.738]},"east":{"uv":[10.766,12.139],"uv_size":[1.234,0.861]},"west":{"uv":[10.766,12.139],"uv_size":[1.234,0.861]},"up":{"uv":[11.984,12.986],"uv_size":[-1.234,-0.861]},"down":{"uv":[11.984,12.986],"uv_size":[-1.234,-0.861]}}}],"name":"rot_2"},{"parent":"geyser_custom_z","pivot":[0.3741,7.9841,-0.0958],"rotation":[0,0,-45],"cubes":[{"origin":[1.7037,7.754,-0.862],"size":[1.22,1.83,1.22],"pivot":[0.3741,7.9841,-0.0958],"uv":{"north":{"uv":[6.016,12.016],"uv_size":[1.984,1.984]},"south":{"uv":[6.016,12.016],"uv_size":[1.984,1.984]},"east":{"uv":[6.016,12.016],"uv_size":[1.984,1.984]},"west":{"uv":[6.016,12.016],"uv_size":[1.984,1.984]},"up":{"uv":[7.984,13.984],"uv_size":[-1.984,-1.984]},"down":{"uv":[7.984,13.984],"uv_size":[-1.984,-1.984]}}}],"name":"rot_3"},{"parent":"geyser_custom_z","pivot":[0.3741,7.9841,-0.0958],"rotation":[22.5,0,0],"cubes":[{"origin":[-2.3083,9.3048,1.0926],"size":[3.66,0,3.66],"pivot":[0.3741,7.9841,-0.0958],"uv":{"north":{"uv":[0.014,12.012],"uv_size":[0.861,0.738]},"south":{"uv":[0.014,12.012],"uv_size":[0.861,0.738]},"east":{"uv":[0.014,12.012],"uv_size":[0.861,0.738]},"west":{"uv":[0.014,12.012],"uv_size":[0.861,0.738]},"up":{"uv":[0.861,12.738],"uv_size":[-0.861,-0.738]},"down":{"uv":[0.861,12.738],"uv_size":[-0.861,-0.738]}}}],"name":"rot_4"},{"parent":"geyser_custom_z","pivot":[0.3741,7.9841,-0.0958],"rotation":[0,-0,0],"cubes":[{"origin":[-4.9094,1.2098,-3.9743],"size":[10.98,7.32,7.32],"pivot":[0.3741,7.9841,-0.0958],"uv":{"north":{"uv":[10.016,12.012],"uv_size":[1.109,0.738]},"south":{"uv":[10.016,12.012],"uv_size":[1.109,0.738]},"east":{"uv":[10.016,12.016],"uv_size":[1.984,1.984]},"west":{"uv":[10.016,12.016],"uv_size":[1.984,1.984]},"up":{"uv":[11.984,13.109],"uv_size":[-1.984,-1.109]},"down":{"uv":[11.984,13.109],"uv_size":[-1.984,-1.109]}}},{"origin":[-3.0463,1.2098,-5.8032],"size":[7.32,7.32,10.98],"pivot":[0.3741,7.9841,-0.0958],"uv":{"north":{"uv":[10.016,12.016],"uv_size":[1.984,1.984]},"south":{"uv":[10.016,12.016],"uv_size":[1.984,1.984]},"east":{"uv":[10.016,12.012],"uv_size":[1.109,0.738]},"west":{"uv":[10.016,12.012],"uv_size":[1.109,0.738]},"up":{"uv":[11.984,13.109],"uv_size":[-1.984,-1.109]},"down":{"uv":[11.984,13.109],"uv_size":[-1.984,-1.109]}}},{"origin":[-2.5587,-0.0358,-5.0258],"size":[6.2952,9.76,9.4428],"pivot":[0.3741,7.9841,-0.0958],"uv":{"north":{"uv":[10.016,12.016],"uv_size":[1.984,1.109]},"south":{"uv":[10.016,12.016],"uv_size":[1.984,1.109]},"east":{"uv":[10.016,12.012],"uv_size":[1.109,0.738]},"west":{"uv":[10.016,12.012],"uv_size":[1.109,0.738]},"up":{"uv":[13.984,13.984],"uv_size":[-1.984,-1.984]},"down":{"uv":[11.984,13.984],"uv_size":[-1.984,-1.984]}}},{"origin":[-4.1609,-0.0334,-3.453],"size":[9.4428,9.76,6.2952],"pivot":[0.3741,7.9841,-0.0958],"uv":{"north":{"uv":[12.016,12.012],"uv_size":[1.109,0.738]},"south":{"uv":[12.016,12.012],"uv_size":[1.109,0.738]},"east":{"uv":[10.016,12.016],"uv_size":[1.984,1.109]},"west":{"uv":[10.016,12.016],"uv_size":[1.984,1.109]},"up":{"uv":[13.984,13.984],"uv_size":[-1.984,-1.984]},"down":{"uv":[11.984,13.984],"uv_size":[-1.984,-1.984]}}},{"origin":[-0.1733,9.7498,-0.8606],"size":[1.22,2.44,1.22],"pivot":[0.3741,7.9841,-0.0958],"uv":{"north":{"uv":[6.016,12.016],"uv_size":[1.984,1.984]},"south":{"uv":[6.016,12.016],"uv_size":[1.984,1.984]},"east":{"uv":[6.016,12.016],"uv_size":[1.984,1.984]},"west":{"uv":[6.016,12.016],"uv_size":[1.984,1.984]},"up":{"uv":[7.984,13.984],"uv_size":[-1.984,-1.984]},"down":{"uv":[7.984,13.984],"uv_size":[-1.984,-1.984]}}}],"name":"rot_5"},{"parent":"geyser_custom_z","pivot":[0.3741,7.9841,-0.0958],"rotation":[0,0,22.5],"cubes":[{"origin":[-1.6172,11.661,-0.7364],"size":[0.976,1.22,0.976],"pivot":[0.3741,7.9841,-0.0958],"uv":{"north":{"uv":[6.016,12.016],"uv_size":[1.984,1.984]},"south":{"uv":[6.016,12.016],"uv_size":[1.984,1.984]},"east":{"uv":[6.016,12.016],"uv_size":[1.984,1.984]},"west":{"uv":[6.016,12.016],"uv_size":[1.984,1.984]},"up":{"uv":[7.984,13.984],"uv_size":[-1.984,-1.984]},"down":{"uv":[7.984,13.984],"uv_size":[-1.984,-1.984]}}},{"origin":[-4.5614,9.2688,-1.4706],"size":[3.66,0,3.66],"pivot":[0.3741,7.9841,-0.0958],"uv":{"north":{"uv":[10.006,12],"uv_size":[0.369,0]},"south":{"uv":[10.006,12],"uv_size":[0.369,0]},"east":{"uv":[10.006,12],"uv_size":[0.369,0]},"west":{"uv":[10.006,12],"uv_size":[0.369,0]},"up":{"uv":[0.861,12.738],"uv_size":[-0.861,-0.738]},"down":{"uv":[0.861,12.738],"uv_size":[-0.861,-0.738]}}}],"name":"rot_6"},{"parent":"geyser_custom_z","pivot":[0.3741,7.9841,-0.0958],"rotation":[-45,0,0],"cubes":[{"origin":[-0.1733,7.6883,-2.7111],"size":[1.22,1.83,1.22],"pivot":[0.3741,7.9841,-0.0958],"uv":{"north":{"uv":[6.016,12.016],"uv_size":[1.984,1.984]},"south":{"uv":[6.016,12.016],"uv_size":[1.984,1.984]},"east":{"uv":[6.016,12.016],"uv_size":[1.984,1.984]},"west":{"uv":[6.016,12.016],"uv_size":[1.984,1.984]},"up":{"uv":[7.984,13.984],"uv_size":[-1.984,-1.984]},"down":{"uv":[7.984,13.984],"uv_size":[-1.984,-1.984]}}}],"name":"rot_7"},{"parent":"geyser_custom_z","pivot":[0.3741,7.9841,-0.0958],"rotation":[0,0,45],"cubes":[{"origin":[-3.2189,11.7455,-0.6155],"size":[0.732,1.22,0.732],"pivot":[0.3741,7.9841,-0.0958],"uv":{"north":{"uv":[6.016,12.016],"uv_size":[1.984,1.984]},"south":{"uv":[6.016,12.016],"uv_size":[1.984,1.984]},"east":{"uv":[6.016,12.016],"uv_size":[1.984,1.984]},"west":{"uv":[6.016,12.016],"uv_size":[1.984,1.984]},"up":{"uv":[7.984,13.984],"uv_size":[-1.984,-1.984]},"down":{"uv":[7.984,13.984],"uv_size":[-1.984,-1.984]}}},{"origin":[-2.0881,7.8414,-0.862],"size":[1.22,1.83,1.22],"pivot":[0.3741,7.9841,-0.0958],"uv":{"north":{"uv":[6.016,12.016],"uv_size":[1.984,1.984]},"south":{"uv":[6.016,12.016],"uv_size":[1.984,1.984]},"east":{"uv":[6.016,12.016],"uv_size":[1.984,1.984]},"west":{"uv":[6.016,12.016],"uv_size":[1.984,1.984]},"up":{"uv":[7.984,13.984],"uv_size":[-1.984,-1.984]},"down":{"uv":[7.984,13.984],"uv_size":[-1.984,-1.984]}}}],"name":"rot_8"}]}]}
