{"format_version":"1.16.0","minecraft:geometry":[{"description":{"identifier":"geometry.geyser_custom.geo_dcdbf6c","texture_width":16,"texture_height":16,"visible_bounds_width":4,"visible_bounds_height":4.5,"visible_bounds_offset":[0,0.75,0]},"bones":[{"name":"geyser_custom","binding":"c.item_slot == 'head' ? 'head' : q.item_slot_to_bone_name(c.item_slot)","pivot":[0,8,0]},{"name":"geyser_custom_x","parent":"geyser_custom","pivot":[0,8,0]},{"name":"geyser_custom_y","parent":"geyser_custom_x","pivot":[0,8,0]},{"name":"geyser_custom_z","parent":"geyser_custom_y","pivot":[0,8,0],"cubes":[]},{"parent":"geyser_custom_z","pivot":[0,4.39,8.3298],"rotation":[22.5,0,0],"cubes":[{"origin":[-1.5,1.39,7.3298],"size":[3,5,2],"pivot":[0,4.39,8.3298],"uv":{"north":{"uv":[5.012,9.266],"uv_size":[0.738,1.234]},"south":{"uv":[6.012,9.266],"uv_size":[0.738,1.234]},"east":{"uv":[7.008,9.266],"uv_size":[0.492,1.234]},"west":{"uv":[7.758,9.266],"uv_size":[0.492,1.234]},"up":{"uv":[2.512,7.508],"uv_size":[0.738,0.492]},"down":{"uv":[9.512,7.992],"uv_size":[0.738,-0.492]}}}],"name":"rot_1"},{"parent":"geyser_custom_z","pivot":[0,5.7294,0.4769],"rotation":[22.5,0,0],"cubes":[{"origin":[-3.5,2.7294,-2.0231],"size":[7,5,6],"pivot":[0,5.7294,0.4769],"uv":{"north":{"uv":[5.516,3.516],"uv_size":[1.734,1.234]},"south":{"uv":[5.516,5.016],"uv_size":[1.734,1.234]},"east":{"uv":[0.016,6.016],"uv_size":[1.484,1.234]},"west":{"uv":[1.766,6.016],"uv_size":[1.484,1.234]},"up":{"uv":[5.516,0.016],"uv_size":[1.734,1.484]},"down":{"uv":[5.516,3.234],"uv_size":[1.734,-1.484]}}}],"name":"rot_2"},{"parent":"geyser_custom_z","pivot":[0,2.233,2.9676],"rotation":[-0,0,0],"cubes":[{"origin":[-5.5,0.001,-5.5116],"size":[11,2,11],"pivot":[0,2.233,2.9676],"uv":{"north":{"uv":[7.516,5.008],"uv_size":[2.734,0.492]},"south":{"uv":[6.516,7.508],"uv_size":[2.734,0.492]},"east":{"uv":[7.516,5.758],"uv_size":[2.734,0.492]},"west":{"uv":[2.516,8.258],"uv_size":[2.734,0.492]},"up":{"uv":[0.016,0.016],"uv_size":[2.734,2.734]},"down":{"uv":[0.016,5.734],"uv_size":[2.734,-2.734]}}}],"name":"rot_3"},{"parent":"geyser_custom_z","pivot":[0,0.5576,9.2452],"rotation":[0,-0,0],"cubes":[{"origin":[-2,-1.9424,7.2452],"size":[4,4,4],"pivot":[0,0.5576,9.2452],"uv":{"north":{"uv":[0.016,8.516],"uv_size":[0.984,0.984]},"south":{"uv":[9.016,2.016],"uv_size":[0.984,0.984]},"east":{"uv":[1.266,8.516],"uv_size":[0.984,0.984]},"west":{"uv":[2.516,9.016],"uv_size":[0.984,0.984]},"up":{"uv":[9.016,3.266],"uv_size":[0.984,0.984]},"down":{"uv":[3.766,9.984],"uv_size":[0.984,-0.984]}}}],"name":"rot_4"},{"parent":"geyser_custom_z","pivot":[0,3.3977,3.6939],"rotation":[-22.5,0,0],"cubes":[{"origin":[-4.5,0.9672,1.6475],"size":[9,3,3],"pivot":[0,3.3977,3.6939],"uv":{"north":{"uv":[6.516,6.512],"uv_size":[2.234,0.738]},"south":{"uv":[0.016,7.512],"uv_size":[2.234,0.738]},"east":{"uv":[8.512,9.262],"uv_size":[0.738,0.738]},"west":{"uv":[9.512,9.262],"uv_size":[0.738,0.738]},"up":{"uv":[7.516,0.012],"uv_size":[2.234,0.738]},"down":{"uv":[7.516,1.738],"uv_size":[2.234,-0.738]}}}],"name":"rot_5"},{"parent":"geyser_custom_z","pivot":[0,3.7804,2.77],"rotation":[-22.5,0,0],"cubes":[{"origin":[-4.5,-0.6501,-3.2764],"size":[9,5,5],"pivot":[0,3.7804,2.77],"uv":{"north":{"uv":[3.016,0.016],"uv_size":[2.234,1.234]},"south":{"uv":[3.016,1.516],"uv_size":[2.234,1.234]},"east":{"uv":[7.516,2.016],"uv_size":[1.234,1.234]},"west":{"uv":[7.516,3.516],"uv_size":[1.234,1.234]},"up":{"uv":[3.016,3.016],"uv_size":[2.234,1.234]},"down":{"uv":[3.016,5.734],"uv_size":[2.234,-1.234]}}}],"name":"rot_6"},{"parent":"geyser_custom_z","pivot":[0,4.7687,3.3144],"rotation":[-22.5,0,0],"cubes":[{"origin":[-2.5,5.6344,1.3859],"size":[5,2.825,6],"pivot":[0,4.7687,3.3144],"uv":{"north":{"uv":[9.016,6.512],"uv_size":[1.234,0.738]},"south":{"uv":[9.016,8.262],"uv_size":[1.234,0.738]},"east":{"uv":[5.516,8.262],"uv_size":[1.484,0.738]},"west":{"uv":[7.266,8.262],"uv_size":[1.484,0.738]},"up":{"uv":[3.516,6.016],"uv_size":[1.234,1.484]},"down":{"uv":[5.016,7.984],"uv_size":[1.234,-1.484]}}}],"name":"rot_7"}]}]}
