{"format_version":"1.16.0","minecraft:geometry":[{"description":{"identifier":"geometry.geyser_custom.geo_f6c8e95","texture_width":16,"texture_height":16,"visible_bounds_width":4,"visible_bounds_height":4.5,"visible_bounds_offset":[0,0.75,0]},"bones":[{"name":"geyser_custom","binding":"c.item_slot == 'head' ? 'head' : q.item_slot_to_bone_name(c.item_slot)","pivot":[0,8,0]},{"name":"geyser_custom_x","parent":"geyser_custom","pivot":[0,8,0]},{"name":"geyser_custom_y","parent":"geyser_custom_x","pivot":[0,8,0]},{"name":"geyser_custom_z","parent":"geyser_custom_y","pivot":[0,8,0],"cubes":[]},{"parent":"geyser_custom_z","pivot":[0,4.3766,-1.8656],"rotation":[0,-0,0],"cubes":[{"origin":[-2.5958,0.0175,-2.9584],"size":[5.0461,1.4417,1.8022],"pivot":[0,4.3766,-1.8656],"uv":{"north":{"uv":[14.0108,8.0031],"uv_size":[0.6654,0.1901]},"south":{"uv":[14.0108,8.0031],"uv_size":[0.6654,0.1901]},"east":{"uv":[14.0039,8.0031],"uv_size":[0.2376,0.1901]},"west":{"uv":[14.0039,8.0031],"uv_size":[0.2376,0.1901]},"up":{"uv":[14.6654,8.2376],"uv_size":[-0.6654,-0.2376]},"down":{"uv":[14.6654,8.2376],"uv_size":[-0.6654,-0.2376]}}},{"origin":[-2.9563,1.4593,-2.9584],"size":[5.7669,0.7209,1.8022],"pivot":[0,4.3766,-1.8656],"uv":{"north":{"uv":[14.0124,8.0015],"uv_size":[0.7604,0.0951]},"south":{"uv":[14.0124,8.0015],"uv_size":[0.7604,0.0951]},"east":{"uv":[14.0039,8.0015],"uv_size":[0.2376,0.0951]},"west":{"uv":[14.0039,8.0015],"uv_size":[0.2376,0.0951]},"up":{"uv":[14.7604,8.2376],"uv_size":[-0.7604,-0.2376]},"down":{"uv":[14.7604,8.2376],"uv_size":[-0.7604,-0.2376]}}},{"origin":[-2.9563,3.6219,-2.9584],"size":[5.7669,0.7209,1.8022],"pivot":[0,4.3766,-1.8656],"uv":{"north":{"uv":[14.0124,8.0015],"uv_size":[0.7604,0.0951]},"south":{"uv":[14.0124,8.0015],"uv_size":[0.7604,0.0951]},"east":{"uv":[14.0039,8.0015],"uv_size":[0.2376,0.0951]},"west":{"uv":[14.0039,8.0015],"uv_size":[0.2376,0.0951]},"up":{"uv":[14.7604,8.2376],"uv_size":[-0.7604,-0.2376]},"down":{"uv":[14.7604,8.2376],"uv_size":[-0.7604,-0.2376]}}},{"origin":[-3.3167,4.3427,-2.9584],"size":[6.4878,1.4417,1.8022],"pivot":[0,4.3766,-1.8656],"uv":{"north":{"uv":[14.0139,8.0031],"uv_size":[0.8555,0.1901]},"south":{"uv":[14.0139,8.0031],"uv_size":[0.8555,0.1901]},"east":{"uv":[14.0039,8.0031],"uv_size":[0.2376,0.1901]},"west":{"uv":[14.0039,8.0031],"uv_size":[0.2376,0.1901]},"up":{"uv":[14.8555,8.2376],"uv_size":[-0.8555,-0.2376]},"down":{"uv":[14.8555,8.2376],"uv_size":[-0.8555,-0.2376]}}},{"origin":[-1.5144,4.3429,-3.6793],"size":[0.7209,1.4417,0.7209],"pivot":[0,4.3766,-1.8656],"uv":{"north":{"uv":[14.0015,8.0031],"uv_size":[0.0951,0.1901]},"south":{"uv":[14.0015,8.0031],"uv_size":[0.0951,0.1901]},"east":{"uv":[14.0015,8.0031],"uv_size":[0.0951,0.1901]},"west":{"uv":[14.0015,8.0031],"uv_size":[0.0951,0.1901]},"up":{"uv":[14.0951,8.0951],"uv_size":[-0.0951,-0.0951]},"down":{"uv":[14.0951,8.0951],"uv_size":[-0.0951,-0.0951]}}},{"origin":[0.6482,4.3429,-3.6793],"size":[0.7209,1.4417,0.7209],"pivot":[0,4.3766,-1.8656],"uv":{"north":{"uv":[14.0015,8.0031],"uv_size":[0.0951,0.1901]},"south":{"uv":[14.0015,8.0031],"uv_size":[0.0951,0.1901]},"east":{"uv":[14.0015,8.0031],"uv_size":[0.0951,0.1901]},"west":{"uv":[14.0015,8.0031],"uv_size":[0.0951,0.1901]},"up":{"uv":[14.0951,8.0951],"uv_size":[-0.0951,-0.0951]},"down":{"uv":[14.0951,8.0951],"uv_size":[-0.0951,-0.0951]}}},{"origin":[-0.8426,5.7557,-3.6996],"size":[1.4417,0.7209,1.0813],"pivot":[0,4.3766,-1.8656],"uv":{"north":{"uv":[14.0015,8.0031],"uv_size":[0.0951,0.1901]},"south":{"uv":[14.0015,8.0031],"uv_size":[0.0951,0.1901]},"east":{"uv":[14.0015,8.0023],"uv_size":[0.0951,0.1426]},"west":{"uv":[14.0015,8.0023],"uv_size":[0.0951,0.1426]},"up":{"uv":[14.1426,8.1901],"uv_size":[-0.1426,-0.1901]},"down":{"uv":[14.1426,8.1901],"uv_size":[-0.1426,-0.1901]}}},{"origin":[-1.875,0.0175,-3.6793],"size":[3.6043,1.4417,0.7209],"pivot":[0,4.3766,-1.8656],"uv":{"north":{"uv":[14.0077,8.0031],"uv_size":[0.4753,0.1901]},"south":{"uv":[14.0077,8.0031],"uv_size":[0.4753,0.1901]},"east":{"uv":[14.0015,8.0031],"uv_size":[0.0951,0.1901]},"west":{"uv":[14.0015,8.0031],"uv_size":[0.0951,0.1901]},"up":{"uv":[14.4753,8.0951],"uv_size":[-0.4753,-0.0951]},"down":{"uv":[14.4753,8.0951],"uv_size":[-0.4753,-0.0951]}}},{"origin":[-3.6772,3.4776,-1.8771],"size":[7.2087,5.0461,6.1274],"pivot":[0,4.3766,-1.8656],"uv":{"north":{"uv":[14.0155,8.0108],"uv_size":[0.9505,0.6654]},"south":{"uv":[14.0155,8.0108],"uv_size":[0.9505,0.6654]},"east":{"uv":[14.0131,8.0108],"uv_size":[0.808,0.6654]},"west":{"uv":[14.0131,8.0108],"uv_size":[0.808,0.6654]},"up":{"uv":[14.9505,8.808],"uv_size":[-0.9505,-0.808]},"down":{"uv":[14.9505,8.808],"uv_size":[-0.9505,-0.808]}}},{"origin":[-2.9564,8.5236,-1.8771],"size":[5.7669,1.0813,5.4065],"pivot":[0,4.3766,-1.8656],"uv":{"north":{"uv":[14.0124,8.0023],"uv_size":[0.7604,0.1426]},"south":{"uv":[14.0124,8.0023],"uv_size":[0.7604,0.1426]},"east":{"uv":[14.0116,8.0023],"uv_size":[0.7129,0.1426]},"west":{"uv":[14.0116,8.0023],"uv_size":[0.7129,0.1426]},"up":{"uv":[14.7604,8.7129],"uv_size":[-0.7604,-0.7129]},"down":{"uv":[14.7604,8.7129],"uv_size":[-0.7604,-0.7129]}}},{"origin":[-3.0285,2.1814,-1.8785],"size":[5.7669,1.3697,5.4065],"pivot":[0,4.3766,-1.8656],"uv":{"north":{"uv":[14.0124,8.0029],"uv_size":[0.7604,0.1806]},"south":{"uv":[14.0124,8.0029],"uv_size":[0.7604,0.1806]},"east":{"uv":[14.0116,8.0029],"uv_size":[0.7129,0.1806]},"west":{"uv":[14.0116,8.0029],"uv_size":[0.7129,0.1806]},"up":{"uv":[14.7604,8.7129],"uv_size":[-0.7604,-0.7129]},"down":{"uv":[14.7604,8.7129],"uv_size":[-0.7604,-0.7129]}}},{"origin":[-2.5959,0.0182,-1.8779],"size":[5.0461,2.1626,4.3252],"pivot":[0,4.3766,-1.8656],"uv":{"north":{"uv":[14.0108,8.0046],"uv_size":[0.6654,0.2852]},"south":{"uv":[14.0108,8.0046],"uv_size":[0.6654,0.2852]},"east":{"uv":[14.0093,8.0046],"uv_size":[0.5703,0.2852]},"west":{"uv":[14.0093,8.0046],"uv_size":[0.5703,0.2852]},"up":{"uv":[14.6654,8.5703],"uv_size":[-0.6654,-0.5703]},"down":{"uv":[14.6654,8.5703],"uv_size":[-0.6654,-0.5703]}}},{"origin":[-0.8426,5.7557,-2.6183],"size":[1.4417,2.3789,0.7209],"pivot":[0,4.3766,-1.8656],"uv":{"north":{"uv":[14.0051,8.0031],"uv_size":[0.3137,0.1901]},"south":{"uv":[14.0051,8.0031],"uv_size":[0.3137,0.1901]},"east":{"uv":[14.0051,8.0015],"uv_size":[0.3137,0.0951]},"west":{"uv":[14.0051,8.0015],"uv_size":[0.3137,0.0951]},"up":{"uv":[14.0951,8.1901],"uv_size":[-0.0951,-0.1901]},"down":{"uv":[14.0951,8.1901],"uv_size":[-0.0951,-0.1901]}}},{"origin":[0.5991,7.4137,-2.6183],"size":[1.8022,0.7209,0.7209],"pivot":[0,4.3766,-1.8656],"uv":{"north":{"uv":[14.0015,8.0039],"uv_size":[0.0951,0.2376]},"south":{"uv":[14.0015,8.0039],"uv_size":[0.0951,0.2376]},"east":{"uv":[14.0015,8.0015],"uv_size":[0.0951,0.0951]},"west":{"uv":[14.0015,8.0015],"uv_size":[0.0951,0.0951]},"up":{"uv":[14.0951,8.2376],"uv_size":[-0.0951,-0.2376]},"down":{"uv":[14.0951,8.2376],"uv_size":[-0.0951,-0.2376]}}},{"origin":[-2.6448,7.4138,-2.6184],"size":[1.8022,0.7209,0.7209],"pivot":[0,4.3766,-1.8656],"uv":{"north":{"uv":[14.0015,8.0039],"uv_size":[0.0951,0.2376]},"south":{"uv":[14.0015,8.0039],"uv_size":[0.0951,0.2376]},"east":{"uv":[14.0015,8.0015],"uv_size":[0.0951,0.0951]},"west":{"uv":[14.0015,8.0015],"uv_size":[0.0951,0.0951]},"up":{"uv":[14.0951,8.2376],"uv_size":[-0.0951,-0.2376]},"down":{"uv":[14.0951,8.2376],"uv_size":[-0.0951,-0.2376]}}},{"origin":[1.6573,1.4593,-2.8143],"size":[0.7209,1.4417,1.4417],"pivot":[0,4.3766,-1.8656],"uv":{"north":{"uv":[4.506,14.506],"uv_size":[0.369,0.369]},"south":{"uv":[4.506,14.506],"uv_size":[0.369,0.369]},"east":{"uv":[4.506,14.506],"uv_size":[0.369,0.369]},"west":{"uv":[4.506,14.506],"uv_size":[0.369,0.369]},"up":{"uv":[4.869,14.869],"uv_size":[-0.369,-0.369]},"down":{"uv":[4.869,14.869],"uv_size":[-0.369,-0.369]}}},{"origin":[1.2248,2.901,-2.8143],"size":[0.7209,1.4417,1.4417],"pivot":[0,4.3766,-1.8656],"uv":{"north":{"uv":[4.506,14.506],"uv_size":[0.369,0.369]},"south":{"uv":[4.506,14.506],"uv_size":[0.369,0.369]},"east":{"uv":[4.506,14.506],"uv_size":[0.369,0.369]},"west":{"uv":[4.506,14.506],"uv_size":[0.369,0.369]},"up":{"uv":[4.869,14.869],"uv_size":[-0.369,-0.369]},"down":{"uv":[4.869,14.869],"uv_size":[-0.369,-0.369]}}},{"origin":[0.7923,1.4593,-2.8143],"size":[0.7209,1.4417,1.4417],"pivot":[0,4.3766,-1.8656],"uv":{"north":{"uv":[4.506,14.506],"uv_size":[0.369,0.369]},"south":{"uv":[4.506,14.506],"uv_size":[0.369,0.369]},"east":{"uv":[4.506,14.506],"uv_size":[0.369,0.369]},"west":{"uv":[4.506,14.506],"uv_size":[0.369,0.369]},"up":{"uv":[4.869,14.869],"uv_size":[-0.369,-0.369]},"down":{"uv":[4.869,14.869],"uv_size":[-0.369,-0.369]}}},{"origin":[0.0714,2.901,-2.8143],"size":[0.7209,1.4417,1.4417],"pivot":[0,4.3766,-1.8656],"uv":{"north":{"uv":[4.506,14.506],"uv_size":[0.369,0.369]},"south":{"uv":[4.506,14.506],"uv_size":[0.369,0.369]},"east":{"uv":[4.506,14.506],"uv_size":[0.369,0.369]},"west":{"uv":[4.506,14.506],"uv_size":[0.369,0.369]},"up":{"uv":[4.869,14.869],"uv_size":[-0.369,-0.369]},"down":{"uv":[4.869,14.869],"uv_size":[-0.369,-0.369]}}},{"origin":[-0.7936,2.901,-2.8143],"size":[0.7209,1.4417,1.4417],"pivot":[0,4.3766,-1.8656],"uv":{"north":{"uv":[4.506,14.506],"uv_size":[0.369,0.369]},"south":{"uv":[4.506,14.506],"uv_size":[0.369,0.369]},"east":{"uv":[4.506,14.506],"uv_size":[0.369,0.369]},"west":{"uv":[4.506,14.506],"uv_size":[0.369,0.369]},"up":{"uv":[4.869,14.869],"uv_size":[-0.369,-0.369]},"down":{"uv":[4.869,14.869],"uv_size":[-0.369,-0.369]}}},{"origin":[-1.5145,1.4593,-2.8143],"size":[0.7209,1.4417,1.4417],"pivot":[0,4.3766,-1.8656],"uv":{"north":{"uv":[4.506,14.506],"uv_size":[0.369,0.369]},"south":{"uv":[4.506,14.506],"uv_size":[0.369,0.369]},"east":{"uv":[4.506,14.506],"uv_size":[0.369,0.369]},"west":{"uv":[4.506,14.506],"uv_size":[0.369,0.369]},"up":{"uv":[4.869,14.869],"uv_size":[-0.369,-0.369]},"down":{"uv":[4.869,14.869],"uv_size":[-0.369,-0.369]}}},{"origin":[-2.2354,2.901,-2.8143],"size":[0.7209,1.4417,1.4417],"pivot":[0,4.3766,-1.8656],"uv":{"north":{"uv":[4.506,14.506],"uv_size":[0.369,0.369]},"south":{"uv":[4.506,14.506],"uv_size":[0.369,0.369]},"east":{"uv":[4.506,14.506],"uv_size":[0.369,0.369]},"west":{"uv":[4.506,14.506],"uv_size":[0.369,0.369]},"up":{"uv":[4.869,14.869],"uv_size":[-0.369,-0.369]},"down":{"uv":[4.869,14.869],"uv_size":[-0.369,-0.369]}}},{"origin":[-0.8426,4.4581,-3.1229],"size":[1.4417,1.2976,0.1442],"pivot":[0,4.3766,-1.8656],"uv":{"north":{"uv":[6.001,8.002],"uv_size":[0.0615,0.123]},"south":{"uv":[6.001,8.002],"uv_size":[0.0615,0.123]},"east":{"uv":[6.001,8.002],"uv_size":[0.0615,0.123]},"west":{"uv":[6.001,8.002],"uv_size":[0.0615,0.123]},"up":{"uv":[6.0615,8.123],"uv_size":[-0.0615,-0.123]},"down":{"uv":[6.0615,8.123],"uv_size":[-0.0615,-0.123]}}},{"origin":[-2.6448,5.7557,-2.0416],"size":[1.8022,1.658,0.1442],"pivot":[0,4.3766,-1.8656],"uv":{"north":{"uv":[6.001,8.002],"uv_size":[0.0615,0.123]},"south":{"uv":[6.001,8.002],"uv_size":[0.0615,0.123]},"east":{"uv":[6.001,8.002],"uv_size":[0.0615,0.123]},"west":{"uv":[6.001,8.002],"uv_size":[0.0615,0.123]},"up":{"uv":[6.0615,8.123],"uv_size":[-0.0615,-0.123]},"down":{"uv":[6.0615,8.123],"uv_size":[-0.0615,-0.123]}}},{"origin":[0.5991,5.7557,-2.0416],"size":[1.8022,1.658,0.1442],"pivot":[0,4.3766,-1.8656],"uv":{"north":{"uv":[6.001,8.002],"uv_size":[0.0615,0.123]},"south":{"uv":[6.001,8.002],"uv_size":[0.0615,0.123]},"east":{"uv":[6.001,8.002],"uv_size":[0.0615,0.123]},"west":{"uv":[6.001,8.002],"uv_size":[0.0615,0.123]},"up":{"uv":[6.0615,8.123],"uv_size":[-0.0615,-0.123]},"down":{"uv":[6.0615,8.123],"uv_size":[-0.0615,-0.123]}}}],"name":"rot_1"}]}]}
