{"format_version":"1.16.0","minecraft:geometry":[{"description":{"identifier":"geometry.geyser_custom.geo_14e4af8","texture_width":16,"texture_height":16,"visible_bounds_width":4,"visible_bounds_height":4.5,"visible_bounds_offset":[0,0.75,0]},"bones":[{"name":"geyser_custom","binding":"c.item_slot == 'head' ? 'head' : q.item_slot_to_bone_name(c.item_slot)","pivot":[0,8,0]},{"name":"geyser_custom_x","parent":"geyser_custom","pivot":[0,8,0]},{"name":"geyser_custom_y","parent":"geyser_custom_x","pivot":[0,8,0]},{"name":"geyser_custom_z","parent":"geyser_custom_y","pivot":[0,8,0],"cubes":[]},{"parent":"geyser_custom_z","pivot":[18,9,-8.5],"rotation":[0,-0,0],"cubes":[{"origin":[5,10,0],"size":[11,6,0],"pivot":[18,9,-8.5],"uv":{"north":{"uv":[1.391,4.887],"uv_size":[1.359,0.738]},"south":{"uv":[2.734,4.887],"uv_size":[-1.359,0.738]},"east":{"uv":[6.125,7.012],"uv_size":[0,0.738]},"west":{"uv":[3.875,7.137],"uv_size":[0,0.738]},"up":{"uv":[7.141,3.875],"uv_size":[1.359,0]},"down":{"uv":[7.141,4],"uv_size":[1.359,0]}}}],"name":"rot_1"},{"parent":"geyser_custom_z","pivot":[8,-7,-8.5],"rotation":[0,-0,0],"cubes":[{"origin":[-6,-4,-6],"size":[12,12,12],"pivot":[8,-7,-8.5],"uv":{"north":{"uv":[0.016,0.016],"uv_size":[1.484,1.484]},"south":{"uv":[1.641,0.016],"uv_size":[1.484,1.484]},"east":{"uv":[0.016,1.641],"uv_size":[1.484,1.484]},"west":{"uv":[1.641,1.641],"uv_size":[1.484,1.484]},"up":{"uv":[0.016,3.266],"uv_size":[1.484,1.484]},"down":{"uv":[3.266,1.484],"uv_size":[1.484,-1.484]}}}],"name":"rot_2"},{"parent":"geyser_custom_z","pivot":[8,9,-8.5],"rotation":[0,-0,0],"cubes":[{"origin":[-5,8,-5],"size":[10,10,10],"pivot":[8,9,-8.5],"uv":{"north":{"uv":[3.266,3.266],"uv_size":[1.234,1.234]},"south":{"uv":[4.641,3.266],"uv_size":[1.234,1.234]},"east":{"uv":[3.266,4.641],"uv_size":[1.234,1.234]},"west":{"uv":[4.641,4.641],"uv_size":[1.234,1.234]},"up":{"uv":[0.016,4.891],"uv_size":[1.234,1.234]},"down":{"uv":[4.891,1.234],"uv_size":[1.234,-1.234]}}}],"name":"rot_3"},{"parent":"geyser_custom_z","pivot":[0,24.75,-3],"rotation":[0,-0,0],"cubes":[{"origin":[-4,18,-4],"size":[8,6,8],"pivot":[0,24.75,-3],"uv":{"north":{"uv":[6.391,1.012],"uv_size":[0.984,0.738]},"south":{"uv":[6.266,6.387],"uv_size":[0.984,0.738]},"east":{"uv":[6.391,1.887],"uv_size":[0.984,0.738]},"west":{"uv":[1.141,6.637],"uv_size":[0.984,0.738]},"up":{"uv":[2.891,6.016],"uv_size":[0.984,0.984]},"down":{"uv":[6.016,4.109],"uv_size":[0.984,-0.984]}}},{"origin":[-1,20,-8],"size":[2,2,4],"pivot":[0,24.75,-3],"uv":{"north":{"uv":[2.879,5.504],"uv_size":[0.246,0.246]},"south":{"uv":[7.129,3.504],"uv_size":[0.246,0.246]},"east":{"uv":[2.258,6.629],"uv_size":[0.492,0.246]},"west":{"uv":[5.133,7.004],"uv_size":[0.492,0.246]},"up":{"uv":[2.879,4.883],"uv_size":[0.246,0.492]},"down":{"uv":[5.754,7.492],"uv_size":[0.246,-0.492]}}},{"origin":[-6,24,-6],"size":[12,1,12],"pivot":[0,24.75,-3],"uv":{"north":{"uv":[6.391,2.752],"uv_size":[1.484,0.123]},"south":{"uv":[7.141,3.002],"uv_size":[1.484,0.123]},"east":{"uv":[2.266,7.127],"uv_size":[1.484,0.123]},"west":{"uv":[7.141,3.252],"uv_size":[1.484,0.123]},"up":{"uv":[1.641,3.266],"uv_size":[1.484,1.484]},"down":{"uv":[3.266,3.109],"uv_size":[1.484,-1.484]}}},{"origin":[-4,25,-4],"size":[8,7,8],"pivot":[0,24.75,-3],"uv":{"north":{"uv":[5.141,6.014],"uv_size":[0.984,0.861]},"south":{"uv":[6.266,0.014],"uv_size":[0.984,0.861]},"east":{"uv":[0.016,6.264],"uv_size":[0.984,0.861]},"west":{"uv":[6.266,5.389],"uv_size":[0.984,0.861]},"up":{"uv":[4.016,6.016],"uv_size":[0.984,0.984]},"down":{"uv":[6.016,5.234],"uv_size":[0.984,-0.984]}}}],"name":"rot_4"},{"parent":"geyser_custom_z","pivot":[-18,9,-8.5],"rotation":[0,-0,0],"cubes":[{"origin":[-16,10,0],"size":[11,6,0],"pivot":[-18,9,-8.5],"uv":{"north":{"uv":[4.891,2.262],"uv_size":[1.359,0.738]},"south":{"uv":[6.234,2.262],"uv_size":[-1.359,0.738]},"east":{"uv":[4,7.137],"uv_size":[0,0.738]},"west":{"uv":[4.125,7.137],"uv_size":[0,0.738]},"up":{"uv":[7.141,4.125],"uv_size":[1.359,0]},"down":{"uv":[7.141,4.25],"uv_size":[1.359,0]}}}],"name":"rot_5"}]}]}
