{"format_version":"1.16.0","minecraft:geometry":[{"description":{"identifier":"geometry.geyser_custom.geo_214e209","texture_width":16,"texture_height":16,"visible_bounds_width":4,"visible_bounds_height":4.5,"visible_bounds_offset":[0,0.75,0]},"bones":[{"name":"geyser_custom","binding":"c.item_slot == 'head' ? 'head' : q.item_slot_to_bone_name(c.item_slot)","pivot":[0,8,0]},{"name":"geyser_custom_x","parent":"geyser_custom","pivot":[0,8,0]},{"name":"geyser_custom_y","parent":"geyser_custom_x","pivot":[0,8,0]},{"name":"geyser_custom_z","parent":"geyser_custom_y","pivot":[0,8,0],"cubes":[]},{"parent":"geyser_custom_z","pivot":[5.25,2,1.25],"rotation":[0,22.5,0],"cubes":[{"origin":[3.25,0,-0.75],"size":[4,4,4],"pivot":[5.25,2,1.25],"uv":{"north":{"uv":[0.016,0.016],"uv_size":[3.984,3.984]},"south":{"uv":[5.016,0.016],"uv_size":[3.984,3.984]},"east":{"uv":[0.016,5.016],"uv_size":[3.984,3.984]},"west":{"uv":[5.016,5.016],"uv_size":[3.984,3.984]},"up":{"uv":[0.016,10.016],"uv_size":[3.984,3.984]},"down":{"uv":[10.016,3.984],"uv_size":[3.984,-3.984]}}}],"name":"rot_1"},{"parent":"geyser_custom_z","pivot":[1.95,2,5],"rotation":[0,22.5,0],"cubes":[{"origin":[-0.05,0,3],"size":[4,4,4],"pivot":[1.95,2,5],"uv":{"north":{"uv":[0.016,5.016],"uv_size":[3.984,3.984]},"south":{"uv":[5.016,5.016],"uv_size":[3.984,3.984]},"east":{"uv":[5.016,0.016],"uv_size":[3.984,3.984]},"west":{"uv":[0.016,0.016],"uv_size":[3.984,3.984]},"up":{"uv":[0.016,10.016],"uv_size":[3.984,3.984]},"down":{"uv":[10.016,3.984],"uv_size":[3.984,-3.984]}}}],"name":"rot_2"},{"parent":"geyser_custom_z","pivot":[-0.5,6,-2.75],"rotation":[0,22.5,0],"cubes":[{"origin":[-2.5,4,-4.75],"size":[4,4,4],"pivot":[-0.5,6,-2.75],"uv":{"north":{"uv":[0.016,0.016],"uv_size":[3.984,3.984]},"south":{"uv":[5.016,0.016],"uv_size":[3.984,3.984]},"east":{"uv":[0.016,5.016],"uv_size":[3.984,3.984]},"west":{"uv":[5.016,5.016],"uv_size":[3.984,3.984]},"up":{"uv":[0.016,10.016],"uv_size":[3.984,3.984]},"down":{"uv":[10.016,3.984],"uv_size":[3.984,-3.984]}}}],"name":"rot_3"},{"parent":"geyser_custom_z","pivot":[-5,2,-0.4],"rotation":[0,22.5,0],"cubes":[{"origin":[-7,0,-2.4],"size":[4,4,4],"pivot":[-5,2,-0.4],"uv":{"north":{"uv":[0.016,5.016],"uv_size":[3.984,3.984]},"south":{"uv":[5.016,5.016],"uv_size":[3.984,3.984]},"east":{"uv":[5.016,0.016],"uv_size":[3.984,3.984]},"west":{"uv":[0.016,0.016],"uv_size":[3.984,3.984]},"up":{"uv":[0.016,10.016],"uv_size":[3.984,3.984]},"down":{"uv":[10.016,3.984],"uv_size":[3.984,-3.984]}}}],"name":"rot_4"},{"parent":"geyser_custom_z","pivot":[8,0,-7.75],"rotation":[0,-0,0],"cubes":[{"origin":[-2,0,-1.25],"size":[4,4,4],"pivot":[8,0,-7.75],"uv":{"north":{"uv":[0.016,0.016],"uv_size":[3.984,3.984]},"south":{"uv":[5.016,0.016],"uv_size":[3.984,3.984]},"east":{"uv":[0.016,5.016],"uv_size":[3.984,3.984]},"west":{"uv":[5.016,5.016],"uv_size":[3.984,3.984]},"up":{"uv":[0.016,10.016],"uv_size":[3.984,3.984]},"down":{"uv":[10.016,3.984],"uv_size":[3.984,-3.984]}}}],"name":"rot_5"},{"parent":"geyser_custom_z","pivot":[0,10,0.25],"rotation":[0,-0,0],"cubes":[{"origin":[-2,8,-1.75],"size":[4,4,4],"pivot":[0,10,0.25],"uv":{"north":{"uv":[0.016,0.016],"uv_size":[3.984,3.984]},"south":{"uv":[5.016,0.016],"uv_size":[3.984,3.984]},"east":{"uv":[0.016,5.016],"uv_size":[3.984,3.984]},"west":{"uv":[5.016,5.016],"uv_size":[3.984,3.984]},"up":{"uv":[0.016,10.016],"uv_size":[3.984,3.984]},"down":{"uv":[10.016,3.984],"uv_size":[3.984,-3.984]}}}],"name":"rot_6"},{"parent":"geyser_custom_z","pivot":[-2.25,6,2.5],"rotation":[0,-0,0],"cubes":[{"origin":[-4.25,4,0.5],"size":[4,4,4],"pivot":[-2.25,6,2.5],"uv":{"north":{"uv":[5.016,0.016],"uv_size":[3.984,3.984]},"south":{"uv":[0.016,0.016],"uv_size":[3.984,3.984]},"east":{"uv":[5.016,5.016],"uv_size":[3.984,3.984]},"west":{"uv":[0.016,5.016],"uv_size":[3.984,3.984]},"up":{"uv":[0.016,10.016],"uv_size":[3.984,3.984]},"down":{"uv":[10.016,3.984],"uv_size":[3.984,-3.984]}}}],"name":"rot_7"},{"parent":"geyser_custom_z","pivot":[2.75,6,2.25],"rotation":[0,-22.5,0],"cubes":[{"origin":[0.75,4,0.25],"size":[4,4,4],"pivot":[2.75,6,2.25],"uv":{"north":{"uv":[0.016,5.016],"uv_size":[3.984,3.984]},"south":{"uv":[5.016,5.016],"uv_size":[3.984,3.984]},"east":{"uv":[5.016,0.016],"uv_size":[3.984,3.984]},"west":{"uv":[0.016,0.016],"uv_size":[3.984,3.984]},"up":{"uv":[0.016,10.016],"uv_size":[3.984,3.984]},"down":{"uv":[10.016,3.984],"uv_size":[3.984,-3.984]}}}],"name":"rot_8"},{"parent":"geyser_custom_z","pivot":[-1.75,2,-4.75],"rotation":[0,-22.5,0],"cubes":[{"origin":[-3.75,0,-6.75],"size":[4,4,4],"pivot":[-1.75,2,-4.75],"uv":{"north":{"uv":[0.016,0.016],"uv_size":[3.984,3.984]},"south":{"uv":[5.016,0.016],"uv_size":[3.984,3.984]},"east":{"uv":[0.016,5.016],"uv_size":[3.984,3.984]},"west":{"uv":[5.016,5.016],"uv_size":[3.984,3.984]},"up":{"uv":[0.016,10.016],"uv_size":[3.984,3.984]},"down":{"uv":[10.016,3.984],"uv_size":[3.984,-3.984]}}}],"name":"rot_9"},{"parent":"geyser_custom_z","pivot":[-3.5,2,4.75],"rotation":[0,-22.5,0],"cubes":[{"origin":[-5.5,0,2.75],"size":[4,4,4],"pivot":[-3.5,2,4.75],"uv":{"north":{"uv":[0.016,0.016],"uv_size":[3.984,3.984]},"south":{"uv":[5.016,0.016],"uv_size":[3.984,3.984]},"east":{"uv":[0.016,5.016],"uv_size":[3.984,3.984]},"west":{"uv":[5.016,5.016],"uv_size":[3.984,3.984]},"up":{"uv":[0.016,10.016],"uv_size":[3.984,3.984]},"down":{"uv":[10.016,3.984],"uv_size":[3.984,-3.984]}}}],"name":"rot_10"},{"parent":"geyser_custom_z","pivot":[3.75,2,-3.75],"rotation":[0,-45,0],"cubes":[{"origin":[1.75,0,-5.75],"size":[4,4,4],"pivot":[3.75,2,-3.75],"uv":{"north":{"uv":[0.016,0.016],"uv_size":[3.984,3.984]},"south":{"uv":[5.016,0.016],"uv_size":[3.984,3.984]},"east":{"uv":[0.016,5.016],"uv_size":[3.984,3.984]},"west":{"uv":[5.016,5.016],"uv_size":[3.984,3.984]},"up":{"uv":[0.016,10.016],"uv_size":[3.984,3.984]},"down":{"uv":[10.016,3.984],"uv_size":[3.984,-3.984]}}}],"name":"rot_11"}]}]}
