{"format_version":"1.16.0","minecraft:geometry":[{"description":{"identifier":"geometry.geyser_custom.geo_5bfa5ff","texture_width":16,"texture_height":16,"visible_bounds_width":4,"visible_bounds_height":4.5,"visible_bounds_offset":[0,0.75,0]},"bones":[{"name":"geyser_custom","binding":"c.item_slot == 'head' ? 'head' : q.item_slot_to_bone_name(c.item_slot)","pivot":[0,8,0]},{"name":"geyser_custom_x","parent":"geyser_custom","pivot":[0,8,0]},{"name":"geyser_custom_y","parent":"geyser_custom_x","pivot":[0,8,0]},{"name":"geyser_custom_z","parent":"geyser_custom_y","pivot":[0,8,0],"cubes":[]},{"parent":"geyser_custom_z","pivot":[0,6,-0.5],"rotation":[0,22.5,0],"cubes":[{"origin":[-2,4,-2.5],"size":[4,4,4],"pivot":[0,6,-0.5],"uv":{"north":{"uv":[0.016,0.016],"uv_size":[3.984,3.984]},"south":{"uv":[5.016,0.016],"uv_size":[3.984,3.984]},"east":{"uv":[0.016,5.016],"uv_size":[3.984,3.984]},"west":{"uv":[5.016,5.016],"uv_size":[3.984,3.984]},"up":{"uv":[0.016,10.016],"uv_size":[3.984,3.984]},"down":{"uv":[10.016,3.984],"uv_size":[3.984,-3.984]}}}],"name":"rot_1"},{"parent":"geyser_custom_z","pivot":[7,0,-5.75],"rotation":[0,-0,0],"cubes":[{"origin":[-3,0,0.75],"size":[4,4,4],"pivot":[7,0,-5.75],"uv":{"north":{"uv":[0.016,0.016],"uv_size":[3.984,3.984]},"south":{"uv":[5.016,0.016],"uv_size":[3.984,3.984]},"east":{"uv":[0.016,5.016],"uv_size":[3.984,3.984]},"west":{"uv":[5.016,5.016],"uv_size":[3.984,3.984]},"up":{"uv":[0.016,10.016],"uv_size":[3.984,3.984]},"down":{"uv":[10.016,3.984],"uv_size":[3.984,-3.984]}}}],"name":"rot_2"},{"parent":"geyser_custom_z","pivot":[-2.5,2,-2.75],"rotation":[0,-22.5,0],"cubes":[{"origin":[-4.5,0,-4.75],"size":[4,4,4],"pivot":[-2.5,2,-2.75],"uv":{"north":{"uv":[0.016,0.016],"uv_size":[3.984,3.984]},"south":{"uv":[5.016,0.016],"uv_size":[3.984,3.984]},"east":{"uv":[0.016,5.016],"uv_size":[3.984,3.984]},"west":{"uv":[5.016,5.016],"uv_size":[3.984,3.984]},"up":{"uv":[0.016,10.016],"uv_size":[3.984,3.984]},"down":{"uv":[10.016,3.984],"uv_size":[3.984,-3.984]}}}],"name":"rot_3"},{"parent":"geyser_custom_z","pivot":[3,2,-1.25],"rotation":[0,-45,0],"cubes":[{"origin":[1,0,-3.25],"size":[4,4,4],"pivot":[3,2,-1.25],"uv":{"north":{"uv":[0.016,0.016],"uv_size":[3.984,3.984]},"south":{"uv":[5.016,0.016],"uv_size":[3.984,3.984]},"east":{"uv":[0.016,5.016],"uv_size":[3.984,3.984]},"west":{"uv":[5.016,5.016],"uv_size":[3.984,3.984]},"up":{"uv":[0.016,10.016],"uv_size":[3.984,3.984]},"down":{"uv":[10.016,3.984],"uv_size":[3.984,-3.984]}}}],"name":"rot_4"}]}]}
