{"format_version":"1.16.0","minecraft:geometry":[{"description":{"identifier":"geometry.geyser_custom.geo_35f25a3","texture_width":16,"texture_height":16,"visible_bounds_width":4,"visible_bounds_height":4.5,"visible_bounds_offset":[0,0.75,0]},"bones":[{"name":"geyser_custom","binding":"c.item_slot == 'head' ? 'head' : q.item_slot_to_bone_name(c.item_slot)","pivot":[0,8,0]},{"name":"geyser_custom_x","parent":"geyser_custom","pivot":[0,8,0]},{"name":"geyser_custom_y","parent":"geyser_custom_x","pivot":[0,8,0]},{"name":"geyser_custom_z","parent":"geyser_custom_y","pivot":[0,8,0],"cubes":[{"origin":[-1.4,6.8,0],"size":[2.8,2.3,2.5],"uv":{"north":{"uv":[4.016,3.016],"uv_size":[3.888,2.925]},"south":{"uv":[3.016,3.016],"uv_size":[2.889,2.925]},"east":{"uv":[4.016,3.016],"uv_size":[3.888,2.925]},"west":{"uv":[4.016,3.016],"uv_size":[3.888,2.925]},"up":{"uv":[5.889,5.925],"uv_size":[-2.889,-2.925]},"down":{"uv":[5.889,5.925],"uv_size":[-2.889,-2.925]}}},{"origin":[-0.9,9.1,0],"size":[1.8,2,1.8],"uv":{"north":{"uv":[3.016,3.016],"uv_size":[2.889,2.925]},"south":{"uv":[3.016,3.016],"uv_size":[2.889,2.925]},"east":{"uv":[4.016,3.016],"uv_size":[3.888,2.925]},"west":{"uv":[4.016,3.016],"uv_size":[3.888,2.925]},"up":{"uv":[15.984,14.984],"uv_size":[-15.984,-9.984]},"down":{"uv":[15.984,14.984],"uv_size":[-15.984,-9.984]}}},{"origin":[-1.15,11.1,0],"size":[2.3,2,2.05],"uv":{"north":{"uv":[3.016,3.016],"uv_size":[2.889,2.925]},"south":{"uv":[3.016,3.016],"uv_size":[2.889,2.925]},"east":{"uv":[8.266,3.016],"uv_size":[1.638,1.925]},"west":{"uv":[12.016,3.016],"uv_size":[1.638,1.925]},"up":{"uv":[11.984,4.984],"uv_size":[-1.984,-1.984]},"down":{"uv":[5.889,5.925],"uv_size":[-2.889,-2.925]}}}]},{"parent":"geyser_custom_z","pivot":[-3.3857,8.8807,0.3435],"rotation":[0,0,-45],"cubes":[{"origin":[-2.9866,7.7754,0.1479],"size":[2.1,0.4,0.4],"pivot":[-3.3857,8.8807,0.3435],"uv":{"north":{"uv":[3.016,3.0151],"uv_size":[5.139,0.9259]},"south":{"uv":[3.016,3.0151],"uv_size":[5.139,0.9259]},"east":{"uv":[3.016,3.016],"uv_size":[2.639,2.675]},"west":{"uv":[3.016,3.0151],"uv_size":[5.139,0.9259]},"up":{"uv":[8.139,3.9259],"uv_size":[-5.139,-0.9259]},"down":{"uv":[8.139,3.9259],"uv_size":[-5.139,-0.9259]}}}],"name":"rot_1"},{"parent":"geyser_custom_z","pivot":[2.4442,9.9386,0.4077],"rotation":[0,0,-22.5],"cubes":[{"origin":[0.8415,10.5436,0.2],"size":[1.9,0.4,0.4],"pivot":[2.4442,9.9386,0.4077],"uv":{"north":{"uv":[3.016,3.0151],"uv_size":[5.139,0.9259]},"south":{"uv":[3.016,3.0151],"uv_size":[5.139,0.9259]},"east":{"uv":[3.016,3.0151],"uv_size":[5.139,0.9259]},"west":{"uv":[3.016,3.0151],"uv_size":[5.139,0.9259]},"up":{"uv":[8.139,3.9259],"uv_size":[-5.139,-0.9259]},"down":{"uv":[8.139,3.9259],"uv_size":[-5.139,-0.9259]}}}],"name":"rot_2"},{"parent":"geyser_custom_z","pivot":[1.5367,10.4292,0.4069],"rotation":[0,-0,0],"cubes":[{"origin":[2.1298,10.6336,-1.2411],"size":[0.4,0.4,1.9],"pivot":[1.5367,10.4292,0.4069],"uv":{"north":{"uv":[3.016,3.016],"uv_size":[1.139,1.175]},"south":{"uv":[3.016,3.016],"uv_size":[1.139,1.175]},"east":{"uv":[3.016,3.0151],"uv_size":[5.139,0.9259]},"west":{"uv":[3.016,3.0151],"uv_size":[5.139,0.9259]},"up":{"uv":[8.139,3.9259],"uv_size":[-5.139,-0.9259]},"down":{"uv":[8.139,3.9259],"uv_size":[-5.139,-0.9259]}}},{"origin":[-2.5702,10.8336,-1.2411],"size":[0.4,0.4,1.9],"pivot":[1.5367,10.4292,0.4069],"uv":{"north":{"uv":[3.016,3.016],"uv_size":[1.139,1.175]},"south":{"uv":[3.016,3.016],"uv_size":[1.139,1.175]},"east":{"uv":[3.016,3.0151],"uv_size":[5.139,0.9259]},"west":{"uv":[3.016,3.0151],"uv_size":[5.139,0.9259]},"up":{"uv":[8.139,3.9259],"uv_size":[-5.139,-0.9259]},"down":{"uv":[8.139,3.9259],"uv_size":[-5.139,-0.9259]}}},{"origin":[-2.5702,9.7336,-1.2411],"size":[0.4,0.4,1.9],"pivot":[1.5367,10.4292,0.4069],"uv":{"north":{"uv":[3.016,3.016],"uv_size":[1.139,1.175]},"south":{"uv":[3.016,3.016],"uv_size":[1.139,1.175]},"east":{"uv":[3.016,3.0151],"uv_size":[5.139,0.9259]},"west":{"uv":[3.016,3.0151],"uv_size":[5.139,0.9259]},"up":{"uv":[8.139,3.9259],"uv_size":[-5.139,-0.9259]},"down":{"uv":[8.139,3.9259],"uv_size":[-5.139,-0.9259]}}},{"origin":[-2.6702,8.4336,-1.3411],"size":[0.4,0.4,1.9],"pivot":[1.5367,10.4292,0.4069],"uv":{"north":{"uv":[3.016,3.016],"uv_size":[1.139,1.175]},"south":{"uv":[3.016,3.016],"uv_size":[1.139,1.175]},"east":{"uv":[3.016,3.0151],"uv_size":[5.139,0.9259]},"west":{"uv":[3.016,3.0151],"uv_size":[5.139,0.9259]},"up":{"uv":[8.139,3.9259],"uv_size":[-5.139,-0.9259]},"down":{"uv":[8.139,3.9259],"uv_size":[-5.139,-0.9259]}}},{"origin":[2.1298,8.4336,-1.2411],"size":[0.4,0.4,1.9],"pivot":[1.5367,10.4292,0.4069],"uv":{"north":{"uv":[3.016,3.016],"uv_size":[1.139,1.175]},"south":{"uv":[3.016,3.016],"uv_size":[1.139,1.175]},"east":{"uv":[3.016,3.0151],"uv_size":[5.139,0.9259]},"west":{"uv":[3.016,3.0151],"uv_size":[5.139,0.9259]},"up":{"uv":[8.139,3.9259],"uv_size":[-5.139,-0.9259]},"down":{"uv":[8.139,3.9259],"uv_size":[-5.139,-0.9259]}}},{"origin":[2.1298,9.7336,-1.2411],"size":[0.4,0.4,1.9],"pivot":[1.5367,10.4292,0.4069],"uv":{"north":{"uv":[3.016,3.016],"uv_size":[1.139,1.175]},"south":{"uv":[3.016,3.016],"uv_size":[1.139,1.175]},"east":{"uv":[3.016,3.0151],"uv_size":[5.139,0.9259]},"west":{"uv":[3.016,3.0151],"uv_size":[5.139,0.9259]},"up":{"uv":[8.139,3.9259],"uv_size":[-5.139,-0.9259]},"down":{"uv":[8.139,3.9259],"uv_size":[-5.139,-0.9259]}}}],"name":"rot_3"},{"parent":"geyser_custom_z","pivot":[-2.6142,9.7724,0.3739],"rotation":[0,-0,0],"cubes":[{"origin":[-2.5699,9.7436,0.2478],"size":[1.8,0.4,0.4],"pivot":[-2.6142,9.7724,0.3739],"uv":{"north":{"uv":[3.016,3.0151],"uv_size":[5.139,0.9259]},"south":{"uv":[3.016,3.0151],"uv_size":[5.139,0.9259]},"east":{"uv":[3.016,3.016],"uv_size":[2.639,2.675]},"west":{"uv":[3.016,3.0151],"uv_size":[5.139,0.9259]},"up":{"uv":[8.139,3.9259],"uv_size":[-5.139,-0.9259]},"down":{"uv":[8.139,3.9259],"uv_size":[-5.139,-0.9259]}}}],"name":"rot_4"},{"parent":"geyser_custom_z","pivot":[1.9451,8.9414,0.405],"rotation":[0,0,0],"cubes":[{"origin":[0.5415,9.7436,0.1],"size":[2,0.4,0.4],"pivot":[1.9451,8.9414,0.405],"uv":{"north":{"uv":[3.016,3.0151],"uv_size":[5.139,0.9259]},"south":{"uv":[3.016,3.0151],"uv_size":[5.139,0.9259]},"east":{"uv":[3.016,3.0151],"uv_size":[5.139,0.9259]},"west":{"uv":[3.016,3.016],"uv_size":[2.639,2.675]},"up":{"uv":[8.139,3.9259],"uv_size":[-5.139,-0.9259]},"down":{"uv":[8.139,3.9259],"uv_size":[-5.139,-0.9259]}}}],"name":"rot_5"},{"parent":"geyser_custom_z","pivot":[-3.0249,10.7133,0.3473],"rotation":[0,0,22.5],"cubes":[{"origin":[-2.6291,11.0086,0.1479],"size":[1.9,0.4,0.4],"pivot":[-3.0249,10.7133,0.3473],"uv":{"north":{"uv":[3.016,3.0151],"uv_size":[5.139,0.9259]},"south":{"uv":[3.016,3.0151],"uv_size":[5.139,0.9259]},"east":{"uv":[3.016,3.016],"uv_size":[2.639,2.675]},"west":{"uv":[3.016,3.0151],"uv_size":[5.139,0.9259]},"up":{"uv":[8.139,3.9259],"uv_size":[-5.139,-0.9259]},"down":{"uv":[8.139,3.9259],"uv_size":[-5.139,-0.9259]}}}],"name":"rot_6"},{"parent":"geyser_custom_z","pivot":[2.2965,8.5856,1.305],"rotation":[0,0,45],"cubes":[{"origin":[0.3929,8.3909,0.2],"size":[1.8,0.4,0.4],"pivot":[2.2965,8.5856,1.305],"uv":{"north":{"uv":[3.016,3.0151],"uv_size":[5.139,0.9259]},"south":{"uv":[3.016,3.0151],"uv_size":[5.139,0.9259]},"east":{"uv":[3.016,3.0151],"uv_size":[5.139,0.9259]},"west":{"uv":[3.016,3.016],"uv_size":[2.639,2.675]},"up":{"uv":[8.139,3.9259],"uv_size":[-5.139,-0.9259]},"down":{"uv":[8.139,3.9259],"uv_size":[-5.139,-0.9259]}}}],"name":"rot_7"}]}]}
