{"format_version":"1.16.0","minecraft:geometry":[{"description":{"identifier":"geometry.geyser_custom.geo_0c87cbe","texture_width":16,"texture_height":16,"visible_bounds_width":4,"visible_bounds_height":4.5,"visible_bounds_offset":[0,0.75,0]},"bones":[{"name":"geyser_custom","binding":"c.item_slot == 'head' ? 'head' : q.item_slot_to_bone_name(c.item_slot)","pivot":[0,8,0]},{"name":"geyser_custom_x","parent":"geyser_custom","pivot":[0,8,0]},{"name":"geyser_custom_y","parent":"geyser_custom_x","pivot":[0,8,0]},{"name":"geyser_custom_z","parent":"geyser_custom_y","pivot":[0,8,0],"cubes":[{"origin":[-9,14,-9],"size":[18,1,18],"uv":{"north":{"uv":[12.016,8.002],"uv_size":[1.984,0.123]},"south":{"uv":[12.016,8.002],"uv_size":[1.984,0.123]},"east":{"uv":[12.016,8.002],"uv_size":[1.984,0.123]},"west":{"uv":[12.016,8.002],"uv_size":[1.984,0.123]},"up":{"uv":[13.984,9.984],"uv_size":[-1.984,-1.984]},"down":{"uv":[13.984,9.984],"uv_size":[-1.984,-1.984]}}},{"origin":[-6,15,-6],"size":[12,2,12],"uv":{"north":{"uv":[12.016,10.004],"uv_size":[1.484,0.246]},"south":{"uv":[12.016,10.004],"uv_size":[1.484,0.246]},"east":{"uv":[12.016,10.004],"uv_size":[1.484,0.246]},"west":{"uv":[12.016,10.004],"uv_size":[1.484,0.246]}}},{"origin":[-6,17,-6],"size":[12,14,12],"uv":{"north":{"uv":[12.016,8.016],"uv_size":[1.484,1.734]},"south":{"uv":[12.016,8.016],"uv_size":[1.484,1.734]},"east":{"uv":[12.016,8.016],"uv_size":[1.484,1.734]},"west":{"uv":[12.016,8.016],"uv_size":[1.484,1.734]},"up":{"uv":[13.484,9.484],"uv_size":[-1.484,-1.484]}}},{"origin":[6,0,-7],"size":[1,7,1],"uv":{"north":{"uv":[12.002,8.014],"uv_size":[0.123,0.861]},"south":{"uv":[12.002,8.014],"uv_size":[0.123,0.861]},"east":{"uv":[12.002,8.014],"uv_size":[0.123,0.861]},"west":{"uv":[12.002,8.014],"uv_size":[0.123,0.861]},"up":{"uv":[12.123,8.123],"uv_size":[-0.123,-0.123]},"down":{"uv":[12.123,8.123],"uv_size":[-0.123,-0.123]}}},{"origin":[4,6,-7],"size":[2,1,1],"uv":{"north":{"uv":[12.004,8.002],"uv_size":[0.246,0.123]},"south":{"uv":[12.004,8.002],"uv_size":[0.246,0.123]},"east":{"uv":[12.004,8.002],"uv_size":[0.246,0.123]},"west":{"uv":[12.004,8.002],"uv_size":[0.246,0.123]},"up":{"uv":[12.246,8.123],"uv_size":[-0.246,-0.123]},"down":{"uv":[12.246,8.123],"uv_size":[-0.246,-0.123]}}},{"origin":[2,6,-7],"size":[2,2,1],"uv":{"north":{"uv":[8.016,10.016],"uv_size":[1.984,1.984]}}}]}]}]}
