{"format_version":"1.16.0","minecraft:geometry":[{"description":{"identifier":"geometry.geyser_custom.geo_360c781","texture_width":16,"texture_height":16,"visible_bounds_width":4,"visible_bounds_height":4.5,"visible_bounds_offset":[0,0.75,0]},"bones":[{"name":"geyser_custom","binding":"c.item_slot == 'head' ? 'head' : q.item_slot_to_bone_name(c.item_slot)","pivot":[0,8,0]},{"name":"geyser_custom_x","parent":"geyser_custom","pivot":[0,8,0]},{"name":"geyser_custom_y","parent":"geyser_custom_x","pivot":[0,8,0]},{"name":"geyser_custom_z","parent":"geyser_custom_y","pivot":[0,8,0],"cubes":[{"origin":[-7,14,-8],"size":[15,2.7,15],"uv":{"north":{"uv":[0.016,2.508],"uv_size":[2.484,0.492]},"south":{"uv":[2.516,2.508],"uv_size":[2.484,0.492]},"east":{"uv":[2.516,2.508],"uv_size":[2.484,0.492]},"west":{"uv":[2.516,2.508],"uv_size":[2.484,0.492]},"up":{"uv":[4.984,2.746],"uv_size":[-2.484,-0.246]},"down":{"uv":[4.984,2.484],"uv_size":[-2.484,-2.484]}}},{"origin":[-5,16.75,-6],"size":[11,4.7,11],"uv":{"north":{"uv":[1.766,4.766],"uv_size":[1.734,0.984]},"south":{"uv":[3.516,4.766],"uv_size":[1.734,0.984]},"east":{"uv":[3.516,4.766],"uv_size":[1.734,0.984]},"west":{"uv":[0.016,4.766],"uv_size":[1.734,0.984]},"up":{"uv":[4.984,2.746],"uv_size":[-2.484,-0.246]},"down":{"uv":[14.984,14.984],"uv_size":[-14.984,-14.984]}}},{"origin":[-3.2,20.75,-4],"size":[7.1,5.2,7],"uv":{"north":{"uv":[0.016,6.766],"uv_size":[0.984,0.984]},"south":{"uv":[0.016,6.766],"uv_size":[0.984,0.984]},"east":{"uv":[0.016,6.766],"uv_size":[0.984,0.984]},"west":{"uv":[0.016,6.766],"uv_size":[0.984,0.984]},"up":{"uv":[1.984,6.734],"uv_size":[-0.984,-0.984]},"down":{"uv":[0.984,7.734],"uv_size":[-0.984,-0.984]}}}]},{"parent":"geyser_custom_z","pivot":[0.336,27.6012,-0.9652],"rotation":[-22.5,0,0],"cubes":[{"origin":[-1,25.75,-0.5],"size":[2.6,3.7,1.8],"pivot":[0.336,27.6012,-0.9652],"uv":{"north":{"uv":[0.016,8.008],"uv_size":[0.984,0.492]},"south":{"uv":[0.016,8.008],"uv_size":[0.984,0.492]},"east":{"uv":[0.016,8.008],"uv_size":[0.984,0.492]},"west":{"uv":[0.016,8.008],"uv_size":[0.984,0.492]},"up":{"uv":[0.496,7.996],"uv_size":[-0.246,-0.246]},"down":{"uv":[0.984,8.492],"uv_size":[-0.984,-0.492]}}}],"name":"rot_1"}]}]}
