{"format_version":"1.16.0","minecraft:geometry":[{"description":{"identifier":"geometry.geyser_custom.geo_cdca61a","texture_width":16,"texture_height":16,"visible_bounds_width":4,"visible_bounds_height":4.5,"visible_bounds_offset":[0,0.75,0]},"bones":[{"name":"geyser_custom","binding":"c.item_slot == 'head' ? 'head' : q.item_slot_to_bone_name(c.item_slot)","pivot":[0,8,0]},{"name":"geyser_custom_x","parent":"geyser_custom","pivot":[0,8,0]},{"name":"geyser_custom_y","parent":"geyser_custom_x","pivot":[0,8,0]},{"name":"geyser_custom_z","parent":"geyser_custom_y","pivot":[0,8,0],"cubes":[{"origin":[-16,14,-16],"size":[32,2,32],"uv":{"north":{"uv":[8.016,0.008],"uv_size":[7.984,0.492]},"south":{"uv":[8.016,0.008],"uv_size":[7.984,0.492]},"east":{"uv":[8.016,0.508],"uv_size":[7.984,0.492]},"west":{"uv":[8.016,1.508],"uv_size":[7.984,0.492]},"up":{"uv":[0.016,0.016],"uv_size":[7.984,7.984]},"down":{"uv":[0.016,7.984],"uv_size":[7.984,-7.984]}}},{"origin":[12,0,-15],"size":[3,14,3],"uv":{"north":{"uv":[8.012,9.016],"uv_size":[0.738,3.484]},"south":{"uv":[8.012,9.016],"uv_size":[0.738,3.484]},"east":{"uv":[8.012,9.016],"uv_size":[0.738,3.484]},"west":{"uv":[8.012,9.016],"uv_size":[0.738,3.484]},"up":{"uv":[11.762,7.012],"uv_size":[0.738,0.738]},"down":{"uv":[11.762,8.488],"uv_size":[0.738,-0.738]}}},{"origin":[-15,0,-15],"size":[3,14,3],"uv":{"north":{"uv":[8.012,9.016],"uv_size":[0.738,3.484]},"south":{"uv":[8.012,9.016],"uv_size":[0.738,3.484]},"east":{"uv":[8.012,9.016],"uv_size":[0.738,3.484]},"west":{"uv":[8.012,9.016],"uv_size":[0.738,3.484]},"up":{"uv":[11.762,7.012],"uv_size":[0.738,0.738]},"down":{"uv":[11.762,8.488],"uv_size":[0.738,-0.738]}}},{"origin":[12,0,12],"size":[3,14,3],"uv":{"north":{"uv":[8.012,9.016],"uv_size":[0.738,3.484]},"south":{"uv":[8.012,9.016],"uv_size":[0.738,3.484]},"east":{"uv":[8.012,9.016],"uv_size":[0.738,3.484]},"west":{"uv":[8.012,9.016],"uv_size":[0.738,3.484]},"up":{"uv":[11.762,7.012],"uv_size":[0.738,0.738]},"down":{"uv":[11.762,8.488],"uv_size":[0.738,-0.738]}}},{"origin":[-15,0,12],"size":[3,14,3],"uv":{"north":{"uv":[8.012,9.016],"uv_size":[0.738,3.484]},"south":{"uv":[8.012,9.016],"uv_size":[0.738,3.484]},"east":{"uv":[8.012,9.016],"uv_size":[0.738,3.484]},"west":{"uv":[8.012,9.016],"uv_size":[0.738,3.484]},"up":{"uv":[11.762,7.012],"uv_size":[0.738,0.738]},"down":{"uv":[11.762,8.488],"uv_size":[0.738,-0.738]}}}]}]}]}
