{"format_version":"1.16.0","minecraft:geometry":[{"description":{"identifier":"geometry.geyser_custom.geo_0c59e8c","texture_width":16,"texture_height":16,"visible_bounds_width":4,"visible_bounds_height":4.5,"visible_bounds_offset":[0,0.75,0]},"bones":[{"name":"geyser_custom","binding":"c.item_slot == 'head' ? 'head' : q.item_slot_to_bone_name(c.item_slot)","pivot":[0,8,0]},{"name":"geyser_custom_x","parent":"geyser_custom","pivot":[0,8,0]},{"name":"geyser_custom_y","parent":"geyser_custom_x","pivot":[0,8,0]},{"name":"geyser_custom_z","parent":"geyser_custom_y","pivot":[0,8,0],"cubes":[]},{"parent":"geyser_custom_z","pivot":[16,0,-8],"rotation":[0,-0,0],"cubes":[{"origin":[13,0,-8],"size":[3,14,3],"pivot":[16,0,-8],"uv":{"north":{"uv":[7.131,5.516],"uv_size":[0.369,1.734]},"south":{"uv":[3.506,7.266],"uv_size":[0.369,1.734]},"east":{"uv":[0.006,7.266],"uv_size":[0.369,1.734]},"west":{"uv":[3.881,7.266],"uv_size":[0.369,1.734]},"up":{"uv":[7.006,7.256],"uv_size":[0.369,0.369]},"down":{"uv":[7.381,7.619],"uv_size":[0.369,-0.369]}}},{"origin":[-16,0,-8],"size":[3,14,3],"pivot":[16,0,-8],"uv":{"north":{"uv":[7.131,5.516],"uv_size":[0.369,1.734]},"south":{"uv":[3.506,7.266],"uv_size":[0.369,1.734]},"east":{"uv":[0.006,7.266],"uv_size":[0.369,1.734]},"west":{"uv":[3.881,7.266],"uv_size":[0.369,1.734]},"up":{"uv":[7.006,7.256],"uv_size":[0.369,0.369]},"down":{"uv":[7.381,7.619],"uv_size":[0.369,-0.369]}}},{"origin":[-16,0,6],"size":[3,14,3],"pivot":[16,0,-8],"uv":{"north":{"uv":[7.131,5.516],"uv_size":[0.369,1.734]},"south":{"uv":[3.506,7.266],"uv_size":[0.369,1.734]},"east":{"uv":[0.006,7.266],"uv_size":[0.369,1.734]},"west":{"uv":[3.881,7.266],"uv_size":[0.369,1.734]},"up":{"uv":[7.006,7.256],"uv_size":[0.369,0.369]},"down":{"uv":[7.381,7.619],"uv_size":[0.369,-0.369]}}},{"origin":[13,0,6],"size":[3,14,3],"pivot":[16,0,-8],"uv":{"north":{"uv":[7.131,5.516],"uv_size":[0.369,1.734]},"south":{"uv":[3.506,7.266],"uv_size":[0.369,1.734]},"east":{"uv":[0.006,7.266],"uv_size":[0.369,1.734]},"west":{"uv":[3.881,7.266],"uv_size":[0.369,1.734]},"up":{"uv":[7.006,7.256],"uv_size":[0.369,0.369]},"down":{"uv":[7.381,7.619],"uv_size":[0.369,-0.369]}}}],"name":"rot_1"},{"parent":"geyser_custom_z","pivot":[16,2,-8],"rotation":[0,-0,0],"cubes":[{"origin":[13,14,-9],"size":[4,2,18],"pivot":[16,2,-8],"uv":{"north":{"uv":[7.508,0.004],"uv_size":[0.492,0.246]},"south":{"uv":[7.508,0.254],"uv_size":[0.492,0.246]},"east":{"uv":[7.016,4.004],"uv_size":[2.234,0.246]},"west":{"uv":[7.016,4.254],"uv_size":[2.234,0.246]},"up":{"uv":[3.508,5.016],"uv_size":[0.492,2.234]},"down":{"uv":[3.508,5.016],"uv_size":[0.492,2.234]}}},{"origin":[-17,14,-9],"size":[4,2,18],"pivot":[16,2,-8],"uv":{"north":{"uv":[7.508,0.004],"uv_size":[0.492,0.246]},"south":{"uv":[7.508,0.254],"uv_size":[0.492,0.246]},"east":{"uv":[7.016,4.004],"uv_size":[2.234,0.246]},"west":{"uv":[7.016,4.254],"uv_size":[2.234,0.246]},"up":{"uv":[3.508,5.016],"uv_size":[0.492,2.234]},"down":{"uv":[3.508,5.016],"uv_size":[0.492,2.234]}}}],"name":"rot_2"},{"parent":"geyser_custom_z","pivot":[0,2,-8],"rotation":[0,-0,0],"cubes":[{"origin":[-13,14,5],"size":[26,2,4],"pivot":[0,2,-8],"uv":{"north":{"uv":[5.516,5.004],"uv_size":[3.234,0.246]},"south":{"uv":[5.516,5.254],"uv_size":[3.234,0.246]},"east":{"uv":[7.508,0.754],"uv_size":[0.492,0.246]},"west":{"uv":[0.883,7.504],"uv_size":[0.492,0.246]},"up":{"uv":[3.766,4.008],"uv_size":[3.234,0.492]},"down":{"uv":[3.766,4.492],"uv_size":[3.234,-0.492]}}}],"name":"rot_3"},{"parent":"geyser_custom_z","pivot":[-3,9,-8],"rotation":[0,-0,0],"cubes":[{"origin":[-15,7,-7],"size":[30,4,14],"pivot":[-3,9,-8],"uv":{"north":{"uv":[3.766,1.508],"uv_size":[3.734,0.492]},"south":{"uv":[3.766,1.508],"uv_size":[3.734,0.492]},"east":{"uv":[0.016,5.008],"uv_size":[1.734,0.492]},"west":{"uv":[0.016,5.008],"uv_size":[1.734,0.492]},"up":{"uv":[0.016,0.016],"uv_size":[3.734,1.734]},"down":{"uv":[0.016,1.734],"uv_size":[3.734,-1.734]}}},{"origin":[-15,5,-7],"size":[30,2,14],"pivot":[-3,9,-8],"uv":{"north":{"uv":[3.766,2.004],"uv_size":[3.734,0.246]},"south":{"uv":[3.766,2.004],"uv_size":[3.734,0.246]},"east":{"uv":[0.016,5.504],"uv_size":[1.734,0.246]},"west":{"uv":[0.016,5.504],"uv_size":[1.734,0.246]},"up":{"uv":[0.016,1.766],"uv_size":[3.734,1.734]},"down":{"uv":[0.016,3.484],"uv_size":[3.734,-1.734]}}}],"name":"rot_4"},{"parent":"geyser_custom_z","pivot":[-3,12,-8],"rotation":[0,-0,0],"cubes":[{"origin":[-15,11,3],"size":[30,12,4],"pivot":[-3,12,-8],"uv":{"north":{"uv":[0.016,3.516],"uv_size":[3.734,1.484]},"south":{"uv":[3.734,3.516],"uv_size":[-3.734,1.484]},"east":{"uv":[0.008,5.766],"uv_size":[0.492,1.484]},"west":{"uv":[0.008,5.766],"uv_size":[0.492,1.484]},"up":{"uv":[3.766,3.008],"uv_size":[3.734,0.492]},"down":{"uv":[3.766,3.992],"uv_size":[3.734,-0.492]}}}],"name":"rot_5"}]}]}
