{"format_version":"1.16.0","minecraft:geometry":[{"description":{"identifier":"geometry.geyser_custom.geo_cd66457","texture_width":16,"texture_height":16,"visible_bounds_width":4,"visible_bounds_height":4.5,"visible_bounds_offset":[0,0.75,0]},"bones":[{"name":"geyser_custom","binding":"c.item_slot == 'head' ? 'head' : q.item_slot_to_bone_name(c.item_slot)","pivot":[0,8,0]},{"name":"geyser_custom_x","parent":"geyser_custom","pivot":[0,8,0]},{"name":"geyser_custom_y","parent":"geyser_custom_x","pivot":[0,8,0]},{"name":"geyser_custom_z","parent":"geyser_custom_y","pivot":[0,8,0],"cubes":[{"origin":[4,0,-7],"size":[3,7,3],"uv":{"north":{"uv":[7.762,3.766],"uv_size":[0.738,1.734]},"south":{"uv":[7.762,3.766],"uv_size":[0.738,1.734]},"east":{"uv":[7.762,3.766],"uv_size":[0.738,1.734]},"west":{"uv":[7.762,3.766],"uv_size":[0.738,1.734]},"up":{"uv":[8.262,2.762],"uv_size":[0.738,0.738]},"down":{"uv":[8.512,4.238],"uv_size":[0.738,-0.738]}}},{"origin":[-7,0,-7],"size":[3,7,3],"uv":{"north":{"uv":[7.762,3.766],"uv_size":[0.738,1.734]},"south":{"uv":[7.762,3.766],"uv_size":[0.738,1.734]},"east":{"uv":[7.762,3.766],"uv_size":[0.738,1.734]},"west":{"uv":[7.762,3.766],"uv_size":[0.738,1.734]},"up":{"uv":[8.262,2.762],"uv_size":[0.738,0.738]},"down":{"uv":[8.512,4.238],"uv_size":[0.738,-0.738]}}},{"origin":[4,0,4],"size":[3,7,3],"uv":{"north":{"uv":[7.762,3.766],"uv_size":[0.738,1.734]},"south":{"uv":[7.762,3.766],"uv_size":[0.738,1.734]},"east":{"uv":[7.762,3.766],"uv_size":[0.738,1.734]},"west":{"uv":[7.762,3.766],"uv_size":[0.738,1.734]},"up":{"uv":[8.262,2.762],"uv_size":[0.738,0.738]},"down":{"uv":[8.512,4.238],"uv_size":[0.738,-0.738]}}},{"origin":[-7,0,4],"size":[3,7,3],"uv":{"north":{"uv":[7.762,3.766],"uv_size":[0.738,1.734]},"south":{"uv":[7.762,3.766],"uv_size":[0.738,1.734]},"east":{"uv":[7.762,3.766],"uv_size":[0.738,1.734]},"west":{"uv":[7.762,3.766],"uv_size":[0.738,1.734]},"up":{"uv":[8.262,2.762],"uv_size":[0.738,0.738]},"down":{"uv":[8.512,4.238],"uv_size":[0.738,-0.738]}}},{"origin":[4,9,4],"size":[3,12,3],"uv":{"north":{"uv":[4.012,0.016],"uv_size":[0.738,2.984]},"south":{"uv":[4.012,0.016],"uv_size":[0.738,2.984]},"east":{"uv":[4.012,0.016],"uv_size":[0.738,2.984]},"west":{"uv":[4.012,0.016],"uv_size":[0.738,2.984]},"up":{"uv":[7.762,7.262],"uv_size":[0.738,0.738]},"down":{"uv":[0.012,8.738],"uv_size":[0.738,-0.738]}}},{"origin":[-7,9,4],"size":[3,12,3],"uv":{"north":{"uv":[4.012,0.016],"uv_size":[0.738,2.984]},"south":{"uv":[4.012,0.016],"uv_size":[0.738,2.984]},"east":{"uv":[4.012,0.016],"uv_size":[0.738,2.984]},"west":{"uv":[4.012,0.016],"uv_size":[0.738,2.984]},"up":{"uv":[7.762,7.262],"uv_size":[0.738,0.738]},"down":{"uv":[0.012,8.738],"uv_size":[0.738,-0.738]}}},{"origin":[-4,16,5],"size":[8,4,1],"uv":{"north":{"uv":[5.516,2.016],"uv_size":[1.984,0.984]},"south":{"uv":[5.516,3.016],"uv_size":[1.984,0.984]},"east":{"uv":[3.754,8.016],"uv_size":[0.246,0.984]},"west":{"uv":[8.504,4.766],"uv_size":[0.246,0.984]},"up":{"uv":[8.516,4.254],"uv_size":[1.984,0.246]},"down":{"uv":[8.516,4.746],"uv_size":[1.984,-0.246]}}}]},{"parent":"geyser_custom_z","pivot":[0,9,0],"rotation":[0,-0,0],"cubes":[{"origin":[-8,7,-8],"size":[16,2,16],"pivot":[0,9,0],"uv":{"north":{"uv":[5.516,0.008],"uv_size":[3.984,0.492]},"south":{"uv":[5.516,0.008],"uv_size":[3.984,0.492]},"east":{"uv":[5.516,0.508],"uv_size":[3.984,0.492]},"west":{"uv":[5.516,1.508],"uv_size":[3.984,0.492]},"up":{"uv":[0.016,0.016],"uv_size":[3.984,3.984]},"down":{"uv":[0.016,3.984],"uv_size":[3.984,-3.984]}}}],"name":"rot_1"}]}]}
