{"format_version":"1.16.0","minecraft:geometry":[{"description":{"identifier":"geometry.geyser_custom.geo_41e8361","texture_width":16,"texture_height":16,"visible_bounds_width":4,"visible_bounds_height":4.5,"visible_bounds_offset":[0,0.75,0]},"bones":[{"name":"geyser_custom","binding":"c.item_slot == 'head' ? 'head' : q.item_slot_to_bone_name(c.item_slot)","pivot":[0,8,0]},{"name":"geyser_custom_x","parent":"geyser_custom","pivot":[0,8,0]},{"name":"geyser_custom_y","parent":"geyser_custom_x","pivot":[0,8,0]},{"name":"geyser_custom_z","parent":"geyser_custom_y","pivot":[0,8,0],"cubes":[{"origin":[-16,14,-4],"size":[32,2,12],"uv":{"north":{"uv":[4.516,6.008],"uv_size":[7.984,0.492]},"south":{"uv":[4.516,6.008],"uv_size":[7.984,0.492]},"east":{"uv":[10.484,7.508],"uv_size":[-2.984,0.492]},"west":{"uv":[7.516,7.508],"uv_size":[2.984,0.492]},"up":{"uv":[0.016,0.016],"uv_size":[7.984,2.984]},"down":{"uv":[0.016,2.984],"uv_size":[7.984,-2.984]}}},{"origin":[9,4,7],"size":[3,10,1],"uv":{"north":{"uv":[5.238,7.016],"uv_size":[-0.738,2.484]},"south":{"uv":[5.238,7.016],"uv_size":[-0.738,2.484]},"east":{"uv":[8.246,0.016],"uv_size":[-0.246,2.484]},"west":{"uv":[8.246,0.016],"uv_size":[-0.246,2.484]},"up":{"uv":[8.738,5.504],"uv_size":[-0.738,0.246]},"down":{"uv":[8.738,5.996],"uv_size":[-0.738,-0.246]}}},{"origin":[9,13,-2],"size":[3,1,9],"uv":{"north":{"uv":[8.238,8.004],"uv_size":[-0.738,0.246]},"south":{"uv":[0.738,8.254],"uv_size":[-0.738,0.246]},"east":{"uv":[10.234,5.254],"uv_size":[-2.234,0.246]},"west":{"uv":[8.016,5.254],"uv_size":[2.234,0.246]},"up":{"uv":[6.738,7.016],"uv_size":[-0.738,2.234]},"down":{"uv":[7.488,9.234],"uv_size":[-0.738,-2.234]}}},{"origin":[10.5,5,-1],"size":[0,9,9],"uv":{"north":{"uv":[0,0.016],"uv_size":[0,2.234]},"south":{"uv":[0,0.016],"uv_size":[0,2.234]},"east":{"uv":[0.016,6.016],"uv_size":[2.234,2.234]},"west":{"uv":[2.234,6.016],"uv_size":[-2.234,2.234]},"up":{"uv":[0,0.016],"uv_size":[0,2.234]},"down":{"uv":[0,2.234],"uv_size":[0,-2.234]}}}]},{"parent":"geyser_custom_z","pivot":[-8,0,-8],"rotation":[0,-0,0],"cubes":[{"origin":[-12,13,-2],"size":[3,1,9],"pivot":[-8,0,-8],"uv":{"north":{"uv":[7.512,8.004],"uv_size":[0.738,0.246]},"south":{"uv":[0.012,8.254],"uv_size":[0.738,0.246]},"east":{"uv":[10.234,5.254],"uv_size":[-2.234,0.246]},"west":{"uv":[8.016,5.254],"uv_size":[2.234,0.246]},"up":{"uv":[6.012,7.016],"uv_size":[0.738,2.234]},"down":{"uv":[6.762,9.234],"uv_size":[0.738,-2.234]}}},{"origin":[-12,4,7],"size":[3,10,1],"pivot":[-8,0,-8],"uv":{"north":{"uv":[4.512,7.016],"uv_size":[0.738,2.484]},"south":{"uv":[4.512,7.016],"uv_size":[0.738,2.484]},"east":{"uv":[8.004,0.016],"uv_size":[0.246,2.484]},"west":{"uv":[8.004,0.016],"uv_size":[0.246,2.484]},"up":{"uv":[8.012,5.504],"uv_size":[0.738,0.246]},"down":{"uv":[8.012,5.996],"uv_size":[0.738,-0.246]}}},{"origin":[-10.5,5,-1],"size":[0,9,9],"pivot":[-8,0,-8],"uv":{"north":{"uv":[0,0.016],"uv_size":[0,2.234]},"south":{"uv":[0,0.016],"uv_size":[0,2.234]},"east":{"uv":[0.016,6.016],"uv_size":[2.234,2.234]},"west":{"uv":[2.234,6.016],"uv_size":[-2.234,2.234]},"up":{"uv":[0,0.016],"uv_size":[0,2.234]},"down":{"uv":[0,2.234],"uv_size":[0,-2.234]}}}],"name":"rot_1"}]}]}
