{"format_version":"1.16.0","minecraft:geometry":[{"description":{"identifier":"geometry.geyser_custom.geo_edce957","texture_width":16,"texture_height":16,"visible_bounds_width":4,"visible_bounds_height":4.5,"visible_bounds_offset":[0,0.75,0]},"bones":[{"name":"geyser_custom","binding":"c.item_slot == 'head' ? 'head' : q.item_slot_to_bone_name(c.item_slot)","pivot":[0,8,0]},{"name":"geyser_custom_x","parent":"geyser_custom","pivot":[0,8,0]},{"name":"geyser_custom_y","parent":"geyser_custom_x","pivot":[0,8,0]},{"name":"geyser_custom_z","parent":"geyser_custom_y","pivot":[0,8,0],"cubes":[{"origin":[-16,14,-8],"size":[32,2,16],"uv":{"north":{"uv":[0.016,8.008],"uv_size":[7.984,0.492]},"south":{"uv":[0.016,8.008],"uv_size":[7.984,0.492]},"east":{"uv":[0.766,8.508],"uv_size":[3.984,0.492]},"west":{"uv":[8.766,0.508],"uv_size":[3.984,0.492]},"up":{"uv":[0.016,0.016],"uv_size":[7.984,3.984]},"down":{"uv":[0.016,3.984],"uv_size":[7.984,-3.984]}}},{"origin":[-16,2,-8],"size":[32,2,16],"uv":{"north":{"uv":[0.016,8.008],"uv_size":[7.984,0.492]},"south":{"uv":[0.016,8.008],"uv_size":[7.984,0.492]},"east":{"uv":[0.766,8.508],"uv_size":[3.984,0.492]},"west":{"uv":[8.766,0.508],"uv_size":[3.984,0.492]},"up":{"uv":[0.016,0.016],"uv_size":[7.984,3.984]},"down":{"uv":[0.016,3.984],"uv_size":[7.984,-3.984]}}},{"origin":[12,0,-7],"size":[3,14,3],"uv":{"north":{"uv":[8.012,0.516],"uv_size":[0.738,3.484]},"south":{"uv":[8.012,0.516],"uv_size":[0.738,3.484]},"east":{"uv":[8.012,0.516],"uv_size":[0.738,3.484]},"west":{"uv":[8.012,0.516],"uv_size":[0.738,3.484]},"up":{"uv":[4.762,8.512],"uv_size":[0.738,0.738]},"down":{"uv":[5.512,9.238],"uv_size":[0.738,-0.738]}}},{"origin":[-15,0,-7],"size":[3,14,3],"uv":{"north":{"uv":[8.012,0.516],"uv_size":[0.738,3.484]},"south":{"uv":[8.012,0.516],"uv_size":[0.738,3.484]},"east":{"uv":[8.012,0.516],"uv_size":[0.738,3.484]},"west":{"uv":[8.012,0.516],"uv_size":[0.738,3.484]},"up":{"uv":[4.762,8.512],"uv_size":[0.738,0.738]},"down":{"uv":[5.512,9.238],"uv_size":[0.738,-0.738]}}},{"origin":[12,0,4],"size":[3,14,3],"uv":{"north":{"uv":[8.012,0.516],"uv_size":[0.738,3.484]},"south":{"uv":[8.012,0.516],"uv_size":[0.738,3.484]},"east":{"uv":[8.012,0.516],"uv_size":[0.738,3.484]},"west":{"uv":[8.012,0.516],"uv_size":[0.738,3.484]},"up":{"uv":[4.762,8.512],"uv_size":[0.738,0.738]},"down":{"uv":[5.512,9.238],"uv_size":[0.738,-0.738]}}},{"origin":[-15,0,4],"size":[3,14,3],"uv":{"north":{"uv":[8.012,0.516],"uv_size":[0.738,3.484]},"south":{"uv":[8.012,0.516],"uv_size":[0.738,3.484]},"east":{"uv":[8.012,0.516],"uv_size":[0.738,3.484]},"west":{"uv":[8.012,0.516],"uv_size":[0.738,3.484]},"up":{"uv":[4.762,8.512],"uv_size":[0.738,0.738]},"down":{"uv":[5.512,9.238],"uv_size":[0.738,-0.738]}}}]}]}]}
