{"format_version":"1.16.0","minecraft:geometry":[{"description":{"identifier":"geometry.geyser_custom.geo_23d7c7b","texture_width":16,"texture_height":16,"visible_bounds_width":4,"visible_bounds_height":4.5,"visible_bounds_offset":[0,0.75,0]},"bones":[{"name":"geyser_custom","binding":"c.item_slot == 'head' ? 'head' : q.item_slot_to_bone_name(c.item_slot)","pivot":[0,8,0]},{"name":"geyser_custom_x","parent":"geyser_custom","pivot":[0,8,0]},{"name":"geyser_custom_y","parent":"geyser_custom_x","pivot":[0,8,0]},{"name":"geyser_custom_z","parent":"geyser_custom_y","pivot":[0,8,0],"cubes":[]},{"parent":"geyser_custom_z","pivot":[0,-11.4038,15.4675],"rotation":[-0,0,0],"cubes":[{"origin":[-1.5,-16,14.7175],"size":[3,38,3],"pivot":[0,-11.4038,15.4675],"uv":{"north":{"uv":[0.006,5.516],"uv_size":[0.369,4.734]},"south":{"uv":[0.006,5.516],"uv_size":[0.369,4.734]},"east":{"uv":[0.006,5.516],"uv_size":[0.369,4.734]},"west":{"uv":[0.006,5.516],"uv_size":[0.369,4.734]},"up":{"uv":[0.756,8.881],"uv_size":[0.369,0.369]},"down":{"uv":[1.131,9.244],"uv_size":[0.369,-0.369]}}}],"name":"rot_1"},{"parent":"geyser_custom_z","pivot":[9,-9,-8],"rotation":[0,-0,0],"cubes":[{"origin":[6,-10,-6],"size":[3,3,12],"pivot":[9,-9,-8],"uv":{"north":{"uv":[9.006,0.756],"uv_size":[0.369,0.369]},"south":{"uv":[9.006,1.131],"uv_size":[0.369,0.369]},"east":{"uv":[7.891,2.256],"uv_size":[1.484,0.369]},"west":{"uv":[7.891,2.631],"uv_size":[1.484,0.369]},"up":{"uv":[3.506,7.766],"uv_size":[0.369,1.484]},"down":{"uv":[3.881,9.234],"uv_size":[0.369,-1.484]}}}],"name":"rot_2"},{"parent":"geyser_custom_z","pivot":[9,-1,-8],"rotation":[0,-0,0],"cubes":[{"origin":[6,-10,-9],"size":[3,18,3],"pivot":[9,-1,-8],"uv":{"north":{"uv":[3.131,5.516],"uv_size":[0.369,2.234]},"south":{"uv":[3.881,5.516],"uv_size":[0.369,2.234]},"east":{"uv":[3.506,5.516],"uv_size":[0.369,2.234]},"west":{"uv":[5.631,4.516],"uv_size":[0.369,2.234]},"up":{"uv":[9.006,7.756],"uv_size":[0.369,0.369]},"down":{"uv":[7.881,9.369],"uv_size":[0.369,-0.369]}}}],"name":"rot_3"},{"parent":"geyser_custom_z","pivot":[9,-1,7],"rotation":[0,-0,0],"cubes":[{"origin":[6,-10,6],"size":[3,18,3],"pivot":[9,-1,7],"uv":{"north":{"uv":[6.381,4.516],"uv_size":[0.369,2.234]},"south":{"uv":[6.756,4.516],"uv_size":[0.369,2.234]},"east":{"uv":[6.756,2.266],"uv_size":[0.369,2.234]},"west":{"uv":[5.631,6.766],"uv_size":[0.369,2.234]},"up":{"uv":[9.131,0.381],"uv_size":[0.369,0.369]},"down":{"uv":[9.131,8.494],"uv_size":[0.369,-0.369]}}}],"name":"rot_4"},{"parent":"geyser_custom_z","pivot":[9,6,-8],"rotation":[0,-0,0],"cubes":[{"origin":[6,5,-6],"size":[3,3,12],"pivot":[9,6,-8],"uv":{"north":{"uv":[1.506,8.881],"uv_size":[0.369,0.369]},"south":{"uv":[1.881,8.881],"uv_size":[0.369,0.369]},"east":{"uv":[7.516,0.756],"uv_size":[1.484,0.369]},"west":{"uv":[7.516,1.131],"uv_size":[1.484,0.369]},"up":{"uv":[7.506,6.391],"uv_size":[0.369,1.484]},"down":{"uv":[3.131,9.234],"uv_size":[0.369,-1.484]}}}],"name":"rot_5"},{"parent":"geyser_custom_z","pivot":[8.5,-1,-5],"rotation":[0,-0,0],"cubes":[{"origin":[8.5,-7,-6],"size":[0,12,12],"pivot":[8.5,-1,-5],"uv":{"north":{"uv":[0,0.016],"uv_size":[0,1.484]},"south":{"uv":[0,0.016],"uv_size":[0,1.484]},"east":{"uv":[1.516,4.016],"uv_size":[1.484,1.484]},"west":{"uv":[4.016,1.516],"uv_size":[1.484,1.484]},"up":{"uv":[0,0.016],"uv_size":[0,1.484]},"down":{"uv":[0,1.484],"uv_size":[0,-1.484]}}}],"name":"rot_6"},{"parent":"geyser_custom_z","pivot":[8,-16,5],"rotation":[0,-0,0],"cubes":[{"origin":[5,-16,-7.25],"size":[3,2,13],"pivot":[8,-16,5],"uv":{"north":{"uv":[3.006,9.254],"uv_size":[0.369,0.246]},"south":{"uv":[3.381,9.254],"uv_size":[0.369,0.246]},"east":{"uv":[8.766,4.504],"uv_size":[1.609,0.246]},"west":{"uv":[6.016,8.754],"uv_size":[1.609,0.246]},"up":{"uv":[7.506,2.266],"uv_size":[0.369,1.609]},"down":{"uv":[7.506,3.859],"uv_size":[0.369,-1.609]}}},{"origin":[-1.5,-16,8.75],"size":[3,2,6],"pivot":[8,-16,5],"uv":{"north":{"uv":[3.756,9.254],"uv_size":[0.369,0.246]},"south":{"uv":[4.131,9.254],"uv_size":[0.369,0.246]},"east":{"uv":[7.637,8.754],"uv_size":[0.738,0.246]},"west":{"uv":[7.637,8.754],"uv_size":[0.738,0.246]},"up":{"uv":[4.006,3.012],"uv_size":[0.369,0.738]},"down":{"uv":[4.006,3.738],"uv_size":[0.369,-0.738]}}}],"name":"rot_7"},{"parent":"geyser_custom_z","pivot":[8,-9,-8],"rotation":[0,-0,0],"cubes":[{"origin":[-8,-9,-8],"size":[16,2,16],"pivot":[8,-9,-8],"uv":{"north":{"uv":[7.891,3.754],"uv_size":[1.984,0.246]},"south":{"uv":[7.141,8.254],"uv_size":[1.984,0.246]},"east":{"uv":[8.266,7.004],"uv_size":[1.984,0.246]},"west":{"uv":[8.266,7.254],"uv_size":[1.984,0.246]},"up":{"uv":[0.016,0.016],"uv_size":[1.984,1.984]},"down":{"uv":[0.016,3.984],"uv_size":[1.984,-1.984]}}},{"origin":[-8,-7,-8],"size":[16,4,16],"pivot":[8,-9,-8],"uv":{"north":{"uv":[5.516,0.008],"uv_size":[1.984,0.492]},"south":{"uv":[5.516,0.508],"uv_size":[1.984,0.492]},"east":{"uv":[0.391,5.508],"uv_size":[1.984,0.492]},"west":{"uv":[5.516,1.008],"uv_size":[1.984,0.492]},"up":{"uv":[2.016,0.016],"uv_size":[1.984,1.984]},"down":{"uv":[2.016,3.984],"uv_size":[1.984,-1.984]}}}],"name":"rot_8"},{"parent":"geyser_custom_z","pivot":[8,9,5],"rotation":[0,-0,0],"cubes":[{"origin":[-1.5,8,7.5],"size":[3,14,0],"pivot":[8,9,5],"uv":{"north":{"uv":[6.006,6.766],"uv_size":[0.369,1.734]},"south":{"uv":[6.381,6.766],"uv_size":[0.369,1.734]},"east":{"uv":[0,0.016],"uv_size":[0,1.734]},"west":{"uv":[0,0.016],"uv_size":[0,1.734]},"up":{"uv":[0.006,0],"uv_size":[0.369,0]},"down":{"uv":[0.006,0],"uv_size":[0.369,0]}}}],"name":"rot_9"},{"parent":"geyser_custom_z","pivot":[8,23,4.75],"rotation":[0,-0,0],"cubes":[{"origin":[-1.5,22,0.5],"size":[3,3,20],"pivot":[8,23,4.75],"uv":{"north":{"uv":[1.881,8.256],"uv_size":[0.369,0.369]},"south":{"uv":[0.381,8.881],"uv_size":[0.369,0.369]},"east":{"uv":[7.984,1.881],"uv_size":[-2.484,0.369]},"west":{"uv":[5.516,1.881],"uv_size":[2.484,0.369]},"up":{"uv":[2.381,5.516],"uv_size":[0.369,2.484]},"down":{"uv":[2.381,7.984],"uv_size":[0.369,-2.484]}}}],"name":"rot_10"},{"parent":"geyser_custom_z","pivot":[6,3,-8.5],"rotation":[0,-0,0],"cubes":[{"origin":[-6,-7,8.5],"size":[12,12,0],"pivot":[6,3,-8.5],"uv":{"north":{"uv":[0.016,4.016],"uv_size":[1.484,1.484]},"south":{"uv":[4.016,0.016],"uv_size":[1.484,1.484]},"east":{"uv":[0,0.016],"uv_size":[0,1.484]},"west":{"uv":[0,0.016],"uv_size":[0,1.484]},"up":{"uv":[0.016,0],"uv_size":[1.484,0]},"down":{"uv":[0.016,0],"uv_size":[1.484,0]}}}],"name":"rot_11"},{"parent":"geyser_custom_z","pivot":[6,6,-8],"rotation":[0,-0,0],"cubes":[{"origin":[-6,5,6],"size":[12,3,3],"pivot":[6,6,-8],"uv":{"north":{"uv":[8.016,1.881],"uv_size":[1.484,0.369]},"south":{"uv":[8.016,1.881],"uv_size":[1.484,0.369]},"east":{"uv":[7.131,9.006],"uv_size":[0.369,0.369]},"west":{"uv":[7.506,9.006],"uv_size":[0.369,0.369]},"up":{"uv":[8.266,4.756],"uv_size":[1.484,0.369]},"down":{"uv":[8.266,4.756],"uv_size":[1.484,0.369]}}},{"origin":[-6,-10,6],"size":[12,3,3],"pivot":[6,6,-8],"uv":{"north":{"uv":[8.016,1.881],"uv_size":[1.484,0.369]},"south":{"uv":[8.016,1.881],"uv_size":[1.484,0.369]},"east":{"uv":[7.131,9.006],"uv_size":[0.369,0.369]},"west":{"uv":[7.506,9.006],"uv_size":[0.369,0.369]},"up":{"uv":[8.266,4.756],"uv_size":[1.484,0.369]},"down":{"uv":[8.266,4.756],"uv_size":[1.484,0.369]}}}],"name":"rot_12"},{"parent":"geyser_custom_z","pivot":[5,-16,-8],"rotation":[0,-0,0],"cubes":[{"origin":[-8,-16,-7.25],"size":[13,2,3],"pivot":[5,-16,-8],"uv":{"north":{"uv":[8.266,7.504],"uv_size":[1.609,0.246]},"south":{"uv":[6.016,8.504],"uv_size":[1.609,0.246]},"east":{"uv":[4.006,3.754],"uv_size":[0.369,0.246]},"west":{"uv":[7.131,8.004],"uv_size":[0.369,0.246]},"up":{"uv":[7.141,4.369],"uv_size":[1.609,-0.369]},"down":{"uv":[7.141,4.744],"uv_size":[1.609,-0.369]}}}],"name":"rot_13"},{"parent":"geyser_custom_z","pivot":[0,15,7.5],"rotation":[0,-0,0],"cubes":[{"origin":[0,8,6],"size":[0,14,3],"pivot":[0,15,7.5],"uv":{"north":{"uv":[0,0.016],"uv_size":[0,1.734]},"south":{"uv":[0,0.016],"uv_size":[0,1.734]},"east":{"uv":[6.756,6.766],"uv_size":[0.369,1.734]},"west":{"uv":[7.131,2.266],"uv_size":[0.369,1.734]},"up":{"uv":[0,0.006],"uv_size":[0,0.369]},"down":{"uv":[0,0.369],"uv_size":[0,-0.369]}}}],"name":"rot_14"},{"parent":"geyser_custom_z","pivot":[-5,-16,8],"rotation":[0,-0,0],"cubes":[{"origin":[-5,-16,5.75],"size":[13,2,3],"pivot":[-5,-16,8],"uv":{"north":{"uv":[8.766,4.004],"uv_size":[1.609,0.246]},"south":{"uv":[8.766,4.254],"uv_size":[1.609,0.246]},"east":{"uv":[1.506,9.254],"uv_size":[0.369,0.246]},"west":{"uv":[1.881,9.254],"uv_size":[0.369,0.246]},"up":{"uv":[7.516,0.006],"uv_size":[1.609,0.369]},"down":{"uv":[7.516,0.369],"uv_size":[1.609,-0.369]}}}],"name":"rot_15"},{"parent":"geyser_custom_z","pivot":[-6,-9,-8],"rotation":[0,-0,0],"cubes":[{"origin":[-9,-10,-6],"size":[3,3,12],"pivot":[-6,-9,-8],"uv":{"north":{"uv":[5.631,9.006],"uv_size":[0.369,0.369]},"south":{"uv":[6.006,9.006],"uv_size":[0.369,0.369]},"east":{"uv":[7.891,3.006],"uv_size":[1.484,0.369]},"west":{"uv":[7.891,3.381],"uv_size":[1.484,0.369]},"up":{"uv":[7.881,4.766],"uv_size":[0.369,1.484]},"down":{"uv":[7.881,7.734],"uv_size":[0.369,-1.484]}}}],"name":"rot_16"},{"parent":"geyser_custom_z","pivot":[-6,-1,-8],"rotation":[0,-0,0],"cubes":[{"origin":[-9,-10,-9],"size":[3,18,3],"pivot":[-6,-1,-8],"uv":{"north":{"uv":[0.381,6.016],"uv_size":[0.369,2.234]},"south":{"uv":[1.131,6.016],"uv_size":[0.369,2.234]},"east":{"uv":[0.756,6.016],"uv_size":[0.369,2.234]},"west":{"uv":[1.506,6.016],"uv_size":[0.369,2.234]},"up":{"uv":[8.256,9.006],"uv_size":[0.369,0.369]},"down":{"uv":[8.631,9.369],"uv_size":[0.369,-0.369]}}}],"name":"rot_17"},{"parent":"geyser_custom_z","pivot":[-6,-1,7],"rotation":[0,-0,0],"cubes":[{"origin":[-9,-10,6],"size":[3,18,3],"pivot":[-6,-1,7],"uv":{"north":{"uv":[1.881,6.016],"uv_size":[0.369,2.234]},"south":{"uv":[6.006,4.516],"uv_size":[0.369,2.234]},"east":{"uv":[6.006,2.266],"uv_size":[0.369,2.234]},"west":{"uv":[6.381,2.266],"uv_size":[0.369,2.234]},"up":{"uv":[9.006,9.006],"uv_size":[0.369,0.369]},"down":{"uv":[9.131,0.369],"uv_size":[0.369,-0.369]}}}],"name":"rot_18"},{"parent":"geyser_custom_z","pivot":[-6,6,-8],"rotation":[0,-0,0],"cubes":[{"origin":[-9,5,-6],"size":[3,3,12],"pivot":[-6,6,-8],"uv":{"north":{"uv":[6.381,9.006],"uv_size":[0.369,0.369]},"south":{"uv":[6.756,9.006],"uv_size":[0.369,0.369]},"east":{"uv":[7.516,7.881],"uv_size":[1.484,0.369]},"west":{"uv":[8.016,1.506],"uv_size":[1.484,0.369]},"up":{"uv":[2.256,8.016],"uv_size":[0.369,1.484]},"down":{"uv":[2.631,9.484],"uv_size":[0.369,-1.484]}}}],"name":"rot_19"},{"parent":"geyser_custom_z","pivot":[-8,-16,-5],"rotation":[0,-0,0],"cubes":[{"origin":[-8,-16,-4.25],"size":[3,2,13],"pivot":[-8,-16,-5],"uv":{"north":{"uv":[9.131,8.754],"uv_size":[0.369,0.246]},"south":{"uv":[1.131,9.254],"uv_size":[0.369,0.246]},"east":{"uv":[7.641,8.504],"uv_size":[1.609,0.246]},"west":{"uv":[0.391,8.629],"uv_size":[1.609,0.246]},"up":{"uv":[7.131,4.766],"uv_size":[0.369,1.609]},"down":{"uv":[7.131,6.359],"uv_size":[0.369,-1.609]}}}],"name":"rot_20"},{"parent":"geyser_custom_z","pivot":[-8.5,-1,-5],"rotation":[0,-0,0],"cubes":[{"origin":[-8.5,-7,-6],"size":[0,12,12],"pivot":[-8.5,-1,-5],"uv":{"north":{"uv":[0,0.016],"uv_size":[0,1.484]},"south":{"uv":[0,0.016],"uv_size":[0,1.484]},"east":{"uv":[3.016,4.016],"uv_size":[1.484,1.484]},"west":{"uv":[4.516,3.016],"uv_size":[1.484,1.484]},"up":{"uv":[0,0.016],"uv_size":[0,1.484]},"down":{"uv":[0,1.484],"uv_size":[0,-1.484]}}}],"name":"rot_21"}]}]}
