{"format_version":"1.16.0","minecraft:geometry":[{"description":{"identifier":"geometry.geyser_custom.geo_d14e274","texture_width":16,"texture_height":16,"visible_bounds_width":4,"visible_bounds_height":4.5,"visible_bounds_offset":[0,0.75,0]},"bones":[{"name":"geyser_custom","binding":"c.item_slot == 'head' ? 'head' : q.item_slot_to_bone_name(c.item_slot)","pivot":[0,8,0]},{"name":"geyser_custom_x","parent":"geyser_custom","pivot":[0,8,0]},{"name":"geyser_custom_y","parent":"geyser_custom_x","pivot":[0,8,0]},{"name":"geyser_custom_z","parent":"geyser_custom_y","pivot":[0,8,0],"cubes":[{"origin":[-8,2,-8],"size":[16,2,16],"uv":{"north":{"uv":[11.516,2.008],"uv_size":[3.984,0.492]},"south":{"uv":[11.516,3.008],"uv_size":[3.984,0.492]},"east":{"uv":[11.516,2.508],"uv_size":[3.984,0.492]},"west":{"uv":[11.516,3.508],"uv_size":[3.984,0.492]},"up":{"uv":[4.016,0.016],"uv_size":[3.984,3.984]},"down":{"uv":[4.016,7.984],"uv_size":[3.984,-3.984]}}},{"origin":[-7,0,4],"size":[3,14,3],"uv":{"north":{"uv":[10.262,6.516],"uv_size":[0.738,3.484]},"south":{"uv":[11.012,6.516],"uv_size":[0.738,3.484]},"east":{"uv":[10.762,10.016],"uv_size":[0.738,3.484]},"west":{"uv":[0.012,11.516],"uv_size":[0.738,3.484]},"up":{"uv":[6.512,11.512],"uv_size":[0.738,0.738]},"down":{"uv":[11.512,10.738],"uv_size":[0.738,-0.738]}}},{"origin":[-7,0,-7],"size":[3,14,3],"uv":{"north":{"uv":[4.262,9.016],"uv_size":[0.738,3.484]},"south":{"uv":[5.762,9.016],"uv_size":[0.738,3.484]},"east":{"uv":[5.012,9.016],"uv_size":[0.738,3.484]},"west":{"uv":[9.512,6.516],"uv_size":[0.738,3.484]},"up":{"uv":[2.262,11.512],"uv_size":[0.738,0.738]},"down":{"uv":[11.512,4.738],"uv_size":[0.738,-0.738]}}}]},{"parent":"geyser_custom_z","pivot":[8,10,-8],"rotation":[0,-0,0],"cubes":[{"origin":[-6.975,10,-6.975],"size":[13.95,4,13.95],"pivot":[8,10,-8],"uv":{"north":{"uv":[3.516,8.016],"uv_size":[3.484,0.984]},"south":{"uv":[8.016,4.516],"uv_size":[3.484,0.984]},"east":{"uv":[8.016,3.516],"uv_size":[3.484,0.984]},"west":{"uv":[8.016,5.516],"uv_size":[3.484,0.984]},"up":{"uv":[0.016,8.016],"uv_size":[3.484,3.484]},"down":{"uv":[8.016,3.484],"uv_size":[3.484,-3.484]}}}],"name":"rot_1"},{"parent":"geyser_custom_z","pivot":[8,12,-8],"rotation":[0,-0,0],"cubes":[{"origin":[-8,14,-8],"size":[16,2,16],"pivot":[8,12,-8],"uv":{"north":{"uv":[11.516,2.008],"uv_size":[3.984,0.492]},"south":{"uv":[11.516,3.008],"uv_size":[3.984,0.492]},"east":{"uv":[11.516,2.508],"uv_size":[3.984,0.492]},"west":{"uv":[11.516,3.508],"uv_size":[3.984,0.492]},"up":{"uv":[4.016,0.016],"uv_size":[3.984,3.984]},"down":{"uv":[4.016,7.984],"uv_size":[3.984,-3.984]}}}],"name":"rot_2"},{"parent":"geyser_custom_z","pivot":[-8,0,-8],"rotation":[0,-0,0],"cubes":[{"origin":[4,0,4],"size":[3,14,3],"pivot":[-8,0,-8],"uv":{"north":{"uv":[7.762,10.016],"uv_size":[0.738,3.484]},"south":{"uv":[9.262,10.016],"uv_size":[0.738,3.484]},"east":{"uv":[8.512,10.016],"uv_size":[0.738,3.484]},"west":{"uv":[10.012,10.016],"uv_size":[0.738,3.484]},"up":{"uv":[11.512,4.762],"uv_size":[0.738,0.738]},"down":{"uv":[11.512,6.238],"uv_size":[0.738,-0.738]}}},{"origin":[4,0,-7],"size":[3,14,3],"pivot":[-8,0,-8],"uv":{"north":{"uv":[8.012,6.516],"uv_size":[0.738,3.484]},"south":{"uv":[8.762,6.516],"uv_size":[0.738,3.484]},"east":{"uv":[7.012,8.016],"uv_size":[0.738,3.484]},"west":{"uv":[3.512,9.016],"uv_size":[0.738,3.484]},"up":{"uv":[0.762,11.512],"uv_size":[0.738,0.738]},"down":{"uv":[1.512,12.238],"uv_size":[0.738,-0.738]}}}],"name":"rot_3"}]}]}
