{"format_version":"1.16.0","minecraft:geometry":[{"description":{"identifier":"geometry.geyser_custom.geo_470c096","texture_width":16,"texture_height":16,"visible_bounds_width":4,"visible_bounds_height":4.5,"visible_bounds_offset":[0,0.75,0]},"bones":[{"name":"geyser_custom","binding":"c.item_slot == 'head' ? 'head' : q.item_slot_to_bone_name(c.item_slot)","pivot":[0,8,0]},{"name":"geyser_custom_x","parent":"geyser_custom","pivot":[0,8,0]},{"name":"geyser_custom_y","parent":"geyser_custom_x","pivot":[0,8,0]},{"name":"geyser_custom_z","parent":"geyser_custom_y","pivot":[0,8,0],"cubes":[]},{"parent":"geyser_custom_z","pivot":[0,8,0],"rotation":[0,-0,0],"cubes":[{"origin":[14,2,-16],"size":[2,4,32],"pivot":[0,8,0],"uv":{"north":{"uv":[7.492,6.254],"uv_size":[-0.492,0.246]},"south":{"uv":[7.008,6.254],"uv_size":[0.492,0.246]},"east":{"uv":[1.492,6.984],"uv_size":[-0.492,-3.984]},"west":{"uv":[1.492,6.984],"uv_size":[-0.492,-3.984]},"up":{"uv":[10.984,1.996],"uv_size":[-3.984,-0.246]},"down":{"uv":[10.984,2.246],"uv_size":[-3.984,-0.246]}}},{"origin":[-1,2,-16],"size":[2,4,32],"pivot":[0,8,0],"uv":{"north":{"uv":[7.492,6.254],"uv_size":[-0.492,0.246]},"south":{"uv":[7.008,6.254],"uv_size":[0.492,0.246]},"east":{"uv":[1.492,6.984],"uv_size":[-0.492,-3.984]},"west":{"uv":[1.492,6.984],"uv_size":[-0.492,-3.984]},"up":{"uv":[10.984,1.996],"uv_size":[-3.984,-0.246]},"down":{"uv":[10.984,2.246],"uv_size":[-3.984,-0.246]}}},{"origin":[-16,2,-16],"size":[2,4,32],"pivot":[0,8,0],"uv":{"north":{"uv":[7.492,6.254],"uv_size":[-0.492,0.246]},"south":{"uv":[7.008,6.254],"uv_size":[0.492,0.246]},"east":{"uv":[1.492,6.984],"uv_size":[-0.492,-3.984]},"west":{"uv":[1.492,6.984],"uv_size":[-0.492,-3.984]},"up":{"uv":[10.984,1.996],"uv_size":[-3.984,-0.246]},"down":{"uv":[10.984,2.246],"uv_size":[-3.984,-0.246]}}},{"origin":[-16,6,-16],"size":[32,2,4],"pivot":[0,8,0],"uv":{"north":{"uv":[7.016,1.754],"uv_size":[3.984,0.246]},"south":{"uv":[7.016,2.004],"uv_size":[3.984,0.246]},"east":{"uv":[7.492,6.254],"uv_size":[-0.492,0.246]},"west":{"uv":[7.008,6.254],"uv_size":[0.492,0.246]},"up":{"uv":[1.008,3.016],"uv_size":[0.492,3.984]},"down":{"uv":[1.008,3.016],"uv_size":[0.492,3.984]}}},{"origin":[-16,6,-9],"size":[32,2,4],"pivot":[0,8,0],"uv":{"north":{"uv":[7.016,1.754],"uv_size":[3.984,0.246]},"south":{"uv":[7.016,2.004],"uv_size":[3.984,0.246]},"east":{"uv":[7.492,6.254],"uv_size":[-0.492,0.246]},"west":{"uv":[7.008,6.254],"uv_size":[0.492,0.246]},"up":{"uv":[1.008,3.016],"uv_size":[0.492,3.984]},"down":{"uv":[1.008,3.016],"uv_size":[0.492,3.984]}}},{"origin":[-16,6,-2],"size":[32,2,4],"pivot":[0,8,0],"uv":{"north":{"uv":[7.016,1.754],"uv_size":[3.984,0.246]},"south":{"uv":[7.016,2.004],"uv_size":[3.984,0.246]},"east":{"uv":[7.492,6.254],"uv_size":[-0.492,0.246]},"west":{"uv":[7.008,6.254],"uv_size":[0.492,0.246]},"up":{"uv":[1.008,3.016],"uv_size":[0.492,3.984]},"down":{"uv":[1.008,3.016],"uv_size":[0.492,3.984]}}},{"origin":[-16,6,5],"size":[32,2,4],"pivot":[0,8,0],"uv":{"north":{"uv":[7.016,1.754],"uv_size":[3.984,0.246]},"south":{"uv":[7.016,2.004],"uv_size":[3.984,0.246]},"east":{"uv":[7.492,6.254],"uv_size":[-0.492,0.246]},"west":{"uv":[7.008,6.254],"uv_size":[0.492,0.246]},"up":{"uv":[1.008,3.016],"uv_size":[0.492,3.984]},"down":{"uv":[1.008,3.016],"uv_size":[0.492,3.984]}}},{"origin":[-16,6,12],"size":[32,2,4],"pivot":[0,8,0],"uv":{"north":{"uv":[7.016,1.754],"uv_size":[3.984,0.246]},"south":{"uv":[7.016,2.004],"uv_size":[3.984,0.246]},"east":{"uv":[7.492,6.254],"uv_size":[-0.492,0.246]},"west":{"uv":[7.008,6.254],"uv_size":[0.492,0.246]},"up":{"uv":[1.008,3.016],"uv_size":[0.492,3.984]},"down":{"uv":[1.008,3.016],"uv_size":[0.492,3.984]}}},{"origin":[-16,0,-16],"size":[32,2,4],"pivot":[0,8,0],"uv":{"north":{"uv":[7.016,1.754],"uv_size":[3.984,0.246]},"south":{"uv":[7.016,2.004],"uv_size":[3.984,0.246]},"east":{"uv":[7.492,6.254],"uv_size":[-0.492,0.246]},"west":{"uv":[7.008,6.254],"uv_size":[0.492,0.246]},"up":{"uv":[1.008,3.016],"uv_size":[0.492,3.984]},"down":{"uv":[1.008,3.016],"uv_size":[0.492,3.984]}}},{"origin":[-16,0,-9],"size":[32,2,4],"pivot":[0,8,0],"uv":{"north":{"uv":[7.016,1.754],"uv_size":[3.984,0.246]},"south":{"uv":[7.016,2.004],"uv_size":[3.984,0.246]},"east":{"uv":[7.492,6.254],"uv_size":[-0.492,0.246]},"west":{"uv":[7.008,6.254],"uv_size":[0.492,0.246]},"up":{"uv":[1.008,3.016],"uv_size":[0.492,3.984]},"down":{"uv":[1.008,3.016],"uv_size":[0.492,3.984]}}},{"origin":[-16,0,12],"size":[32,2,4],"pivot":[0,8,0],"uv":{"north":{"uv":[7.016,1.754],"uv_size":[3.984,0.246]},"south":{"uv":[7.016,2.004],"uv_size":[3.984,0.246]},"east":{"uv":[7.492,6.254],"uv_size":[-0.492,0.246]},"west":{"uv":[7.008,6.254],"uv_size":[0.492,0.246]},"up":{"uv":[1.008,3.016],"uv_size":[0.492,3.984]},"down":{"uv":[1.008,3.016],"uv_size":[0.492,3.984]}}},{"origin":[-16,0,-2],"size":[32,2,4],"pivot":[0,8,0],"uv":{"north":{"uv":[7.016,1.754],"uv_size":[3.984,0.246]},"south":{"uv":[7.016,2.004],"uv_size":[3.984,0.246]},"east":{"uv":[7.492,6.254],"uv_size":[-0.492,0.246]},"west":{"uv":[7.008,6.254],"uv_size":[0.492,0.246]},"up":{"uv":[1.008,3.016],"uv_size":[0.492,3.984]},"down":{"uv":[1.008,3.016],"uv_size":[0.492,3.984]}}},{"origin":[-16,0,5],"size":[32,2,4],"pivot":[0,8,0],"uv":{"north":{"uv":[7.016,1.754],"uv_size":[3.984,0.246]},"south":{"uv":[7.016,2.004],"uv_size":[3.984,0.246]},"east":{"uv":[7.492,6.254],"uv_size":[-0.492,0.246]},"west":{"uv":[7.008,6.254],"uv_size":[0.492,0.246]},"up":{"uv":[1.008,3.016],"uv_size":[0.492,3.984]},"down":{"uv":[1.008,3.016],"uv_size":[0.492,3.984]}}}],"name":"rot_1"},{"parent":"geyser_custom_z","pivot":[0,8,0],"rotation":[0,-45,0],"cubes":[{"origin":[-16,10,-16],"size":[32,4,2],"pivot":[0,8,0],"uv":{"north":{"uv":[1.492,6.984],"uv_size":[-0.492,-3.984]},"south":{"uv":[1.492,6.984],"uv_size":[-0.492,-3.984]},"east":{"uv":[7.492,6.254],"uv_size":[-0.492,0.246]},"west":{"uv":[7.008,6.254],"uv_size":[0.492,0.246]},"up":{"uv":[10.984,1.996],"uv_size":[-3.984,-0.246]},"down":{"uv":[10.984,2.246],"uv_size":[-3.984,-0.246]}}},{"origin":[-16,10,-1],"size":[32,4,2],"pivot":[0,8,0],"uv":{"north":{"uv":[1.492,6.984],"uv_size":[-0.492,-3.984]},"south":{"uv":[1.492,6.984],"uv_size":[-0.492,-3.984]},"east":{"uv":[7.492,6.254],"uv_size":[-0.492,0.246]},"west":{"uv":[7.008,6.254],"uv_size":[0.492,0.246]},"up":{"uv":[10.984,1.996],"uv_size":[-3.984,-0.246]},"down":{"uv":[10.984,2.246],"uv_size":[-3.984,-0.246]}}},{"origin":[-16,10,14],"size":[32,4,2],"pivot":[0,8,0],"uv":{"north":{"uv":[1.492,6.984],"uv_size":[-0.492,-3.984]},"south":{"uv":[1.492,6.984],"uv_size":[-0.492,-3.984]},"east":{"uv":[7.492,6.254],"uv_size":[-0.492,0.246]},"west":{"uv":[7.008,6.254],"uv_size":[0.492,0.246]},"up":{"uv":[10.984,1.996],"uv_size":[-3.984,-0.246]},"down":{"uv":[10.984,2.246],"uv_size":[-3.984,-0.246]}}},{"origin":[-16,14,-16],"size":[4,2,32],"pivot":[0,8,0],"uv":{"north":{"uv":[7.008,6.254],"uv_size":[0.492,0.246]},"south":{"uv":[7.492,6.254],"uv_size":[-0.492,0.246]},"east":{"uv":[7.016,1.754],"uv_size":[3.984,0.246]},"west":{"uv":[7.016,2.004],"uv_size":[3.984,0.246]},"up":{"uv":[1.008,3.016],"uv_size":[0.492,3.984]},"down":{"uv":[1.008,3.016],"uv_size":[0.492,3.984]}}},{"origin":[-9,14,-16],"size":[4,2,32],"pivot":[0,8,0],"uv":{"north":{"uv":[7.008,6.254],"uv_size":[0.492,0.246]},"south":{"uv":[7.492,6.254],"uv_size":[-0.492,0.246]},"east":{"uv":[7.016,1.754],"uv_size":[3.984,0.246]},"west":{"uv":[7.016,2.004],"uv_size":[3.984,0.246]},"up":{"uv":[1.008,3.016],"uv_size":[0.492,3.984]},"down":{"uv":[1.008,3.016],"uv_size":[0.492,3.984]}}},{"origin":[-2,14,-16],"size":[4,2,32],"pivot":[0,8,0],"uv":{"north":{"uv":[7.008,6.254],"uv_size":[0.492,0.246]},"south":{"uv":[7.492,6.254],"uv_size":[-0.492,0.246]},"east":{"uv":[7.016,1.754],"uv_size":[3.984,0.246]},"west":{"uv":[7.016,2.004],"uv_size":[3.984,0.246]},"up":{"uv":[1.008,3.016],"uv_size":[0.492,3.984]},"down":{"uv":[1.008,3.016],"uv_size":[0.492,3.984]}}},{"origin":[5,14,-16],"size":[4,2,32],"pivot":[0,8,0],"uv":{"north":{"uv":[7.008,6.254],"uv_size":[0.492,0.246]},"south":{"uv":[7.492,6.254],"uv_size":[-0.492,0.246]},"east":{"uv":[7.016,1.754],"uv_size":[3.984,0.246]},"west":{"uv":[7.016,2.004],"uv_size":[3.984,0.246]},"up":{"uv":[1.008,3.016],"uv_size":[0.492,3.984]},"down":{"uv":[1.008,3.016],"uv_size":[0.492,3.984]}}},{"origin":[12,14,-16],"size":[4,2,32],"pivot":[0,8,0],"uv":{"north":{"uv":[7.008,6.254],"uv_size":[0.492,0.246]},"south":{"uv":[7.492,6.254],"uv_size":[-0.492,0.246]},"east":{"uv":[7.016,1.754],"uv_size":[3.984,0.246]},"west":{"uv":[7.016,2.004],"uv_size":[3.984,0.246]},"up":{"uv":[1.008,3.016],"uv_size":[0.492,3.984]},"down":{"uv":[1.008,3.016],"uv_size":[0.492,3.984]}}},{"origin":[-16,8,-16],"size":[4,2,32],"pivot":[0,8,0],"uv":{"north":{"uv":[7.008,6.254],"uv_size":[0.492,0.246]},"south":{"uv":[7.492,6.254],"uv_size":[-0.492,0.246]},"east":{"uv":[7.016,1.754],"uv_size":[3.984,0.246]},"west":{"uv":[7.016,2.004],"uv_size":[3.984,0.246]},"up":{"uv":[1.008,3.016],"uv_size":[0.492,3.984]},"down":{"uv":[1.008,3.016],"uv_size":[0.492,3.984]}}},{"origin":[-9,8,-16],"size":[4,2,32],"pivot":[0,8,0],"uv":{"north":{"uv":[7.008,6.254],"uv_size":[0.492,0.246]},"south":{"uv":[7.492,6.254],"uv_size":[-0.492,0.246]},"east":{"uv":[7.016,1.754],"uv_size":[3.984,0.246]},"west":{"uv":[7.016,2.004],"uv_size":[3.984,0.246]},"up":{"uv":[1.008,3.016],"uv_size":[0.492,3.984]},"down":{"uv":[1.008,3.016],"uv_size":[0.492,3.984]}}},{"origin":[12,8,-16],"size":[4,2,32],"pivot":[0,8,0],"uv":{"north":{"uv":[7.008,6.254],"uv_size":[0.492,0.246]},"south":{"uv":[7.492,6.254],"uv_size":[-0.492,0.246]},"east":{"uv":[7.016,1.754],"uv_size":[3.984,0.246]},"west":{"uv":[7.016,2.004],"uv_size":[3.984,0.246]},"up":{"uv":[1.008,3.016],"uv_size":[0.492,3.984]},"down":{"uv":[1.008,3.016],"uv_size":[0.492,3.984]}}},{"origin":[-2,8,-16],"size":[4,2,32],"pivot":[0,8,0],"uv":{"north":{"uv":[7.008,6.254],"uv_size":[0.492,0.246]},"south":{"uv":[7.492,6.254],"uv_size":[-0.492,0.246]},"east":{"uv":[7.016,1.754],"uv_size":[3.984,0.246]},"west":{"uv":[7.016,2.004],"uv_size":[3.984,0.246]},"up":{"uv":[1.008,3.016],"uv_size":[0.492,3.984]},"down":{"uv":[1.008,3.016],"uv_size":[0.492,3.984]}}},{"origin":[5,8,-16],"size":[4,2,32],"pivot":[0,8,0],"uv":{"north":{"uv":[7.008,6.254],"uv_size":[0.492,0.246]},"south":{"uv":[7.492,6.254],"uv_size":[-0.492,0.246]},"east":{"uv":[7.016,1.754],"uv_size":[3.984,0.246]},"west":{"uv":[7.016,2.004],"uv_size":[3.984,0.246]},"up":{"uv":[1.008,3.016],"uv_size":[0.492,3.984]},"down":{"uv":[1.008,3.016],"uv_size":[0.492,3.984]}}}],"name":"rot_2"}]}]}
