{"format_version":"1.16.0","minecraft:geometry":[{"description":{"identifier":"geometry.geyser_custom.geo_aa25aff","texture_width":16,"texture_height":16,"visible_bounds_width":4,"visible_bounds_height":4.5,"visible_bounds_offset":[0,0.75,0]},"bones":[{"name":"geyser_custom","binding":"c.item_slot == 'head' ? 'head' : q.item_slot_to_bone_name(c.item_slot)","pivot":[0,8,0]},{"name":"geyser_custom_x","parent":"geyser_custom","pivot":[0,8,0]},{"name":"geyser_custom_y","parent":"geyser_custom_x","pivot":[0,8,0]},{"name":"geyser_custom_z","parent":"geyser_custom_y","pivot":[0,8,0],"cubes":[]},{"parent":"geyser_custom_z","pivot":[28,-3,0],"rotation":[0,-0,0],"cubes":[{"origin":[12,0,-16],"size":[4,2,32],"pivot":[28,-3,0],"uv":{"north":{"uv":[7.008,6.254],"uv_size":[0.492,0.246]},"south":{"uv":[7.492,6.254],"uv_size":[-0.492,0.246]},"east":{"uv":[7.016,1.754],"uv_size":[3.984,0.246]},"west":{"uv":[7.016,2.004],"uv_size":[3.984,0.246]},"up":{"uv":[1.008,3.016],"uv_size":[0.492,3.984]},"down":{"uv":[1.008,3.016],"uv_size":[0.492,3.984]}}}],"name":"rot_1"},{"parent":"geyser_custom_z","pivot":[28,3,0],"rotation":[0,-0,0],"cubes":[{"origin":[12,6,-16],"size":[4,2,32],"pivot":[28,3,0],"uv":{"north":{"uv":[7.008,6.254],"uv_size":[0.492,0.246]},"south":{"uv":[7.492,6.254],"uv_size":[-0.492,0.246]},"east":{"uv":[7.016,1.754],"uv_size":[3.984,0.246]},"west":{"uv":[7.016,2.004],"uv_size":[3.984,0.246]},"up":{"uv":[1.008,3.016],"uv_size":[0.492,3.984]},"down":{"uv":[1.008,3.016],"uv_size":[0.492,3.984]}}}],"name":"rot_2"},{"parent":"geyser_custom_z","pivot":[21,-3,0],"rotation":[0,-0,0],"cubes":[{"origin":[5,0,-16],"size":[4,2,32],"pivot":[21,-3,0],"uv":{"north":{"uv":[7.008,6.254],"uv_size":[0.492,0.246]},"south":{"uv":[7.492,6.254],"uv_size":[-0.492,0.246]},"east":{"uv":[7.016,1.754],"uv_size":[3.984,0.246]},"west":{"uv":[7.016,2.004],"uv_size":[3.984,0.246]},"up":{"uv":[1.008,3.016],"uv_size":[0.492,3.984]},"down":{"uv":[1.008,3.016],"uv_size":[0.492,3.984]}}}],"name":"rot_3"},{"parent":"geyser_custom_z","pivot":[21,3,0],"rotation":[0,-0,0],"cubes":[{"origin":[5,6,-16],"size":[4,2,32],"pivot":[21,3,0],"uv":{"north":{"uv":[7.008,6.254],"uv_size":[0.492,0.246]},"south":{"uv":[7.492,6.254],"uv_size":[-0.492,0.246]},"east":{"uv":[7.016,1.754],"uv_size":[3.984,0.246]},"west":{"uv":[7.016,2.004],"uv_size":[3.984,0.246]},"up":{"uv":[1.008,3.016],"uv_size":[0.492,3.984]},"down":{"uv":[1.008,3.016],"uv_size":[0.492,3.984]}}}],"name":"rot_4"},{"parent":"geyser_custom_z","pivot":[14,-3,0],"rotation":[0,-0,0],"cubes":[{"origin":[-2,0,-16],"size":[4,2,32],"pivot":[14,-3,0],"uv":{"north":{"uv":[7.008,6.254],"uv_size":[0.492,0.246]},"south":{"uv":[7.492,6.254],"uv_size":[-0.492,0.246]},"east":{"uv":[7.016,1.754],"uv_size":[3.984,0.246]},"west":{"uv":[7.016,2.004],"uv_size":[3.984,0.246]},"up":{"uv":[1.008,3.016],"uv_size":[0.492,3.984]},"down":{"uv":[1.008,3.016],"uv_size":[0.492,3.984]}}}],"name":"rot_5"},{"parent":"geyser_custom_z","pivot":[14,3,0],"rotation":[0,-0,0],"cubes":[{"origin":[-2,6,-16],"size":[4,2,32],"pivot":[14,3,0],"uv":{"north":{"uv":[7.008,6.254],"uv_size":[0.492,0.246]},"south":{"uv":[7.492,6.254],"uv_size":[-0.492,0.246]},"east":{"uv":[7.016,1.754],"uv_size":[3.984,0.246]},"west":{"uv":[7.016,2.004],"uv_size":[3.984,0.246]},"up":{"uv":[1.008,3.016],"uv_size":[0.492,3.984]},"down":{"uv":[1.008,3.016],"uv_size":[0.492,3.984]}}}],"name":"rot_6"},{"parent":"geyser_custom_z","pivot":[8,10,-1],"rotation":[0,-0,0],"cubes":[{"origin":[-16,2,-16],"size":[32,4,2],"pivot":[8,10,-1],"uv":{"north":{"uv":[1.492,6.984],"uv_size":[-0.492,-3.984]},"south":{"uv":[1.492,6.984],"uv_size":[-0.492,-3.984]},"east":{"uv":[7.492,6.254],"uv_size":[-0.492,0.246]},"west":{"uv":[7.008,6.254],"uv_size":[0.492,0.246]},"up":{"uv":[10.984,1.996],"uv_size":[-3.984,-0.246]},"down":{"uv":[10.984,2.246],"uv_size":[-3.984,-0.246]}}},{"origin":[-16,2,-1],"size":[32,4,2],"pivot":[8,10,-1],"uv":{"north":{"uv":[1.492,6.984],"uv_size":[-0.492,-3.984]},"south":{"uv":[1.492,6.984],"uv_size":[-0.492,-3.984]},"east":{"uv":[7.492,6.254],"uv_size":[-0.492,0.246]},"west":{"uv":[7.008,6.254],"uv_size":[0.492,0.246]},"up":{"uv":[10.984,1.996],"uv_size":[-3.984,-0.246]},"down":{"uv":[10.984,2.246],"uv_size":[-3.984,-0.246]}}},{"origin":[-16,2,14],"size":[32,4,2],"pivot":[8,10,-1],"uv":{"north":{"uv":[1.492,6.984],"uv_size":[-0.492,-3.984]},"south":{"uv":[1.492,6.984],"uv_size":[-0.492,-3.984]},"east":{"uv":[7.492,6.254],"uv_size":[-0.492,0.246]},"west":{"uv":[7.008,6.254],"uv_size":[0.492,0.246]},"up":{"uv":[10.984,1.996],"uv_size":[-3.984,-0.246]},"down":{"uv":[10.984,2.246],"uv_size":[-3.984,-0.246]}}}],"name":"rot_7"},{"parent":"geyser_custom_z","pivot":[7,-3,0],"rotation":[0,-0,0],"cubes":[{"origin":[-9,0,-16],"size":[4,2,32],"pivot":[7,-3,0],"uv":{"north":{"uv":[7.008,6.254],"uv_size":[0.492,0.246]},"south":{"uv":[7.492,6.254],"uv_size":[-0.492,0.246]},"east":{"uv":[7.016,1.754],"uv_size":[3.984,0.246]},"west":{"uv":[7.016,2.004],"uv_size":[3.984,0.246]},"up":{"uv":[1.008,3.016],"uv_size":[0.492,3.984]},"down":{"uv":[1.008,3.016],"uv_size":[0.492,3.984]}}}],"name":"rot_8"},{"parent":"geyser_custom_z","pivot":[7,3,0],"rotation":[0,-0,0],"cubes":[{"origin":[-9,6,-16],"size":[4,2,32],"pivot":[7,3,0],"uv":{"north":{"uv":[7.008,6.254],"uv_size":[0.492,0.246]},"south":{"uv":[7.492,6.254],"uv_size":[-0.492,0.246]},"east":{"uv":[7.016,1.754],"uv_size":[3.984,0.246]},"west":{"uv":[7.016,2.004],"uv_size":[3.984,0.246]},"up":{"uv":[1.008,3.016],"uv_size":[0.492,3.984]},"down":{"uv":[1.008,3.016],"uv_size":[0.492,3.984]}}}],"name":"rot_9"},{"parent":"geyser_custom_z","pivot":[0,-3,0],"rotation":[0,-0,0],"cubes":[{"origin":[-16,0,-16],"size":[4,2,32],"pivot":[0,-3,0],"uv":{"north":{"uv":[7.008,6.254],"uv_size":[0.492,0.246]},"south":{"uv":[7.492,6.254],"uv_size":[-0.492,0.246]},"east":{"uv":[7.016,1.754],"uv_size":[3.984,0.246]},"west":{"uv":[7.016,2.004],"uv_size":[3.984,0.246]},"up":{"uv":[1.008,3.016],"uv_size":[0.492,3.984]},"down":{"uv":[1.008,3.016],"uv_size":[0.492,3.984]}}}],"name":"rot_10"},{"parent":"geyser_custom_z","pivot":[0,3,0],"rotation":[0,-0,0],"cubes":[{"origin":[-16,6,-16],"size":[4,2,32],"pivot":[0,3,0],"uv":{"north":{"uv":[7.008,6.254],"uv_size":[0.492,0.246]},"south":{"uv":[7.492,6.254],"uv_size":[-0.492,0.246]},"east":{"uv":[7.016,1.754],"uv_size":[3.984,0.246]},"west":{"uv":[7.016,2.004],"uv_size":[3.984,0.246]},"up":{"uv":[1.008,3.016],"uv_size":[0.492,3.984]},"down":{"uv":[1.008,3.016],"uv_size":[0.492,3.984]}}}],"name":"rot_11"}]}]}
