{"format_version":"1.16.0","minecraft:geometry":[{"description":{"identifier":"geometry.geyser_custom.geo_41a396f","texture_width":16,"texture_height":16,"visible_bounds_width":4,"visible_bounds_height":4.5,"visible_bounds_offset":[0,0.75,0]},"bones":[{"name":"geyser_custom","binding":"c.item_slot == 'head' ? 'head' : q.item_slot_to_bone_name(c.item_slot)","pivot":[0,8,0]},{"name":"geyser_custom_x","parent":"geyser_custom","pivot":[0,8,0]},{"name":"geyser_custom_y","parent":"geyser_custom_x","pivot":[0,8,0]},{"name":"geyser_custom_z","parent":"geyser_custom_y","pivot":[0,8,0],"cubes":[]},{"parent":"geyser_custom_z","pivot":[4.9498,13.636,-6.5],"rotation":[0,0,-45],"cubes":[{"origin":[3.9248,5.611,-10.025],"size":[2.05,16.05,20.05],"pivot":[4.9498,13.636,-6.5],"uv":{"north":{"uv":[6.754,0.016],"uv_size":[0.246,1.984]},"south":{"uv":[6.996,0.016],"uv_size":[-0.246,1.984]},"east":{"uv":[0.016,2.016],"uv_size":[2.484,1.984]},"west":{"uv":[0.016,2.016],"uv_size":[2.484,1.984]},"up":{"uv":[6.004,6.141],"uv_size":[0.246,2.484]},"down":{"uv":[6.254,8.609],"uv_size":[0.246,-2.484]}}}],"name":"rot_1"},{"parent":"geyser_custom_z","pivot":[7,0,-9],"rotation":[0,-0,0],"cubes":[{"origin":[5,0,-9],"size":[3,16,3],"pivot":[7,0,-9],"uv":{"north":{"uv":[1.506,6.141],"uv_size":[0.369,1.984]},"south":{"uv":[2.256,6.141],"uv_size":[0.369,1.984]},"east":{"uv":[1.881,6.141],"uv_size":[0.369,1.984]},"west":{"uv":[2.631,6.141],"uv_size":[0.369,1.984]},"up":{"uv":[5.006,2.881],"uv_size":[0.369,0.369]},"down":{"uv":[5.006,3.619],"uv_size":[0.369,-0.369]}}}],"name":"rot_2"},{"parent":"geyser_custom_z","pivot":[7,0,6],"rotation":[0,-0,0],"cubes":[{"origin":[5,0,6],"size":[3,16,3],"pivot":[7,0,6],"uv":{"north":{"uv":[4.506,6.141],"uv_size":[0.369,1.984]},"south":{"uv":[5.256,6.141],"uv_size":[0.369,1.984]},"east":{"uv":[4.881,6.141],"uv_size":[0.369,1.984]},"west":{"uv":[5.631,6.141],"uv_size":[0.369,1.984]},"up":{"uv":[5.381,2.506],"uv_size":[0.369,0.369]},"down":{"uv":[5.381,3.244],"uv_size":[0.369,-0.369]}}}],"name":"rot_3"},{"parent":"geyser_custom_z","pivot":[4,0,-7],"rotation":[0,-0,0],"cubes":[{"origin":[-7,0,-8],"size":[14,17,16],"pivot":[4,0,-7],"uv":{"north":{"uv":[4.016,4.016],"uv_size":[1.734,2.109]},"south":{"uv":[5.016,0.016],"uv_size":[1.734,2.109]},"east":{"uv":[2.016,4.016],"uv_size":[1.984,2.109]},"west":{"uv":[2.016,4.016],"uv_size":[1.984,2.109]},"up":{"uv":[5.766,2.141],"uv_size":[1.734,1.984]},"down":{"uv":[5.766,6.109],"uv_size":[1.734,-1.984]}}},{"origin":[-7,0,-8],"size":[14,17,16],"pivot":[4,0,-7],"uv":{"north":{"uv":[4.016,4.016],"uv_size":[1.734,2.109]},"south":{"uv":[5.016,0.016],"uv_size":[1.734,2.109]},"east":{"uv":[2.016,4.016],"uv_size":[1.984,2.109]},"west":{"uv":[2.016,4.016],"uv_size":[1.984,2.109]},"up":{"uv":[5.766,2.141],"uv_size":[1.734,1.984]},"down":{"uv":[5.766,6.109],"uv_size":[1.734,-1.984]}}}],"name":"rot_4"},{"parent":"geyser_custom_z","pivot":[4,0.05,-7],"rotation":[0,-0,0],"cubes":[{"origin":[7,17.05,8],"size":[-14,-17,-16],"pivot":[4,0.05,-7],"uv":{"north":{"uv":[5.016,0.016],"uv_size":[1.734,2.109]},"south":{"uv":[4.016,4.016],"uv_size":[1.734,2.109]},"east":{"uv":[2.016,4.016],"uv_size":[1.984,2.109]},"west":{"uv":[2.016,4.016],"uv_size":[1.984,2.109]},"up":{"uv":[5.766,6.109],"uv_size":[1.734,-1.984]},"down":{"uv":[5.766,2.141],"uv_size":[1.734,1.984]}}}],"name":"rot_5"},{"parent":"geyser_custom_z","pivot":[-6,0,-9],"rotation":[0,-0,0],"cubes":[{"origin":[-8,0,-9],"size":[3,16,3],"pivot":[-6,0,-9],"uv":{"north":{"uv":[0.006,6.141],"uv_size":[0.369,1.984]},"south":{"uv":[0.756,6.141],"uv_size":[0.369,1.984]},"east":{"uv":[0.381,6.141],"uv_size":[0.369,1.984]},"west":{"uv":[1.131,6.141],"uv_size":[0.369,1.984]},"up":{"uv":[5.006,2.131],"uv_size":[0.369,0.369]},"down":{"uv":[5.006,2.869],"uv_size":[0.369,-0.369]}}}],"name":"rot_6"},{"parent":"geyser_custom_z","pivot":[-6,0,6],"rotation":[0,-0,0],"cubes":[{"origin":[-8,0,6],"size":[3,16,3],"pivot":[-6,0,6],"uv":{"north":{"uv":[3.006,6.141],"uv_size":[0.369,1.984]},"south":{"uv":[3.756,6.141],"uv_size":[0.369,1.984]},"east":{"uv":[3.381,6.141],"uv_size":[0.369,1.984]},"west":{"uv":[4.131,6.141],"uv_size":[0.369,1.984]},"up":{"uv":[5.006,3.631],"uv_size":[0.369,0.369]},"down":{"uv":[5.381,2.494],"uv_size":[0.369,-0.369]}}}],"name":"rot_7"},{"parent":"geyser_custom_z","pivot":[-4.9498,13.636,-6.5],"rotation":[0,0,45],"cubes":[{"origin":[-5.9498,5.636,-9.975],"size":[2,16,19.95],"pivot":[-4.9498,13.636,-6.5],"uv":{"north":{"uv":[6.996,0.016],"uv_size":[-0.246,1.984]},"south":{"uv":[6.754,0.016],"uv_size":[0.246,1.984]},"east":{"uv":[2.484,2.016],"uv_size":[-2.484,1.984]},"west":{"uv":[2.484,2.016],"uv_size":[-2.484,1.984]},"up":{"uv":[6.246,6.141],"uv_size":[-0.246,2.484]},"down":{"uv":[6.496,8.609],"uv_size":[-0.246,-2.484]}}}],"name":"rot_8"}]}]}
