{"format_version":"1.16.0","minecraft:geometry":[{"description":{"identifier":"geometry.geyser_custom.geo_7194a07","texture_width":16,"texture_height":16,"visible_bounds_width":4,"visible_bounds_height":4.5,"visible_bounds_offset":[0,0.75,0]},"bones":[{"name":"geyser_custom","binding":"c.item_slot == 'head' ? 'head' : q.item_slot_to_bone_name(c.item_slot)","pivot":[0,8,0]},{"name":"geyser_custom_x","parent":"geyser_custom","pivot":[0,8,0]},{"name":"geyser_custom_y","parent":"geyser_custom_x","pivot":[0,8,0]},{"name":"geyser_custom_z","parent":"geyser_custom_y","pivot":[0,8,0],"cubes":[]},{"parent":"geyser_custom_z","pivot":[11.575,8,6],"rotation":[45,0,0],"cubes":[{"origin":[11.075,-4,4],"size":[1,24,4],"pivot":[11.575,8,6],"uv":{"north":{"uv":[3.502,5.016],"uv_size":[0.123,2.984]},"south":{"uv":[3.627,5.016],"uv_size":[0.123,2.984]},"east":{"uv":[0.992,5.016],"uv_size":[-0.492,2.984]},"west":{"uv":[0.508,5.016],"uv_size":[0.492,2.984]},"up":{"uv":[6.502,7.008],"uv_size":[0.123,0.492]},"down":{"uv":[7.002,6.992],"uv_size":[0.123,-0.492]}}}],"name":"rot_1"},{"parent":"geyser_custom_z","pivot":[-9.425,8,6],"rotation":[45,0,0],"cubes":[{"origin":[-11.925,-4,4],"size":[1,24,4],"pivot":[-9.425,8,6],"uv":{"north":{"uv":[3.502,5.016],"uv_size":[0.123,2.984]},"south":{"uv":[3.627,5.016],"uv_size":[0.123,2.984]},"east":{"uv":[0.992,5.016],"uv_size":[-0.492,2.984]},"west":{"uv":[0.508,5.016],"uv_size":[0.492,2.984]},"up":{"uv":[6.502,7.008],"uv_size":[0.123,0.492]},"down":{"uv":[7.002,6.992],"uv_size":[0.123,-0.492]}}}],"name":"rot_2"},{"parent":"geyser_custom_z","pivot":[8,1,-32],"rotation":[0,-0,0],"cubes":[{"origin":[-16,8,-16],"size":[32,2,8],"pivot":[8,1,-32],"uv":{"north":{"uv":[5.016,5.504],"uv_size":[3.984,0.246]},"south":{"uv":[5.016,5.754],"uv_size":[3.984,0.246]},"east":{"uv":[7.016,3.004],"uv_size":[0.984,0.246]},"west":{"uv":[7.016,3.254],"uv_size":[0.984,0.246]},"up":{"uv":[0.016,4.016],"uv_size":[3.984,0.984]},"down":{"uv":[0.016,4.984],"uv_size":[3.984,-0.984]}}},{"origin":[-16,8,8],"size":[32,2,8],"pivot":[8,1,-32],"uv":{"north":{"uv":[5.016,5.504],"uv_size":[3.984,0.246]},"south":{"uv":[5.016,5.754],"uv_size":[3.984,0.246]},"east":{"uv":[7.016,3.004],"uv_size":[0.984,0.246]},"west":{"uv":[7.016,3.254],"uv_size":[0.984,0.246]},"up":{"uv":[0.016,4.016],"uv_size":[3.984,0.984]},"down":{"uv":[0.016,4.984],"uv_size":[3.984,-0.984]}}}],"name":"rot_3"},{"parent":"geyser_custom_z","pivot":[8,1,-8],"rotation":[0,-0,0],"cubes":[{"origin":[10,4,-14],"size":[1,4,28],"pivot":[8,1,-8],"uv":{"north":{"uv":[6.002,7.008],"uv_size":[0.123,0.492]},"south":{"uv":[6.127,7.008],"uv_size":[0.123,0.492]},"east":{"uv":[4.016,3.508],"uv_size":[2.984,0.492]},"west":{"uv":[4.016,3.508],"uv_size":[2.984,0.492]},"up":{"uv":[3.002,5.016],"uv_size":[0.123,2.984]},"down":{"uv":[3.127,7.984],"uv_size":[0.123,-2.984]}}},{"origin":[-16,15,-8],"size":[32,2,16],"pivot":[8,1,-8],"uv":{"north":{"uv":[5.016,5.004],"uv_size":[3.984,0.246]},"south":{"uv":[5.016,5.004],"uv_size":[3.984,0.246]},"east":{"uv":[5.016,6.504],"uv_size":[1.984,0.246]},"west":{"uv":[5.016,6.754],"uv_size":[1.984,0.246]},"up":{"uv":[0.016,0.016],"uv_size":[3.984,1.984]},"down":{"uv":[0.016,1.984],"uv_size":[3.984,-1.984]}}},{"origin":[1,17,1],"size":[-2,-2,-2],"pivot":[8,1,-8],"uv":{"north":{"uv":[4.504,7.004],"uv_size":[0.246,0.246]},"south":{"uv":[5.004,7.004],"uv_size":[0.246,0.246]},"east":{"uv":[4.754,7.004],"uv_size":[0.246,0.246]},"west":{"uv":[5.254,7.004],"uv_size":[0.246,0.246]},"up":{"uv":[5.504,7.004],"uv_size":[0.246,0.246]},"down":{"uv":[5.754,7.246],"uv_size":[0.246,-0.246]}}}],"name":"rot_4"},{"parent":"geyser_custom_z","pivot":[-13,1,-8],"rotation":[0,-0,0],"cubes":[{"origin":[-11,4,-14],"size":[1,4,28],"pivot":[-13,1,-8],"uv":{"north":{"uv":[6.002,7.008],"uv_size":[0.123,0.492]},"south":{"uv":[6.127,7.008],"uv_size":[0.123,0.492]},"east":{"uv":[4.016,3.508],"uv_size":[2.984,0.492]},"west":{"uv":[4.016,3.508],"uv_size":[2.984,0.492]},"up":{"uv":[3.002,5.016],"uv_size":[0.123,2.984]},"down":{"uv":[3.127,7.984],"uv_size":[0.123,-2.984]}}}],"name":"rot_5"},{"parent":"geyser_custom_z","pivot":[9.5,8,-6],"rotation":[-45,0,0],"cubes":[{"origin":[9,-4,-8],"size":[1,24,4],"pivot":[9.5,8,-6],"uv":{"north":{"uv":[3.252,5.016],"uv_size":[0.123,2.984]},"south":{"uv":[3.377,5.016],"uv_size":[0.123,2.984]},"east":{"uv":[4.008,4.016],"uv_size":[0.492,2.984]},"west":{"uv":[4.492,4.016],"uv_size":[-0.492,2.984]},"up":{"uv":[6.252,7.008],"uv_size":[0.123,0.492]},"down":{"uv":[6.377,7.492],"uv_size":[0.123,-0.492]}}}],"name":"rot_6"},{"parent":"geyser_custom_z","pivot":[-11.5,8,-6],"rotation":[-45,0,0],"cubes":[{"origin":[-10,-4,-8],"size":[1,24,4],"pivot":[-11.5,8,-6],"uv":{"north":{"uv":[3.252,5.016],"uv_size":[0.123,2.984]},"south":{"uv":[3.377,5.016],"uv_size":[0.123,2.984]},"east":{"uv":[4.008,4.016],"uv_size":[0.492,2.984]},"west":{"uv":[4.492,4.016],"uv_size":[-0.492,2.984]},"up":{"uv":[6.252,7.008],"uv_size":[0.123,0.492]},"down":{"uv":[6.377,7.492],"uv_size":[0.123,-0.492]}}}],"name":"rot_7"}]}]}
