{"format_version":"1.16.0","minecraft:geometry":[{"description":{"identifier":"geometry.geyser_custom.geo_83a5b0d","texture_width":16,"texture_height":16,"visible_bounds_width":4,"visible_bounds_height":4.5,"visible_bounds_offset":[0,0.75,0]},"bones":[{"name":"geyser_custom","binding":"c.item_slot == 'head' ? 'head' : q.item_slot_to_bone_name(c.item_slot)","pivot":[0,8,0]},{"name":"geyser_custom_x","parent":"geyser_custom","pivot":[0,8,0]},{"name":"geyser_custom_y","parent":"geyser_custom_x","pivot":[0,8,0]},{"name":"geyser_custom_z","parent":"geyser_custom_y","pivot":[0,8,0],"cubes":[{"origin":[-2,16,-16],"size":[4,4,32],"uv":{"north":{"uv":[7.516,8.016],"uv_size":[0.984,0.984]},"south":{"uv":[7.516,8.016],"uv_size":[0.984,0.984]},"east":{"uv":[13.484,1.016],"uv_size":[-7.984,0.984]},"west":{"uv":[5.516,1.016],"uv_size":[7.984,0.984]},"up":{"uv":[5.516,2.016],"uv_size":[0.984,7.984]},"down":{"uv":[6.484,9.984],"uv_size":[-0.984,-7.984]}}},{"origin":[0,10,-9.5],"size":[0,6,3],"uv":{"north":{"uv":[0,0.016],"uv_size":[0,1.484]},"south":{"uv":[0,0.016],"uv_size":[0,1.484]},"east":{"uv":[7.512,2.016],"uv_size":[0.738,1.484]},"west":{"uv":[7.512,3.516],"uv_size":[0.738,1.484]},"up":{"uv":[0,0.012],"uv_size":[0,0.738]},"down":{"uv":[0,0.738],"uv_size":[0,-0.738]}}},{"origin":[0,10,2.5],"size":[0,6,3],"uv":{"north":{"uv":[0,0.016],"uv_size":[0,1.484]},"south":{"uv":[0,0.016],"uv_size":[0,1.484]},"east":{"uv":[7.512,5.016],"uv_size":[0.738,1.484]},"west":{"uv":[7.512,6.516],"uv_size":[0.738,1.484]},"up":{"uv":[0,0.012],"uv_size":[0,0.738]},"down":{"uv":[0,0.738],"uv_size":[0,-0.738]}}}]},{"parent":"geyser_custom_z","pivot":[8,-1,-8],"rotation":[0,-0,0],"cubes":[{"origin":[-1,-5,-13],"size":[2,14,22],"pivot":[8,-1,-8],"uv":{"north":{"uv":[1.008,7.016],"uv_size":[0.492,3.484]},"south":{"uv":[1.508,7.016],"uv_size":[0.492,3.484]},"east":{"uv":[0.016,0.016],"uv_size":[5.484,3.484]},"west":{"uv":[5.484,0.016],"uv_size":[-5.484,3.484]},"up":{"uv":[0.008,7.016],"uv_size":[0.492,5.484]},"down":{"uv":[0.508,12.484],"uv_size":[0.492,-5.484]}}}],"name":"rot_1"},{"parent":"geyser_custom_z","pivot":[0,13,-9.5],"rotation":[0,-0,0],"cubes":[{"origin":[-1.5,8,-8],"size":[3,8,0],"pivot":[0,13,-9.5],"uv":{"north":{"uv":[2.012,7.016],"uv_size":[0.738,1.984]},"south":{"uv":[2.762,7.016],"uv_size":[0.738,1.984]},"east":{"uv":[0,0.016],"uv_size":[0,1.984]},"west":{"uv":[0,0.016],"uv_size":[0,1.984]},"up":{"uv":[0.012,0],"uv_size":[0.738,0]},"down":{"uv":[0.012,0],"uv_size":[0.738,0]}}},{"origin":[-1.5,8,4],"size":[3,8,0],"pivot":[0,13,-9.5],"uv":{"north":{"uv":[3.512,7.016],"uv_size":[0.738,1.984]},"south":{"uv":[4.262,7.016],"uv_size":[0.738,1.984]},"east":{"uv":[0,0.016],"uv_size":[0,1.984]},"west":{"uv":[0,0.016],"uv_size":[0,1.984]},"up":{"uv":[0.012,0],"uv_size":[0.738,0]},"down":{"uv":[0.012,0],"uv_size":[0.738,0]}}}],"name":"rot_2"}]}]}
