{"format_version":"1.16.0","minecraft:geometry":[{"description":{"identifier":"geometry.geyser_custom.geo_5e886f7","texture_width":16,"texture_height":16,"visible_bounds_width":4,"visible_bounds_height":4.5,"visible_bounds_offset":[0,0.75,0]},"bones":[{"name":"geyser_custom","binding":"c.item_slot == 'head' ? 'head' : q.item_slot_to_bone_name(c.item_slot)","pivot":[0,8,0]},{"name":"geyser_custom_x","parent":"geyser_custom","pivot":[0,8,0]},{"name":"geyser_custom_y","parent":"geyser_custom_x","pivot":[0,8,0]},{"name":"geyser_custom_z","parent":"geyser_custom_y","pivot":[0,8,0],"cubes":[]},{"parent":"geyser_custom_z","pivot":[6.5,8,0],"rotation":[45,0,0],"cubes":[{"origin":[6,0,-1],"size":[1,16,2],"pivot":[6.5,8,0],"uv":{"north":{"uv":[2.377,6.516],"uv_size":[0.123,1.984]},"south":{"uv":[2.502,6.516],"uv_size":[0.123,1.984]},"east":{"uv":[5.129,4.891],"uv_size":[0.246,1.984]},"west":{"uv":[5.129,4.891],"uv_size":[0.246,1.984]},"up":{"uv":[6.252,1.504],"uv_size":[0.123,0.246]},"down":{"uv":[6.252,1.996],"uv_size":[0.123,-0.246]}}}],"name":"rot_1"},{"parent":"geyser_custom_z","pivot":[-6.5,8,0],"rotation":[45,0,0],"cubes":[{"origin":[-7,0,-1],"size":[1,16,2],"pivot":[-6.5,8,0],"uv":{"north":{"uv":[2.498,6.516],"uv_size":[-0.123,1.984]},"south":{"uv":[2.623,6.516],"uv_size":[-0.123,1.984]},"east":{"uv":[5.371,4.891],"uv_size":[-0.246,1.984]},"west":{"uv":[5.371,4.891],"uv_size":[-0.246,1.984]},"up":{"uv":[6.373,1.504],"uv_size":[-0.123,0.246]},"down":{"uv":[6.373,1.996],"uv_size":[-0.123,-0.246]}}}],"name":"rot_2"},{"parent":"geyser_custom_z","pivot":[0,8,-6.5],"rotation":[0,0,-45],"cubes":[{"origin":[-1,0,-7],"size":[2,16,1],"pivot":[0,8,-6.5],"uv":{"north":{"uv":[1.996,5.016],"uv_size":[-0.246,1.984]},"south":{"uv":[1.996,5.016],"uv_size":[-0.246,1.984]},"east":{"uv":[6.623,2.016],"uv_size":[-0.123,1.984]},"west":{"uv":[2.373,6.516],"uv_size":[-0.123,1.984]},"up":{"uv":[6.129,1.373],"uv_size":[0.246,-0.123]},"down":{"uv":[6.129,1.377],"uv_size":[0.246,0.123]}}}],"name":"rot_3"},{"parent":"geyser_custom_z","pivot":[0,8,6.5],"rotation":[0,0,-45],"cubes":[{"origin":[-1,0,6],"size":[2,16,1],"pivot":[0,8,6.5],"uv":{"north":{"uv":[1.754,5.016],"uv_size":[0.246,1.984]},"south":{"uv":[1.754,5.016],"uv_size":[0.246,1.984]},"east":{"uv":[6.502,2.016],"uv_size":[0.123,1.984]},"west":{"uv":[2.252,6.516],"uv_size":[0.123,1.984]},"up":{"uv":[6.129,1.252],"uv_size":[0.246,0.123]},"down":{"uv":[6.129,1.498],"uv_size":[0.246,-0.123]}}}],"name":"rot_4"},{"parent":"geyser_custom_z","pivot":[8,2,-8],"rotation":[0,-0,0],"cubes":[{"origin":[-6,2,-6],"size":[12,12,12],"pivot":[8,2,-8],"uv":{"north":{"uv":[1.516,0.016],"uv_size":[1.484,1.484]},"south":{"uv":[1.516,0.016],"uv_size":[1.484,1.484]},"east":{"uv":[1.516,0.016],"uv_size":[1.484,1.484]},"west":{"uv":[1.516,0.016],"uv_size":[1.484,1.484]},"up":{"uv":[0.016,3.016],"uv_size":[1.484,1.484]},"down":{"uv":[0.016,4.484],"uv_size":[1.484,-1.484]}}}],"name":"rot_5"},{"parent":"geyser_custom_z","pivot":[8,14,-8],"rotation":[0,-0,0],"cubes":[{"origin":[-8,13,-8],"size":[13,3,3],"pivot":[8,14,-8],"uv":{"north":{"uv":[1.516,3.006],"uv_size":[1.609,0.369]},"south":{"uv":[3.016,1.506],"uv_size":[1.609,0.369]},"east":{"uv":[6.256,4.006],"uv_size":[0.369,0.369]},"west":{"uv":[3.506,6.506],"uv_size":[0.369,0.369]},"up":{"uv":[3.016,1.881],"uv_size":[1.609,0.369]},"down":{"uv":[3.016,2.619],"uv_size":[1.609,-0.369]}}},{"origin":[-8,0,-8],"size":[13,3,3],"pivot":[8,14,-8],"uv":{"north":{"uv":[4.641,2.256],"uv_size":[1.609,0.369]},"south":{"uv":[4.641,2.631],"uv_size":[1.609,0.369]},"east":{"uv":[6.631,1.506],"uv_size":[0.369,0.369]},"west":{"uv":[6.631,1.881],"uv_size":[0.369,0.369]},"up":{"uv":[4.766,3.006],"uv_size":[1.609,0.369]},"down":{"uv":[3.016,5.244],"uv_size":[1.609,-0.369]}}},{"origin":[-8,3,-8],"size":[3,10,3],"pivot":[8,14,-8],"uv":{"north":{"uv":[3.506,5.266],"uv_size":[0.369,1.234]},"south":{"uv":[4.256,5.266],"uv_size":[0.369,1.234]},"east":{"uv":[3.881,5.266],"uv_size":[0.369,1.234]},"west":{"uv":[5.381,4.891],"uv_size":[0.369,1.234]},"up":{"uv":[6.631,2.256],"uv_size":[0.369,0.369]},"down":{"uv":[6.631,2.994],"uv_size":[0.369,-0.369]}}},{"origin":[5,3,-8],"size":[3,10,3],"pivot":[8,14,-8],"uv":{"north":{"uv":[5.506,3.391],"uv_size":[0.369,1.234]},"south":{"uv":[5.881,3.391],"uv_size":[0.369,1.234]},"east":{"uv":[5.756,4.641],"uv_size":[0.369,1.234]},"west":{"uv":[5.756,5.891],"uv_size":[0.369,1.234]},"up":{"uv":[6.631,3.006],"uv_size":[0.369,0.369]},"down":{"uv":[6.631,3.744],"uv_size":[0.369,-0.369]}}},{"origin":[5,3,5],"size":[3,10,3],"pivot":[8,14,-8],"uv":{"north":{"uv":[0.006,6.141],"uv_size":[0.369,1.234]},"south":{"uv":[0.381,6.141],"uv_size":[0.369,1.234]},"east":{"uv":[6.131,0.016],"uv_size":[0.369,1.234]},"west":{"uv":[0.756,6.141],"uv_size":[0.369,1.234]},"up":{"uv":[6.631,3.756],"uv_size":[0.369,0.369]},"down":{"uv":[6.506,6.994],"uv_size":[0.369,-0.369]}}},{"origin":[-8,3,5],"size":[3,10,3],"pivot":[8,14,-8],"uv":{"north":{"uv":[1.131,6.141],"uv_size":[0.369,1.234]},"south":{"uv":[5.381,6.141],"uv_size":[0.369,1.234]},"east":{"uv":[6.131,4.641],"uv_size":[0.369,1.234]},"west":{"uv":[6.131,5.891],"uv_size":[0.369,1.234]},"up":{"uv":[3.506,6.881],"uv_size":[0.369,0.369]},"down":{"uv":[3.881,7.244],"uv_size":[0.369,-0.369]}}}],"name":"rot_6"},{"parent":"geyser_custom_z","pivot":[8,14,8],"rotation":[0,-0,0],"cubes":[{"origin":[5,13,-8],"size":[3,3,13],"pivot":[8,14,8],"uv":{"north":{"uv":[6.506,5.131],"uv_size":[0.369,0.369]},"south":{"uv":[6.506,5.506],"uv_size":[0.369,0.369]},"east":{"uv":[2.266,4.131],"uv_size":[1.609,0.369]},"west":{"uv":[3.891,4.131],"uv_size":[1.609,0.369]},"up":{"uv":[0.006,4.516],"uv_size":[0.369,1.609]},"down":{"uv":[0.381,6.109],"uv_size":[0.369,-1.609]}}},{"origin":[5,0,-8],"size":[3,3,13],"pivot":[8,14,8],"uv":{"north":{"uv":[6.631,0.756],"uv_size":[0.369,0.369]},"south":{"uv":[6.631,1.131],"uv_size":[0.369,0.369]},"east":{"uv":[4.641,1.506],"uv_size":[1.609,0.369]},"west":{"uv":[4.641,1.881],"uv_size":[1.609,0.369]},"up":{"uv":[2.256,4.891],"uv_size":[0.369,1.609]},"down":{"uv":[2.631,6.484],"uv_size":[0.369,-1.609]}}}],"name":"rot_7"},{"parent":"geyser_custom_z","pivot":[-8,14,-8],"rotation":[0,-0,0],"cubes":[{"origin":[-8,13,-5],"size":[3,3,13],"pivot":[-8,14,-8],"uv":{"north":{"uv":[3.881,6.506],"uv_size":[0.369,0.369]},"south":{"uv":[4.256,6.506],"uv_size":[0.369,0.369]},"east":{"uv":[3.016,2.631],"uv_size":[1.609,0.369]},"west":{"uv":[3.141,3.006],"uv_size":[1.609,0.369]},"up":{"uv":[1.506,3.391],"uv_size":[0.369,1.609]},"down":{"uv":[1.881,4.984],"uv_size":[0.369,-1.609]}}},{"origin":[-8,0,-5],"size":[3,3,13],"pivot":[-8,14,-8],"uv":{"north":{"uv":[6.506,5.881],"uv_size":[0.369,0.369]},"south":{"uv":[6.506,6.256],"uv_size":[0.369,0.369]},"east":{"uv":[4.516,0.006],"uv_size":[1.609,0.369]},"west":{"uv":[4.516,0.381],"uv_size":[1.609,0.369]},"up":{"uv":[0.756,4.516],"uv_size":[0.369,1.609]},"down":{"uv":[1.131,6.109],"uv_size":[0.369,-1.609]}}}],"name":"rot_8"},{"parent":"geyser_custom_z","pivot":[-8,14,8],"rotation":[0,-0,0],"cubes":[{"origin":[-5,13,5],"size":[13,3,3],"pivot":[-8,14,8],"uv":{"north":{"uv":[2.266,3.381],"uv_size":[1.609,0.369]},"south":{"uv":[2.266,3.756],"uv_size":[1.609,0.369]},"east":{"uv":[6.506,4.381],"uv_size":[0.369,0.369]},"west":{"uv":[6.506,4.756],"uv_size":[0.369,0.369]},"up":{"uv":[3.891,3.381],"uv_size":[1.609,0.369]},"down":{"uv":[3.891,4.119],"uv_size":[1.609,-0.369]}}},{"origin":[-5,0,5],"size":[13,3,3],"pivot":[-8,14,8],"uv":{"north":{"uv":[4.516,0.756],"uv_size":[1.609,0.369]},"south":{"uv":[4.516,1.131],"uv_size":[1.609,0.369]},"east":{"uv":[6.631,0.006],"uv_size":[0.369,0.369]},"west":{"uv":[6.631,0.381],"uv_size":[0.369,0.369]},"up":{"uv":[2.266,4.506],"uv_size":[1.609,0.369]},"down":{"uv":[3.891,4.869],"uv_size":[1.609,-0.369]}}}],"name":"rot_9"}]}]}
