{"format_version":"1.16.0","minecraft:geometry":[{"description":{"identifier":"geometry.geyser_custom.geo_aa03621","texture_width":16,"texture_height":16,"visible_bounds_width":4,"visible_bounds_height":4.5,"visible_bounds_offset":[0,0.75,0]},"bones":[{"name":"geyser_custom","binding":"c.item_slot == 'head' ? 'head' : q.item_slot_to_bone_name(c.item_slot)","pivot":[0,8,0]},{"name":"geyser_custom_x","parent":"geyser_custom","pivot":[0,8,0]},{"name":"geyser_custom_y","parent":"geyser_custom_x","pivot":[0,8,0]},{"name":"geyser_custom_z","parent":"geyser_custom_y","pivot":[0,8,0],"cubes":[{"origin":[-8,12,-8],"size":[16,2,16],"uv":{"north":{"uv":[7.766,3.008],"uv_size":[3.984,0.492]},"south":{"uv":[7.766,4.008],"uv_size":[3.984,0.492]},"east":{"uv":[7.766,3.508],"uv_size":[3.984,0.492]},"west":{"uv":[7.766,4.508],"uv_size":[3.984,0.492]},"up":{"uv":[0.016,0.016],"uv_size":[3.984,3.984]},"down":{"uv":[0.016,3.984],"uv_size":[3.984,-3.984]}}},{"origin":[4,0,-7],"size":[3,12,3],"uv":{"north":{"uv":[4.012,0.016],"uv_size":[0.738,2.984]},"south":{"uv":[4.762,0.016],"uv_size":[0.738,2.984]},"east":{"uv":[4.012,3.016],"uv_size":[0.738,2.984]},"west":{"uv":[4.762,3.016],"uv_size":[0.738,2.984]},"up":{"uv":[7.762,8.012],"uv_size":[0.738,0.738]},"down":{"uv":[0.012,9.238],"uv_size":[0.738,-0.738]}}}]},{"parent":"geyser_custom_z","pivot":[11,0,-8],"rotation":[0,-0,0],"cubes":[{"origin":[-4,5,-6],"size":[8,2,1],"pivot":[11,0,-8],"uv":{"north":{"uv":[7.766,5.008],"uv_size":[1.984,0.492]},"south":{"uv":[7.766,5.508],"uv_size":[1.984,0.492]},"east":{"uv":[8.504,8.258],"uv_size":[0.246,0.492]},"west":{"uv":[7.754,8.758],"uv_size":[0.246,0.492]},"up":{"uv":[8.516,2.254],"uv_size":[1.984,0.246]},"down":{"uv":[8.516,2.746],"uv_size":[1.984,-0.246]}}}],"name":"rot_1"},{"parent":"geyser_custom_z","pivot":[11,0,3],"rotation":[0,-0,0],"cubes":[{"origin":[-4,5,5],"size":[8,2,1],"pivot":[11,0,3],"uv":{"north":{"uv":[7.766,6.008],"uv_size":[1.984,0.492]},"south":{"uv":[7.766,6.508],"uv_size":[1.984,0.492]},"east":{"uv":[8.004,8.758],"uv_size":[0.246,0.492]},"west":{"uv":[8.254,8.758],"uv_size":[0.246,0.492]},"up":{"uv":[8.516,2.754],"uv_size":[1.984,0.246]},"down":{"uv":[8.516,8.246],"uv_size":[1.984,-0.246]}}}],"name":"rot_2"},{"parent":"geyser_custom_z","pivot":[8,0,3],"rotation":[0,-0,0],"cubes":[{"origin":[4,0,4],"size":[3,12,3],"pivot":[8,0,3],"uv":{"north":{"uv":[7.012,0.016],"uv_size":[0.738,2.984]},"south":{"uv":[7.012,6.016],"uv_size":[0.738,2.984]},"east":{"uv":[7.012,3.016],"uv_size":[0.738,2.984]},"west":{"uv":[7.762,0.016],"uv_size":[0.738,2.984]},"up":{"uv":[8.512,1.512],"uv_size":[0.738,0.738]},"down":{"uv":[2.262,9.238],"uv_size":[0.738,-0.738]}}}],"name":"rot_3"},{"parent":"geyser_custom_z","pivot":[0,6,0],"rotation":[0,-0,0],"cubes":[{"origin":[5,5,-4],"size":[1,2,8],"pivot":[0,6,0],"uv":{"north":{"uv":[8.754,8.758],"uv_size":[0.246,0.492]},"south":{"uv":[4.004,9.008],"uv_size":[0.246,0.492]},"east":{"uv":[0.016,8.008],"uv_size":[1.984,0.492]},"west":{"uv":[2.016,8.008],"uv_size":[1.984,0.492]},"up":{"uv":[3.504,8.516],"uv_size":[0.246,1.984]},"down":{"uv":[3.754,10.484],"uv_size":[0.246,-1.984]}}},{"origin":[-6,5,-4],"size":[1,2,8],"pivot":[0,6,0],"uv":{"north":{"uv":[8.754,8.258],"uv_size":[0.246,0.492]},"south":{"uv":[8.504,8.758],"uv_size":[0.246,0.492]},"east":{"uv":[7.766,7.008],"uv_size":[1.984,0.492]},"west":{"uv":[7.766,7.508],"uv_size":[1.984,0.492]},"up":{"uv":[3.004,8.516],"uv_size":[0.246,1.984]},"down":{"uv":[3.254,10.484],"uv_size":[0.246,-1.984]}}}],"name":"rot_4"},{"parent":"geyser_custom_z","pivot":[-3,0,-8],"rotation":[0,-0,0],"cubes":[{"origin":[-7,0,-7],"size":[3,12,3],"pivot":[-3,0,-8],"uv":{"north":{"uv":[5.512,0.016],"uv_size":[0.738,2.984]},"south":{"uv":[4.012,6.016],"uv_size":[0.738,2.984]},"east":{"uv":[5.512,3.016],"uv_size":[0.738,2.984]},"west":{"uv":[4.762,6.016],"uv_size":[0.738,2.984]},"up":{"uv":[8.512,0.012],"uv_size":[0.738,0.738]},"down":{"uv":[0.762,9.238],"uv_size":[0.738,-0.738]}}}],"name":"rot_5"},{"parent":"geyser_custom_z","pivot":[-3,0,3],"rotation":[0,-0,0],"cubes":[{"origin":[-7,0,4],"size":[3,12,3],"pivot":[-3,0,3],"uv":{"north":{"uv":[5.512,6.016],"uv_size":[0.738,2.984]},"south":{"uv":[6.262,3.016],"uv_size":[0.738,2.984]},"east":{"uv":[6.262,0.016],"uv_size":[0.738,2.984]},"west":{"uv":[6.262,6.016],"uv_size":[0.738,2.984]},"up":{"uv":[8.512,0.762],"uv_size":[0.738,0.738]},"down":{"uv":[1.512,9.238],"uv_size":[0.738,-0.738]}}}],"name":"rot_6"}]}]}
