{"format_version":"1.16.0","minecraft:geometry":[{"description":{"identifier":"geometry.geyser_custom.geo_ff971a7","texture_width":16,"texture_height":16,"visible_bounds_width":4,"visible_bounds_height":4.5,"visible_bounds_offset":[0,0.75,0]},"bones":[{"name":"geyser_custom","binding":"c.item_slot == 'head' ? 'head' : q.item_slot_to_bone_name(c.item_slot)","pivot":[0,8,0]},{"name":"geyser_custom_x","parent":"geyser_custom","pivot":[0,8,0]},{"name":"geyser_custom_y","parent":"geyser_custom_x","pivot":[0,8,0]},{"name":"geyser_custom_z","parent":"geyser_custom_y","pivot":[0,8,0],"cubes":[]},{"parent":"geyser_custom_z","pivot":[16,0,-8],"rotation":[0,-0,0],"cubes":[{"origin":[-16,7,-8],"size":[32,2,16],"pivot":[16,0,-8],"uv":{"north":{"uv":[8.016,3.008],"uv_size":[7.984,0.492]},"south":{"uv":[8.016,3.508],"uv_size":[7.984,0.492]},"east":{"uv":[1.516,9.008],"uv_size":[3.984,0.492]},"west":{"uv":[1.516,9.508],"uv_size":[3.984,0.492]},"up":{"uv":[0.016,0.016],"uv_size":[7.984,3.984]},"down":{"uv":[0.016,7.984],"uv_size":[7.984,-3.984]}}},{"origin":[-12,16,5],"size":[24,4,1],"pivot":[16,0,-8],"uv":{"north":{"uv":[0.016,8.016],"uv_size":[5.984,0.984]},"south":{"uv":[8.016,0.016],"uv_size":[5.984,0.984]},"east":{"uv":[7.504,8.016],"uv_size":[0.246,0.984]},"west":{"uv":[7.754,8.016],"uv_size":[0.246,0.984]},"up":{"uv":[9.516,4.004],"uv_size":[5.984,0.246]},"down":{"uv":[9.516,4.496],"uv_size":[5.984,-0.246]}}},{"origin":[-12,11,5],"size":[24,4,1],"pivot":[16,0,-8],"uv":{"north":{"uv":[0.016,8.016],"uv_size":[5.984,0.984]},"south":{"uv":[8.016,0.016],"uv_size":[5.984,0.984]},"east":{"uv":[7.504,8.016],"uv_size":[0.246,0.984]},"west":{"uv":[7.754,8.016],"uv_size":[0.246,0.984]},"up":{"uv":[9.516,4.004],"uv_size":[5.984,0.246]},"down":{"uv":[9.516,4.496],"uv_size":[5.984,-0.246]}}},{"origin":[12,9,4],"size":[3,12,3],"pivot":[16,0,-8],"uv":{"north":{"uv":[8.012,4.016],"uv_size":[0.738,2.984]},"south":{"uv":[8.012,4.016],"uv_size":[0.738,2.984]},"east":{"uv":[8.012,4.016],"uv_size":[0.738,2.984]},"west":{"uv":[8.012,4.016],"uv_size":[0.738,2.984]},"up":{"uv":[3.762,10.012],"uv_size":[0.738,0.738]},"down":{"uv":[4.512,10.738],"uv_size":[0.738,-0.738]}}},{"origin":[-15,9,4],"size":[3,12,3],"pivot":[16,0,-8],"uv":{"north":{"uv":[8.012,4.016],"uv_size":[0.738,2.984]},"south":{"uv":[8.012,4.016],"uv_size":[0.738,2.984]},"east":{"uv":[8.012,4.016],"uv_size":[0.738,2.984]},"west":{"uv":[8.012,4.016],"uv_size":[0.738,2.984]},"up":{"uv":[3.762,10.012],"uv_size":[0.738,0.738]},"down":{"uv":[4.512,10.738],"uv_size":[0.738,-0.738]}}},{"origin":[12,0,-7],"size":[3,7,3],"pivot":[16,0,-8],"uv":{"north":{"uv":[10.238,5.016],"uv_size":[-0.738,1.734]},"south":{"uv":[10.238,5.016],"uv_size":[-0.738,1.734]},"east":{"uv":[10.238,5.016],"uv_size":[-0.738,1.734]},"west":{"uv":[10.238,5.016],"uv_size":[-0.738,1.734]},"up":{"uv":[2.988,10.012],"uv_size":[-0.738,0.738]},"down":{"uv":[3.738,10.738],"uv_size":[-0.738,-0.738]}}},{"origin":[-15,0,-7],"size":[3,7,3],"pivot":[16,0,-8],"uv":{"north":{"uv":[10.238,5.016],"uv_size":[-0.738,1.734]},"south":{"uv":[10.238,5.016],"uv_size":[-0.738,1.734]},"east":{"uv":[10.238,5.016],"uv_size":[-0.738,1.734]},"west":{"uv":[10.238,5.016],"uv_size":[-0.738,1.734]},"up":{"uv":[2.988,10.012],"uv_size":[-0.738,0.738]},"down":{"uv":[3.738,10.738],"uv_size":[-0.738,-0.738]}}},{"origin":[12,0,4],"size":[3,7,3],"pivot":[16,0,-8],"uv":{"north":{"uv":[10.238,5.016],"uv_size":[-0.738,1.734]},"south":{"uv":[10.238,5.016],"uv_size":[-0.738,1.734]},"east":{"uv":[10.238,5.016],"uv_size":[-0.738,1.734]},"west":{"uv":[10.238,5.016],"uv_size":[-0.738,1.734]},"up":{"uv":[2.988,10.012],"uv_size":[-0.738,0.738]},"down":{"uv":[3.738,10.738],"uv_size":[-0.738,-0.738]}}},{"origin":[-15,0,4],"size":[3,7,3],"pivot":[16,0,-8],"uv":{"north":{"uv":[10.238,5.016],"uv_size":[-0.738,1.734]},"south":{"uv":[10.238,5.016],"uv_size":[-0.738,1.734]},"east":{"uv":[10.238,5.016],"uv_size":[-0.738,1.734]},"west":{"uv":[10.238,5.016],"uv_size":[-0.738,1.734]},"up":{"uv":[2.988,10.012],"uv_size":[-0.738,0.738]},"down":{"uv":[3.738,10.738],"uv_size":[-0.738,-0.738]}}}],"name":"rot_1"}]}]}
