{"format_version":"1.16.0","minecraft:geometry":[{"description":{"identifier":"geometry.geyser_custom.geo_fcd26d5","texture_width":16,"texture_height":16,"visible_bounds_width":4,"visible_bounds_height":4.5,"visible_bounds_offset":[0,0.75,0]},"bones":[{"name":"geyser_custom","binding":"c.item_slot == 'head' ? 'head' : q.item_slot_to_bone_name(c.item_slot)","pivot":[0,8,0]},{"name":"geyser_custom_x","parent":"geyser_custom","pivot":[0,8,0]},{"name":"geyser_custom_y","parent":"geyser_custom_x","pivot":[0,8,0]},{"name":"geyser_custom_z","parent":"geyser_custom_y","pivot":[0,8,0],"cubes":[]},{"parent":"geyser_custom_z","pivot":[1,-7,0],"rotation":[0,-0,0],"cubes":[{"origin":[-3,14,-19],"size":[6,7,6],"pivot":[1,-7,0],"uv":{"north":{"uv":[6.016,7.266],"uv_size":[1.484,1.734]},"south":{"uv":[6.016,7.266],"uv_size":[1.484,1.734]},"east":{"uv":[6.016,7.266],"uv_size":[1.484,1.734]},"west":{"uv":[6.016,7.266],"uv_size":[1.484,1.734]},"up":{"uv":[7.516,2.016],"uv_size":[1.484,1.484]},"down":{"uv":[7.516,4.984],"uv_size":[1.484,-1.484]}}}],"name":"rot_1"},{"parent":"geyser_custom_z","pivot":[1,-6,0],"rotation":[0,-0,0],"cubes":[{"origin":[-2,21,-18],"size":[4,2,4],"pivot":[1,-6,0],"uv":{"north":{"uv":[9.266,7.008],"uv_size":[0.984,0.492]},"south":{"uv":[9.266,7.008],"uv_size":[0.984,0.492]},"east":{"uv":[9.266,7.008],"uv_size":[0.984,0.492]},"west":{"uv":[9.266,7.008],"uv_size":[0.984,0.492]},"up":{"uv":[8.516,5.016],"uv_size":[0.984,0.984]},"down":{"uv":[8.516,6.984],"uv_size":[0.984,-0.984]}}}],"name":"rot_2"},{"parent":"geyser_custom_z","pivot":[1,0,0],"rotation":[0,-0,0],"cubes":[{"origin":[-2,-16,0],"size":[4,44,4],"pivot":[1,0,0],"uv":{"north":{"uv":[0.016,0.016],"uv_size":[0.984,10.984]},"south":{"uv":[2.016,0.016],"uv_size":[0.984,10.984]},"east":{"uv":[1.016,0.016],"uv_size":[0.984,10.984]},"west":{"uv":[3.016,0.016],"uv_size":[0.984,10.984]},"up":{"uv":[7.516,5.016],"uv_size":[0.984,0.984]},"down":{"uv":[7.516,6.984],"uv_size":[0.984,-0.984]}}},{"origin":[0,23,-17.5],"size":[0,5,3],"pivot":[1,0,0],"uv":{"north":{"uv":[0,0.016],"uv_size":[0,1.234]},"south":{"uv":[0,0.016],"uv_size":[0,1.234]},"east":{"uv":[9.012,3.266],"uv_size":[0.738,1.234]},"west":{"uv":[9.012,3.266],"uv_size":[0.738,1.234]},"up":{"uv":[0,0.012],"uv_size":[0,0.738]},"down":{"uv":[0,0.738],"uv_size":[0,-0.738]}}}],"name":"rot_3"},{"parent":"geyser_custom_z","pivot":[1,4,0],"rotation":[0,-0,0],"cubes":[{"origin":[-2,28,-24],"size":[4,4,32],"pivot":[1,4,0],"uv":{"north":{"uv":[7.516,7.016],"uv_size":[0.984,0.984]},"south":{"uv":[7.516,8.016],"uv_size":[0.984,0.984]},"east":{"uv":[4.016,0.016],"uv_size":[7.984,0.984]},"west":{"uv":[4.016,1.016],"uv_size":[7.984,0.984]},"up":{"uv":[4.984,2.016],"uv_size":[-0.984,7.984]},"down":{"uv":[4.984,9.984],"uv_size":[-0.984,-7.984]}}}],"name":"rot_4"},{"parent":"geyser_custom_z","pivot":[0,25.5,-16],"rotation":[0,-0,0],"cubes":[{"origin":[-1.5,23,-16],"size":[3,5,0],"pivot":[0,25.5,-16],"uv":{"north":{"uv":[8.512,8.266],"uv_size":[0.738,1.234]},"south":{"uv":[8.512,8.266],"uv_size":[0.738,1.234]},"east":{"uv":[0,0.016],"uv_size":[0,1.234]},"west":{"uv":[0,0.016],"uv_size":[0,1.234]},"up":{"uv":[0.012,0],"uv_size":[0.738,0]},"down":{"uv":[0.012,0],"uv_size":[0.738,0]}}}],"name":"rot_5"}]}]}
