{"format_version":"1.16.0","minecraft:geometry":[{"description":{"identifier":"geometry.geyser_custom.geo_b7efd61","texture_width":16,"texture_height":16,"visible_bounds_width":4,"visible_bounds_height":4.5,"visible_bounds_offset":[0,0.75,0]},"bones":[{"name":"geyser_custom","binding":"c.item_slot == 'head' ? 'head' : q.item_slot_to_bone_name(c.item_slot)","pivot":[0,8,0]},{"name":"geyser_custom_x","parent":"geyser_custom","pivot":[0,8,0]},{"name":"geyser_custom_y","parent":"geyser_custom_x","pivot":[0,8,0]},{"name":"geyser_custom_z","parent":"geyser_custom_y","pivot":[0,8,0],"cubes":[{"origin":[-15,0,-15],"size":[3,7,3],"uv":{"north":{"uv":[8.012,2.016],"uv_size":[0.738,1.734]},"south":{"uv":[8.012,5.516],"uv_size":[0.738,1.734]},"east":{"uv":[8.012,3.766],"uv_size":[0.738,1.734]},"west":{"uv":[8.012,7.266],"uv_size":[0.738,1.734]},"up":{"uv":[8.762,2.012],"uv_size":[0.738,0.738]},"down":{"uv":[8.762,3.488],"uv_size":[0.738,-0.738]}}}]},{"parent":"geyser_custom_z","pivot":[35,0,-8],"rotation":[0,-0,0],"cubes":[{"origin":[12,0,-15],"size":[3,7,3],"pivot":[35,0,-8],"uv":{"north":{"uv":[8.012,2.016],"uv_size":[0.738,1.734]},"south":{"uv":[8.012,5.516],"uv_size":[0.738,1.734]},"east":{"uv":[8.012,3.766],"uv_size":[0.738,1.734]},"west":{"uv":[8.012,7.266],"uv_size":[0.738,1.734]},"up":{"uv":[8.762,2.012],"uv_size":[0.738,0.738]},"down":{"uv":[8.762,3.488],"uv_size":[0.738,-0.738]}}}],"name":"rot_1"},{"parent":"geyser_custom_z","pivot":[35,0,19],"rotation":[0,-0,0],"cubes":[{"origin":[12,0,12],"size":[3,7,3],"pivot":[35,0,19],"uv":{"north":{"uv":[8.012,2.016],"uv_size":[0.738,1.734]},"south":{"uv":[8.012,5.516],"uv_size":[0.738,1.734]},"east":{"uv":[8.012,3.766],"uv_size":[0.738,1.734]},"west":{"uv":[8.012,7.266],"uv_size":[0.738,1.734]},"up":{"uv":[8.762,2.012],"uv_size":[0.738,0.738]},"down":{"uv":[8.762,3.488],"uv_size":[0.738,-0.738]}}}],"name":"rot_2"},{"parent":"geyser_custom_z","pivot":[8,-12,-8],"rotation":[0,-0,0],"cubes":[{"origin":[-16,2,-16],"size":[32,2,32],"pivot":[8,-12,-8],"uv":{"north":{"uv":[8.016,0.008],"uv_size":[7.984,0.492]},"south":{"uv":[8.016,1.008],"uv_size":[7.984,0.492]},"east":{"uv":[8.016,0.508],"uv_size":[7.984,0.492]},"west":{"uv":[8.016,1.508],"uv_size":[7.984,0.492]},"up":{"uv":[0.016,0.016],"uv_size":[7.984,7.984]},"down":{"uv":[0.016,15.984],"uv_size":[7.984,-7.984]}}}],"name":"rot_3"},{"parent":"geyser_custom_z","pivot":[8,-7,-8],"rotation":[0,-0,0],"cubes":[{"origin":[-16,7,-16],"size":[32,2,32],"pivot":[8,-7,-8],"uv":{"north":{"uv":[8.016,0.008],"uv_size":[7.984,0.492]},"south":{"uv":[8.016,1.008],"uv_size":[7.984,0.492]},"east":{"uv":[8.016,0.508],"uv_size":[7.984,0.492]},"west":{"uv":[8.016,1.508],"uv_size":[7.984,0.492]},"up":{"uv":[0.016,0.016],"uv_size":[7.984,7.984]},"down":{"uv":[0.016,15.984],"uv_size":[7.984,-7.984]}}}],"name":"rot_4"},{"parent":"geyser_custom_z","pivot":[8,0,19],"rotation":[0,-0,0],"cubes":[{"origin":[-15,0,12],"size":[3,7,3],"pivot":[8,0,19],"uv":{"north":{"uv":[8.012,2.016],"uv_size":[0.738,1.734]},"south":{"uv":[8.012,5.516],"uv_size":[0.738,1.734]},"east":{"uv":[8.012,3.766],"uv_size":[0.738,1.734]},"west":{"uv":[8.012,7.266],"uv_size":[0.738,1.734]},"up":{"uv":[8.762,2.012],"uv_size":[0.738,0.738]},"down":{"uv":[8.762,3.488],"uv_size":[0.738,-0.738]}}}],"name":"rot_5"}]}]}
