{"format_version":"1.16.0","minecraft:geometry":[{"description":{"identifier":"geometry.geyser_custom.geo_7c70e60","texture_width":16,"texture_height":16,"visible_bounds_width":4,"visible_bounds_height":4.5,"visible_bounds_offset":[0,0.75,0]},"bones":[{"name":"geyser_custom","binding":"c.item_slot == 'head' ? 'head' : q.item_slot_to_bone_name(c.item_slot)","pivot":[0,8,0]},{"name":"geyser_custom_x","parent":"geyser_custom","pivot":[0,8,0]},{"name":"geyser_custom_y","parent":"geyser_custom_x","pivot":[0,8,0]},{"name":"geyser_custom_z","parent":"geyser_custom_y","pivot":[0,8,0],"cubes":[]},{"parent":"geyser_custom_z","pivot":[52,-8,-1.5],"rotation":[0,-0,0],"cubes":[{"origin":[-24,24,-16],"size":[48,8,0],"pivot":[52,-8,-1.5],"uv":{"north":{"uv":[5.016,5.508],"uv_size":[2.984,0.492]},"south":{"uv":[5.016,5.508],"uv_size":[2.984,0.492]},"east":{"uv":[0,0.008],"uv_size":[0,0.492]},"west":{"uv":[0,0.008],"uv_size":[0,0.492]},"up":{"uv":[0.016,0],"uv_size":[2.984,0]},"down":{"uv":[0.016,0],"uv_size":[2.984,0]}}},{"origin":[-24,32,-16],"size":[48,0,32],"pivot":[52,-8,-1.5],"uv":{"north":{"uv":[0.016,0],"uv_size":[2.984,0]},"south":{"uv":[0.016,0],"uv_size":[2.984,0]},"east":{"uv":[0.016,0],"uv_size":[1.984,0]},"west":{"uv":[0.016,0],"uv_size":[1.984,0]},"up":{"uv":[0.016,0.016],"uv_size":[2.984,1.984]},"down":{"uv":[0.016,0.016],"uv_size":[2.984,1.984]}}},{"origin":[-24,24,-16],"size":[48,8,0],"pivot":[52,-8,-1.5],"uv":{"north":{"uv":[6.016,1.008],"uv_size":[2.984,0.492]},"south":{"uv":[6.016,1.008],"uv_size":[2.984,0.492]},"east":{"uv":[0,0.008],"uv_size":[0,0.492]},"west":{"uv":[0,0.008],"uv_size":[0,0.492]},"up":{"uv":[0.016,0],"uv_size":[2.984,0]},"down":{"uv":[0.016,0],"uv_size":[2.984,0]}}},{"origin":[-24,32,-16],"size":[48,0,32],"pivot":[52,-8,-1.5],"uv":{"north":{"uv":[0.016,0],"uv_size":[2.984,0]},"south":{"uv":[0.016,0],"uv_size":[2.984,0]},"east":{"uv":[0.016,0],"uv_size":[1.984,0]},"west":{"uv":[0.016,0],"uv_size":[1.984,0]},"up":{"uv":[3.016,2.016],"uv_size":[2.984,1.984]},"down":{"uv":[3.016,2.016],"uv_size":[2.984,1.984]}}}],"name":"rot_1"},{"parent":"geyser_custom_z","pivot":[52,-8,30.5],"rotation":[0,-0,0],"cubes":[{"origin":[-24,24,16],"size":[48,8,0],"pivot":[52,-8,30.5],"uv":{"north":{"uv":[5.016,5.508],"uv_size":[2.984,0.492]},"south":{"uv":[5.016,5.508],"uv_size":[2.984,0.492]},"east":{"uv":[0,0.008],"uv_size":[0,0.492]},"west":{"uv":[0,0.008],"uv_size":[0,0.492]},"up":{"uv":[0.016,0],"uv_size":[2.984,0]},"down":{"uv":[0.016,0],"uv_size":[2.984,0]}}},{"origin":[-24,24,16],"size":[48,8,0],"pivot":[52,-8,30.5],"uv":{"north":{"uv":[6.016,1.008],"uv_size":[2.984,0.492]},"south":{"uv":[6.016,1.008],"uv_size":[2.984,0.492]},"east":{"uv":[0,0.008],"uv_size":[0,0.492]},"west":{"uv":[0,0.008],"uv_size":[0,0.492]},"up":{"uv":[0.016,0],"uv_size":[2.984,0]},"down":{"uv":[0.016,0],"uv_size":[2.984,0]}}}],"name":"rot_2"},{"parent":"geyser_custom_z","pivot":[51,-12,-1.5],"rotation":[0,-0,0],"cubes":[{"origin":[-21,-16,-12],"size":[3,3,24],"pivot":[51,-12,-1.5],"uv":{"north":{"uv":[0.9405,7.378],"uv_size":[0.1845,0.1845]},"south":{"uv":[1.128,7.378],"uv_size":[0.1845,0.1845]},"east":{"uv":[6.2035,3.628],"uv_size":[1.484,0.1845]},"west":{"uv":[6.2035,3.8155],"uv_size":[1.484,0.1845]},"up":{"uv":[4.6905,6.266],"uv_size":[0.1845,1.484]},"down":{"uv":[4.878,7.734],"uv_size":[0.1845,-1.484]}}},{"origin":[18,-16,-12],"size":[3,3,24],"pivot":[51,-12,-1.5],"uv":{"north":{"uv":[7.1905,4.253],"uv_size":[0.1845,0.1845]},"south":{"uv":[7.1905,4.4405],"uv_size":[0.1845,0.1845]},"east":{"uv":[6.2035,3.253],"uv_size":[1.484,0.1845]},"west":{"uv":[6.2035,3.4405],"uv_size":[1.484,0.1845]},"up":{"uv":[4.3155,6.266],"uv_size":[0.1845,1.484]},"down":{"uv":[4.503,7.734],"uv_size":[0.1845,-1.484]}}}],"name":"rot_3"},{"parent":"geyser_custom_z","pivot":[51,-9,-1.5],"rotation":[0,-0,0],"cubes":[{"origin":[18,-13,-1.5],"size":[3,44,3],"pivot":[51,-9,-1.5],"uv":{"north":{"uv":[6.003,2.266],"uv_size":[0.1845,2.734]},"south":{"uv":[3.1905,6.016],"uv_size":[0.1845,2.734]},"east":{"uv":[3.003,6.016],"uv_size":[0.1845,2.734]},"west":{"uv":[3.378,6.016],"uv_size":[0.1845,2.734]},"up":{"uv":[7.128,7.1905],"uv_size":[0.1845,0.1845]},"down":{"uv":[7.3155,6.1845],"uv_size":[0.1845,-0.1845]}}},{"origin":[-21,-13,-1.5],"size":[3,44,3],"pivot":[51,-9,-1.5],"uv":{"north":{"uv":[3.5655,6.016],"uv_size":[0.1845,2.734]},"south":{"uv":[3.9405,6.016],"uv_size":[0.1845,2.734]},"east":{"uv":[3.753,6.016],"uv_size":[0.1845,2.734]},"west":{"uv":[4.128,6.016],"uv_size":[0.1845,2.734]},"up":{"uv":[0.5655,7.378],"uv_size":[0.1845,0.1845]},"down":{"uv":[0.753,7.5595],"uv_size":[0.1845,-0.1845]}}}],"name":"rot_4"},{"parent":"geyser_custom_z","pivot":[47,-9,-9],"rotation":[0,-0,0],"cubes":[{"origin":[-17,-9,6],"size":[3,14,3],"pivot":[47,-9,-9],"uv":{"north":{"uv":[2.253,6.514],"uv_size":[0.1845,0.861]},"south":{"uv":[2.628,6.514],"uv_size":[0.1845,0.861]},"east":{"uv":[2.4405,6.514],"uv_size":[0.1845,0.861]},"west":{"uv":[2.8155,6.514],"uv_size":[0.1845,0.861]},"up":{"uv":[7.3155,7.1905],"uv_size":[0.1845,0.1845]},"down":{"uv":[0.003,7.5595],"uv_size":[0.1845,-0.1845]}}},{"origin":[14,-9,6],"size":[3,14,3],"pivot":[47,-9,-9],"uv":{"north":{"uv":[1.503,6.514],"uv_size":[0.1845,0.861]},"south":{"uv":[1.878,6.514],"uv_size":[0.1845,0.861]},"east":{"uv":[1.6905,6.514],"uv_size":[0.1845,0.861]},"west":{"uv":[2.0655,6.514],"uv_size":[0.1845,0.861]},"up":{"uv":[6.9405,7.3155],"uv_size":[0.1845,0.1845]},"down":{"uv":[7.3155,7.1845],"uv_size":[0.1845,-0.1845]}}},{"origin":[-17,-9,-9],"size":[3,14,3],"pivot":[47,-9,-9],"uv":{"north":{"uv":[0.753,6.514],"uv_size":[0.1845,0.861]},"south":{"uv":[1.128,6.514],"uv_size":[0.1845,0.861]},"east":{"uv":[0.9405,6.514],"uv_size":[0.1845,0.861]},"west":{"uv":[1.3155,6.514],"uv_size":[0.1845,0.861]},"up":{"uv":[6.753,7.3155],"uv_size":[0.1845,0.1845]},"down":{"uv":[7.3155,6.997],"uv_size":[0.1845,-0.1845]}}},{"origin":[14,-9,-9],"size":[3,14,3],"pivot":[47,-9,-9],"uv":{"north":{"uv":[0.003,6.514],"uv_size":[0.1845,0.861]},"south":{"uv":[0.378,6.514],"uv_size":[0.1845,0.861]},"east":{"uv":[0.1905,6.514],"uv_size":[0.1845,0.861]},"west":{"uv":[0.5655,6.514],"uv_size":[0.1845,0.861]},"up":{"uv":[6.378,7.3155],"uv_size":[0.1845,0.1845]},"down":{"uv":[7.3155,6.8095],"uv_size":[0.1845,-0.1845]}}}],"name":"rot_5"},{"parent":"geyser_custom_z","pivot":[47,-9,3],"rotation":[0,-0,0],"cubes":[{"origin":[-17,2,-6],"size":[3,3,12],"pivot":[47,-9,3],"uv":{"north":{"uv":[0.1905,7.378],"uv_size":[0.1845,0.1845]},"south":{"uv":[0.378,7.378],"uv_size":[0.1845,0.1845]},"east":{"uv":[6.9495,4.753],"uv_size":[0.738,0.1845]},"west":{"uv":[6.9495,6.1905],"uv_size":[0.738,0.1845]},"up":{"uv":[6.9405,6.387],"uv_size":[0.1845,0.738]},"down":{"uv":[6.5655,7.6755],"uv_size":[0.1845,-0.738]}}},{"origin":[14,2,-6],"size":[3,3,12],"pivot":[47,-9,3],"uv":{"north":{"uv":[6.753,7.128],"uv_size":[0.1845,0.1845]},"south":{"uv":[7.128,6.8155],"uv_size":[0.1845,0.1845]},"east":{"uv":[6.1995,4.753],"uv_size":[0.738,0.1845]},"west":{"uv":[6.5745,6.003],"uv_size":[0.738,0.1845]},"up":{"uv":[6.5655,6.1995],"uv_size":[0.1845,0.738]},"down":{"uv":[6.753,6.9255],"uv_size":[0.1845,-0.738]}}}],"name":"rot_6"},{"parent":"geyser_custom_z","pivot":[47,-6,3],"rotation":[0,-0,0],"cubes":[{"origin":[14,5,0],"size":[3,21,0],"pivot":[47,-6,3],"uv":{"north":{"uv":[6.1905,6.266],"uv_size":[0.1845,1.2965]},"south":{"uv":[6.378,6.016],"uv_size":[0.1845,1.2965]},"east":{"uv":[0,0.016],"uv_size":[0,1.2965]},"west":{"uv":[0,0.016],"uv_size":[0,1.2965]},"up":{"uv":[0.003,0],"uv_size":[0.1845,0]},"down":{"uv":[0.003,0],"uv_size":[0.1845,0]}}}],"name":"rot_7"},{"parent":"geyser_custom_z","pivot":[19,-9,6],"rotation":[0,-0,0],"cubes":[{"origin":[-14,2,6],"size":[28,3,3],"pivot":[19,-9,6],"uv":{"north":{"uv":[6.2035,2.503],"uv_size":[1.734,0.1845]},"south":{"uv":[6.2035,2.6905],"uv_size":[1.734,0.1845]},"east":{"uv":[6.753,6.9405],"uv_size":[0.1845,0.1845]},"west":{"uv":[7.128,6.628],"uv_size":[0.1845,0.1845]},"up":{"uv":[6.2035,2.878],"uv_size":[1.734,0.1845]},"down":{"uv":[6.2035,3.247],"uv_size":[1.734,-0.1845]}}}],"name":"rot_8"},{"parent":"geyser_custom_z","pivot":[16,-9,-8],"rotation":[0,-0,0],"cubes":[{"origin":[-16,-8.95,-8],"size":[32,1.95,16],"pivot":[16,-9,-8],"uv":{"north":{"uv":[6.2035,4.002],"uv_size":[1.984,0.123]},"south":{"uv":[6.2035,4.127],"uv_size":[1.984,0.123]},"east":{"uv":[7.141,6.377],"uv_size":[0.984,0.123]},"west":{"uv":[7.141,6.502],"uv_size":[0.984,0.123]},"up":{"uv":[2.016,4.016],"uv_size":[1.984,0.984]},"down":{"uv":[2.016,4.984],"uv_size":[1.984,-0.984]}}},{"origin":[-16,-7,-8],"size":[32,4,16],"pivot":[16,-9,-8],"uv":{"north":{"uv":[4.3285,6.004],"uv_size":[1.984,0.246]},"south":{"uv":[6.2035,2.254],"uv_size":[1.984,0.246]},"east":{"uv":[6.2035,4.254],"uv_size":[0.984,0.246]},"west":{"uv":[6.2035,4.504],"uv_size":[0.984,0.246]},"up":{"uv":[4.016,4.016],"uv_size":[1.984,0.984]},"down":{"uv":[4.016,4.984],"uv_size":[1.984,-0.984]}}}],"name":"rot_9"},{"parent":"geyser_custom_z","pivot":[16,-6,3],"rotation":[0,-0,0],"cubes":[{"origin":[-17,5,0],"size":[3,21,0],"pivot":[16,-6,3],"uv":{"north":{"uv":[5.0655,6.266],"uv_size":[0.1845,1.2965]},"south":{"uv":[5.253,6.266],"uv_size":[0.1845,1.2965]},"east":{"uv":[0,0.016],"uv_size":[0,1.2965]},"west":{"uv":[0,0.016],"uv_size":[0,1.2965]},"up":{"uv":[0.003,0],"uv_size":[0.1845,0]},"down":{"uv":[0.003,0],"uv_size":[0.1845,0]}}}],"name":"rot_10"},{"parent":"geyser_custom_z","pivot":[16,26,-8],"rotation":[0,-0,0],"cubes":[{"origin":[-24,25.95,-1.575],"size":[48,3.1,3.15],"pivot":[16,26,-8],"uv":{"north":{"uv":[6.016,1.503],"uv_size":[2.984,0.1845]},"south":{"uv":[6.016,1.6905],"uv_size":[2.984,0.1845]},"east":{"uv":[6.9405,7.128],"uv_size":[0.1845,0.1845]},"west":{"uv":[7.128,7.003],"uv_size":[0.1845,0.1845]},"up":{"uv":[6.016,1.878],"uv_size":[2.984,0.1845]},"down":{"uv":[6.016,2.247],"uv_size":[2.984,-0.1845]}}}],"name":"rot_11"},{"parent":"geyser_custom_z","pivot":[15.5,12,0],"rotation":[0,-0,0],"cubes":[{"origin":[15.5,5,-1.5],"size":[0,21,3],"pivot":[15.5,12,0],"uv":{"north":{"uv":[0,0.016],"uv_size":[0,1.2965]},"south":{"uv":[0,0.016],"uv_size":[0,1.2965]},"east":{"uv":[5.8155,6.266],"uv_size":[0.1845,1.2965]},"west":{"uv":[6.003,6.266],"uv_size":[0.1845,1.2965]},"up":{"uv":[0,0.003],"uv_size":[0,0.1845]},"down":{"uv":[0,0.1845],"uv_size":[0,-0.1845]}}}],"name":"rot_12"},{"parent":"geyser_custom_z","pivot":[-15.5,12,0],"rotation":[0,-0,0],"cubes":[{"origin":[-15.5,5,-1.5],"size":[0,21,3],"pivot":[-15.5,12,0],"uv":{"north":{"uv":[0,0.016],"uv_size":[0,1.2965]},"south":{"uv":[0,0.016],"uv_size":[0,1.2965]},"east":{"uv":[5.4405,6.266],"uv_size":[0.1845,1.2965]},"west":{"uv":[5.628,6.266],"uv_size":[0.1845,1.2965]},"up":{"uv":[0,0.003],"uv_size":[0,0.1845]},"down":{"uv":[0,0.1845],"uv_size":[0,-0.1845]}}}],"name":"rot_13"}]}]}
