{"format_version":"1.16.0","minecraft:geometry":[{"description":{"identifier":"geometry.geyser_custom.geo_bc98e91","texture_width":16,"texture_height":16,"visible_bounds_width":4,"visible_bounds_height":4.5,"visible_bounds_offset":[0,0.75,0]},"bones":[{"name":"geyser_custom","binding":"c.item_slot == 'head' ? 'head' : q.item_slot_to_bone_name(c.item_slot)","pivot":[0,8,0]},{"name":"geyser_custom_x","parent":"geyser_custom","pivot":[0,8,0]},{"name":"geyser_custom_y","parent":"geyser_custom_x","pivot":[0,8,0]},{"name":"geyser_custom_z","parent":"geyser_custom_y","pivot":[0,8,0],"cubes":[{"origin":[-24,14,-4],"size":[48,2,12],"uv":{"north":{"uv":[0.016,6.008],"uv_size":[11.984,0.492]},"south":{"uv":[0.016,6.008],"uv_size":[11.984,0.492]},"east":{"uv":[11.266,7.008],"uv_size":[2.984,0.492]},"west":{"uv":[11.266,7.508],"uv_size":[2.984,0.492]},"up":{"uv":[0.016,0.016],"uv_size":[11.984,2.984]},"down":{"uv":[0.016,2.984],"uv_size":[11.984,-2.984]}}},{"origin":[17,4,7],"size":[3,10,1],"uv":{"north":{"uv":[2.262,9.266],"uv_size":[0.738,2.484]},"south":{"uv":[3.012,9.266],"uv_size":[0.738,2.484]},"east":{"uv":[11.254,8.016],"uv_size":[0.246,2.484]},"west":{"uv":[11.254,10.516],"uv_size":[0.246,2.484]},"up":{"uv":[1.012,11.504],"uv_size":[0.738,0.246]},"down":{"uv":[11.512,9.246],"uv_size":[0.738,-0.246]}}},{"origin":[17,13,-2],"size":[3,1,9],"uv":{"north":{"uv":[11.512,9.254],"uv_size":[0.738,0.246]},"south":{"uv":[11.512,9.504],"uv_size":[0.738,0.246]},"east":{"uv":[6.766,11.504],"uv_size":[2.234,0.246]},"west":{"uv":[11.516,8.004],"uv_size":[2.234,0.246]},"up":{"uv":[6.762,9.266],"uv_size":[0.738,2.234]},"down":{"uv":[7.512,11.484],"uv_size":[0.738,-2.234]}}},{"origin":[18.5,5,-1],"size":[0,9,9],"uv":{"north":{"uv":[0,0.016],"uv_size":[0,2.234]},"south":{"uv":[0,0.016],"uv_size":[0,2.234]},"east":{"uv":[0.016,7.016],"uv_size":[2.234,2.234]},"west":{"uv":[2.266,7.016],"uv_size":[2.234,2.234]},"up":{"uv":[0,0.016],"uv_size":[0,2.234]},"down":{"uv":[0,2.234],"uv_size":[0,-2.234]}}},{"origin":[-1.5,4,7],"size":[3,10,1],"uv":{"north":{"uv":[5.262,9.266],"uv_size":[0.738,2.484]},"south":{"uv":[6.012,9.266],"uv_size":[0.738,2.484]},"east":{"uv":[0.504,11.516],"uv_size":[0.246,2.484]},"west":{"uv":[0.754,11.516],"uv_size":[0.246,2.484]},"up":{"uv":[11.512,11.254],"uv_size":[0.738,0.246]},"down":{"uv":[11.512,11.746],"uv_size":[0.738,-0.246]}}},{"origin":[-1.5,13,-2],"size":[3,1,9],"uv":{"north":{"uv":[11.512,10.754],"uv_size":[0.738,0.246]},"south":{"uv":[11.512,11.004],"uv_size":[0.738,0.246]},"east":{"uv":[11.516,8.754],"uv_size":[2.234,0.246]},"west":{"uv":[9.016,11.504],"uv_size":[2.234,0.246]},"up":{"uv":[9.762,9.266],"uv_size":[0.738,2.234]},"down":{"uv":[10.512,11.484],"uv_size":[0.738,-2.234]}}},{"origin":[0,5,-1],"size":[0,9,9],"uv":{"north":{"uv":[0,0.016],"uv_size":[0,2.234]},"south":{"uv":[0,0.016],"uv_size":[0,2.234]},"east":{"uv":[9.016,7.016],"uv_size":[2.234,2.234]},"west":{"uv":[0.016,9.266],"uv_size":[2.234,2.234]},"up":{"uv":[0,0.016],"uv_size":[0,2.234]},"down":{"uv":[0,2.234],"uv_size":[0,-2.234]}}}]},{"parent":"geyser_custom_z","pivot":[-8,0,-8],"rotation":[0,-0,0],"cubes":[{"origin":[-20,13,-2],"size":[3,1,9],"pivot":[-8,0,-8],"uv":{"north":{"uv":[11.512,9.754],"uv_size":[0.738,0.246]},"south":{"uv":[11.512,10.004],"uv_size":[0.738,0.246]},"east":{"uv":[11.516,8.254],"uv_size":[2.234,0.246]},"west":{"uv":[11.516,8.504],"uv_size":[2.234,0.246]},"up":{"uv":[8.262,9.266],"uv_size":[0.738,2.234]},"down":{"uv":[9.012,11.484],"uv_size":[0.738,-2.234]}}},{"origin":[-20,4,7],"size":[3,10,1],"pivot":[-8,0,-8],"uv":{"north":{"uv":[3.762,9.266],"uv_size":[0.738,2.484]},"south":{"uv":[4.512,9.266],"uv_size":[0.738,2.484]},"east":{"uv":[0.004,11.516],"uv_size":[0.246,2.484]},"west":{"uv":[0.254,11.516],"uv_size":[0.246,2.484]},"up":{"uv":[11.512,10.254],"uv_size":[0.738,0.246]},"down":{"uv":[11.512,10.746],"uv_size":[0.738,-0.246]}}},{"origin":[-18.5,5,-1],"size":[0,9,9],"pivot":[-8,0,-8],"uv":{"north":{"uv":[0,0.016],"uv_size":[0,2.234]},"south":{"uv":[0,0.016],"uv_size":[0,2.234]},"east":{"uv":[4.516,7.016],"uv_size":[2.234,2.234]},"west":{"uv":[6.766,7.016],"uv_size":[2.234,2.234]},"up":{"uv":[0,0.016],"uv_size":[0,2.234]},"down":{"uv":[0,2.234],"uv_size":[0,-2.234]}}}],"name":"rot_1"}]}]}
