{"format_version":"1.16.0","minecraft:geometry":[{"description":{"identifier":"geometry.geyser_custom.geo_7f88b23","texture_width":16,"texture_height":16,"visible_bounds_width":4,"visible_bounds_height":4.5,"visible_bounds_offset":[0,0.75,0]},"bones":[{"name":"geyser_custom","binding":"c.item_slot == 'head' ? 'head' : q.item_slot_to_bone_name(c.item_slot)","pivot":[0,8,0]},{"name":"geyser_custom_x","parent":"geyser_custom","pivot":[0,8,0]},{"name":"geyser_custom_y","parent":"geyser_custom_x","pivot":[0,8,0]},{"name":"geyser_custom_z","parent":"geyser_custom_y","pivot":[0,8,0],"cubes":[]},{"parent":"geyser_custom_z","pivot":[-8,9.25,-7],"rotation":[0,0,-22.5],"cubes":[{"origin":[-24,7.25,7],"size":[32,4,2],"pivot":[-8,9.25,-7],"uv":{"north":{"uv":[1.492,6.984],"uv_size":[-0.492,-3.984]},"south":{"uv":[1.492,6.984],"uv_size":[-0.492,-3.984]},"east":{"uv":[7.008,6.254],"uv_size":[0.492,0.246]},"west":{"uv":[7.492,6.254],"uv_size":[-0.492,0.246]},"up":{"uv":[10.984,1.996],"uv_size":[-3.984,-0.246]},"down":{"uv":[10.984,2.246],"uv_size":[-3.984,-0.246]}}},{"origin":[-24,7.25,-8],"size":[32,4,2],"pivot":[-8,9.25,-7],"uv":{"north":{"uv":[1.492,6.984],"uv_size":[-0.492,-3.984]},"south":{"uv":[1.492,6.984],"uv_size":[-0.492,-3.984]},"east":{"uv":[7.008,6.254],"uv_size":[0.492,0.246]},"west":{"uv":[7.492,6.254],"uv_size":[-0.492,0.246]},"up":{"uv":[10.984,1.996],"uv_size":[-3.984,-0.246]},"down":{"uv":[10.984,2.246],"uv_size":[-3.984,-0.246]}}},{"origin":[-24,7.25,-23],"size":[32,4,2],"pivot":[-8,9.25,-7],"uv":{"north":{"uv":[1.492,6.984],"uv_size":[-0.492,-3.984]},"south":{"uv":[1.492,6.984],"uv_size":[-0.492,-3.984]},"east":{"uv":[7.008,6.254],"uv_size":[0.492,0.246]},"west":{"uv":[7.492,6.254],"uv_size":[-0.492,0.246]},"up":{"uv":[10.984,1.996],"uv_size":[-3.984,-0.246]},"down":{"uv":[10.984,2.246],"uv_size":[-3.984,-0.246]}}},{"origin":[4,11.25,-23],"size":[4,2,32],"pivot":[-8,9.25,-7],"uv":{"north":{"uv":[7.492,6.254],"uv_size":[-0.492,0.246]},"south":{"uv":[7.008,6.254],"uv_size":[0.492,0.246]},"east":{"uv":[7.016,2.004],"uv_size":[3.984,0.246]},"west":{"uv":[7.016,1.754],"uv_size":[3.984,0.246]},"up":{"uv":[1.008,3.016],"uv_size":[0.492,3.984]},"down":{"uv":[1.008,3.016],"uv_size":[0.492,3.984]}}},{"origin":[-3,11.25,-23],"size":[4,2,32],"pivot":[-8,9.25,-7],"uv":{"north":{"uv":[7.492,6.254],"uv_size":[-0.492,0.246]},"south":{"uv":[7.008,6.254],"uv_size":[0.492,0.246]},"east":{"uv":[7.016,2.004],"uv_size":[3.984,0.246]},"west":{"uv":[7.016,1.754],"uv_size":[3.984,0.246]},"up":{"uv":[1.008,3.016],"uv_size":[0.492,3.984]},"down":{"uv":[1.008,3.016],"uv_size":[0.492,3.984]}}},{"origin":[-10,11.25,-23],"size":[4,2,32],"pivot":[-8,9.25,-7],"uv":{"north":{"uv":[7.492,6.254],"uv_size":[-0.492,0.246]},"south":{"uv":[7.008,6.254],"uv_size":[0.492,0.246]},"east":{"uv":[7.016,2.004],"uv_size":[3.984,0.246]},"west":{"uv":[7.016,1.754],"uv_size":[3.984,0.246]},"up":{"uv":[1.008,3.016],"uv_size":[0.492,3.984]},"down":{"uv":[1.008,3.016],"uv_size":[0.492,3.984]}}},{"origin":[-17,11.25,-23],"size":[4,2,32],"pivot":[-8,9.25,-7],"uv":{"north":{"uv":[7.492,6.254],"uv_size":[-0.492,0.246]},"south":{"uv":[7.008,6.254],"uv_size":[0.492,0.246]},"east":{"uv":[7.016,2.004],"uv_size":[3.984,0.246]},"west":{"uv":[7.016,1.754],"uv_size":[3.984,0.246]},"up":{"uv":[1.008,3.016],"uv_size":[0.492,3.984]},"down":{"uv":[1.008,3.016],"uv_size":[0.492,3.984]}}},{"origin":[-24,11.25,-23],"size":[4,2,32],"pivot":[-8,9.25,-7],"uv":{"north":{"uv":[7.492,6.254],"uv_size":[-0.492,0.246]},"south":{"uv":[7.008,6.254],"uv_size":[0.492,0.246]},"east":{"uv":[7.016,2.004],"uv_size":[3.984,0.246]},"west":{"uv":[7.016,1.754],"uv_size":[3.984,0.246]},"up":{"uv":[1.008,3.016],"uv_size":[0.492,3.984]},"down":{"uv":[1.008,3.016],"uv_size":[0.492,3.984]}}},{"origin":[4,5.25,-23],"size":[4,2,32],"pivot":[-8,9.25,-7],"uv":{"north":{"uv":[7.492,6.254],"uv_size":[-0.492,0.246]},"south":{"uv":[7.008,6.254],"uv_size":[0.492,0.246]},"east":{"uv":[7.016,2.004],"uv_size":[3.984,0.246]},"west":{"uv":[7.016,1.754],"uv_size":[3.984,0.246]},"up":{"uv":[1.008,3.016],"uv_size":[0.492,3.984]},"down":{"uv":[1.008,3.016],"uv_size":[0.492,3.984]}}},{"origin":[-3,5.25,-23],"size":[4,2,32],"pivot":[-8,9.25,-7],"uv":{"north":{"uv":[7.492,6.254],"uv_size":[-0.492,0.246]},"south":{"uv":[7.008,6.254],"uv_size":[0.492,0.246]},"east":{"uv":[7.016,2.004],"uv_size":[3.984,0.246]},"west":{"uv":[7.016,1.754],"uv_size":[3.984,0.246]},"up":{"uv":[1.008,3.016],"uv_size":[0.492,3.984]},"down":{"uv":[1.008,3.016],"uv_size":[0.492,3.984]}}},{"origin":[-24,5.25,-23],"size":[4,2,32],"pivot":[-8,9.25,-7],"uv":{"north":{"uv":[7.492,6.254],"uv_size":[-0.492,0.246]},"south":{"uv":[7.008,6.254],"uv_size":[0.492,0.246]},"east":{"uv":[7.016,2.004],"uv_size":[3.984,0.246]},"west":{"uv":[7.016,1.754],"uv_size":[3.984,0.246]},"up":{"uv":[1.008,3.016],"uv_size":[0.492,3.984]},"down":{"uv":[1.008,3.016],"uv_size":[0.492,3.984]}}},{"origin":[-10,5.25,-23],"size":[4,2,32],"pivot":[-8,9.25,-7],"uv":{"north":{"uv":[7.492,6.254],"uv_size":[-0.492,0.246]},"south":{"uv":[7.008,6.254],"uv_size":[0.492,0.246]},"east":{"uv":[7.016,2.004],"uv_size":[3.984,0.246]},"west":{"uv":[7.016,1.754],"uv_size":[3.984,0.246]},"up":{"uv":[1.008,3.016],"uv_size":[0.492,3.984]},"down":{"uv":[1.008,3.016],"uv_size":[0.492,3.984]}}},{"origin":[-17,5.25,-23],"size":[4,2,32],"pivot":[-8,9.25,-7],"uv":{"north":{"uv":[7.492,6.254],"uv_size":[-0.492,0.246]},"south":{"uv":[7.008,6.254],"uv_size":[0.492,0.246]},"east":{"uv":[7.016,2.004],"uv_size":[3.984,0.246]},"west":{"uv":[7.016,1.754],"uv_size":[3.984,0.246]},"up":{"uv":[1.008,3.016],"uv_size":[0.492,3.984]},"down":{"uv":[1.008,3.016],"uv_size":[0.492,3.984]}}}],"name":"rot_1"},{"parent":"geyser_custom_z","pivot":[8,4,-8],"rotation":[0,-0,0],"cubes":[{"origin":[22,2,-24],"size":[2,4,32],"pivot":[8,4,-8],"uv":{"north":{"uv":[7.492,6.254],"uv_size":[-0.492,0.246]},"south":{"uv":[7.008,6.254],"uv_size":[0.492,0.246]},"east":{"uv":[1.492,6.984],"uv_size":[-0.492,-3.984]},"west":{"uv":[1.492,6.984],"uv_size":[-0.492,-3.984]},"up":{"uv":[10.984,1.996],"uv_size":[-3.984,-0.246]},"down":{"uv":[10.984,2.246],"uv_size":[-3.984,-0.246]}}},{"origin":[7,2,-24],"size":[2,4,32],"pivot":[8,4,-8],"uv":{"north":{"uv":[7.492,6.254],"uv_size":[-0.492,0.246]},"south":{"uv":[7.008,6.254],"uv_size":[0.492,0.246]},"east":{"uv":[1.492,6.984],"uv_size":[-0.492,-3.984]},"west":{"uv":[1.492,6.984],"uv_size":[-0.492,-3.984]},"up":{"uv":[10.984,1.996],"uv_size":[-3.984,-0.246]},"down":{"uv":[10.984,2.246],"uv_size":[-3.984,-0.246]}}},{"origin":[-8,2,-24],"size":[2,4,32],"pivot":[8,4,-8],"uv":{"north":{"uv":[7.492,6.254],"uv_size":[-0.492,0.246]},"south":{"uv":[7.008,6.254],"uv_size":[0.492,0.246]},"east":{"uv":[1.492,6.984],"uv_size":[-0.492,-3.984]},"west":{"uv":[1.492,6.984],"uv_size":[-0.492,-3.984]},"up":{"uv":[10.984,1.996],"uv_size":[-3.984,-0.246]},"down":{"uv":[10.984,2.246],"uv_size":[-3.984,-0.246]}}},{"origin":[-8,6,-24],"size":[32,2,4],"pivot":[8,4,-8],"uv":{"north":{"uv":[7.016,1.754],"uv_size":[3.984,0.246]},"south":{"uv":[7.016,2.004],"uv_size":[3.984,0.246]},"east":{"uv":[7.492,6.254],"uv_size":[-0.492,0.246]},"west":{"uv":[7.008,6.254],"uv_size":[0.492,0.246]},"up":{"uv":[1.008,3.016],"uv_size":[0.492,3.984]},"down":{"uv":[1.008,3.016],"uv_size":[0.492,3.984]}}},{"origin":[-8,6,-17],"size":[32,2,4],"pivot":[8,4,-8],"uv":{"north":{"uv":[7.016,1.754],"uv_size":[3.984,0.246]},"south":{"uv":[7.016,2.004],"uv_size":[3.984,0.246]},"east":{"uv":[7.492,6.254],"uv_size":[-0.492,0.246]},"west":{"uv":[7.008,6.254],"uv_size":[0.492,0.246]},"up":{"uv":[1.008,3.016],"uv_size":[0.492,3.984]},"down":{"uv":[1.008,3.016],"uv_size":[0.492,3.984]}}},{"origin":[-8,6,-10],"size":[32,2,4],"pivot":[8,4,-8],"uv":{"north":{"uv":[7.016,1.754],"uv_size":[3.984,0.246]},"south":{"uv":[7.016,2.004],"uv_size":[3.984,0.246]},"east":{"uv":[7.492,6.254],"uv_size":[-0.492,0.246]},"west":{"uv":[7.008,6.254],"uv_size":[0.492,0.246]},"up":{"uv":[1.008,3.016],"uv_size":[0.492,3.984]},"down":{"uv":[1.008,3.016],"uv_size":[0.492,3.984]}}},{"origin":[-8,6,-3],"size":[32,2,4],"pivot":[8,4,-8],"uv":{"north":{"uv":[7.016,1.754],"uv_size":[3.984,0.246]},"south":{"uv":[7.016,2.004],"uv_size":[3.984,0.246]},"east":{"uv":[7.492,6.254],"uv_size":[-0.492,0.246]},"west":{"uv":[7.008,6.254],"uv_size":[0.492,0.246]},"up":{"uv":[1.008,3.016],"uv_size":[0.492,3.984]},"down":{"uv":[1.008,3.016],"uv_size":[0.492,3.984]}}},{"origin":[-8,6,4],"size":[32,2,4],"pivot":[8,4,-8],"uv":{"north":{"uv":[7.016,1.754],"uv_size":[3.984,0.246]},"south":{"uv":[7.016,2.004],"uv_size":[3.984,0.246]},"east":{"uv":[7.492,6.254],"uv_size":[-0.492,0.246]},"west":{"uv":[7.008,6.254],"uv_size":[0.492,0.246]},"up":{"uv":[1.008,3.016],"uv_size":[0.492,3.984]},"down":{"uv":[1.008,3.016],"uv_size":[0.492,3.984]}}},{"origin":[-8,0,-24],"size":[32,2,4],"pivot":[8,4,-8],"uv":{"north":{"uv":[7.016,1.754],"uv_size":[3.984,0.246]},"south":{"uv":[7.016,2.004],"uv_size":[3.984,0.246]},"east":{"uv":[7.492,6.254],"uv_size":[-0.492,0.246]},"west":{"uv":[7.008,6.254],"uv_size":[0.492,0.246]},"up":{"uv":[1.008,3.016],"uv_size":[0.492,3.984]},"down":{"uv":[1.008,3.016],"uv_size":[0.492,3.984]}}},{"origin":[-8,0,-17],"size":[32,2,4],"pivot":[8,4,-8],"uv":{"north":{"uv":[7.016,1.754],"uv_size":[3.984,0.246]},"south":{"uv":[7.016,2.004],"uv_size":[3.984,0.246]},"east":{"uv":[7.492,6.254],"uv_size":[-0.492,0.246]},"west":{"uv":[7.008,6.254],"uv_size":[0.492,0.246]},"up":{"uv":[1.008,3.016],"uv_size":[0.492,3.984]},"down":{"uv":[1.008,3.016],"uv_size":[0.492,3.984]}}},{"origin":[-8,0,4],"size":[32,2,4],"pivot":[8,4,-8],"uv":{"north":{"uv":[7.016,1.754],"uv_size":[3.984,0.246]},"south":{"uv":[7.016,2.004],"uv_size":[3.984,0.246]},"east":{"uv":[7.492,6.254],"uv_size":[-0.492,0.246]},"west":{"uv":[7.008,6.254],"uv_size":[0.492,0.246]},"up":{"uv":[1.008,3.016],"uv_size":[0.492,3.984]},"down":{"uv":[1.008,3.016],"uv_size":[0.492,3.984]}}},{"origin":[-8,0,-10],"size":[32,2,4],"pivot":[8,4,-8],"uv":{"north":{"uv":[7.016,1.754],"uv_size":[3.984,0.246]},"south":{"uv":[7.016,2.004],"uv_size":[3.984,0.246]},"east":{"uv":[7.492,6.254],"uv_size":[-0.492,0.246]},"west":{"uv":[7.008,6.254],"uv_size":[0.492,0.246]},"up":{"uv":[1.008,3.016],"uv_size":[0.492,3.984]},"down":{"uv":[1.008,3.016],"uv_size":[0.492,3.984]}}},{"origin":[-8,0,-3],"size":[32,2,4],"pivot":[8,4,-8],"uv":{"north":{"uv":[7.016,1.754],"uv_size":[3.984,0.246]},"south":{"uv":[7.016,2.004],"uv_size":[3.984,0.246]},"east":{"uv":[7.492,6.254],"uv_size":[-0.492,0.246]},"west":{"uv":[7.008,6.254],"uv_size":[0.492,0.246]},"up":{"uv":[1.008,3.016],"uv_size":[0.492,3.984]},"down":{"uv":[1.008,3.016],"uv_size":[0.492,3.984]}}}],"name":"rot_2"},{"parent":"geyser_custom_z","pivot":[2,16.3128,15.4274],"rotation":[-22.5,0,0],"cubes":[{"origin":[16,0,13.4274],"size":[2,32,4],"pivot":[2,16.3128,15.4274],"uv":{"north":{"uv":[7.016,2.004],"uv_size":[3.984,0.246]},"south":{"uv":[7.016,1.754],"uv_size":[3.984,0.246]},"east":{"uv":[1.492,6.984],"uv_size":[-0.492,-3.984]},"west":{"uv":[1.492,6.984],"uv_size":[-0.492,-3.984]},"up":{"uv":[7.008,6.496],"uv_size":[0.492,-0.246]},"down":{"uv":[7.492,6.496],"uv_size":[-0.492,-0.246]}}},{"origin":[1,0,13.4274],"size":[2,32,4],"pivot":[2,16.3128,15.4274],"uv":{"north":{"uv":[7.016,2.004],"uv_size":[3.984,0.246]},"south":{"uv":[7.016,1.754],"uv_size":[3.984,0.246]},"east":{"uv":[1.492,6.984],"uv_size":[-0.492,-3.984]},"west":{"uv":[1.492,6.984],"uv_size":[-0.492,-3.984]},"up":{"uv":[7.008,6.496],"uv_size":[0.492,-0.246]},"down":{"uv":[7.492,6.496],"uv_size":[-0.492,-0.246]}}},{"origin":[-14,0,13.4274],"size":[2,32,4],"pivot":[2,16.3128,15.4274],"uv":{"north":{"uv":[7.016,2.004],"uv_size":[3.984,0.246]},"south":{"uv":[7.016,1.754],"uv_size":[3.984,0.246]},"east":{"uv":[1.492,6.984],"uv_size":[-0.492,-3.984]},"west":{"uv":[1.492,6.984],"uv_size":[-0.492,-3.984]},"up":{"uv":[7.008,6.496],"uv_size":[0.492,-0.246]},"down":{"uv":[7.492,6.496],"uv_size":[-0.492,-0.246]}}},{"origin":[-14,28,17.4274],"size":[32,4,2],"pivot":[2,16.3128,15.4274],"uv":{"north":{"uv":[1.492,6.984],"uv_size":[-0.492,-3.984]},"south":{"uv":[1.492,6.984],"uv_size":[-0.492,-3.984]},"east":{"uv":[7.492,6.254],"uv_size":[-0.492,0.246]},"west":{"uv":[7.008,6.254],"uv_size":[0.492,0.246]},"up":{"uv":[10.984,1.996],"uv_size":[-3.984,-0.246]},"down":{"uv":[10.984,2.246],"uv_size":[-3.984,-0.246]}}},{"origin":[-14,21.3128,17.4274],"size":[32,4,2],"pivot":[2,16.3128,15.4274],"uv":{"north":{"uv":[1.492,6.984],"uv_size":[-0.492,-3.984]},"south":{"uv":[1.492,6.984],"uv_size":[-0.492,-3.984]},"east":{"uv":[7.492,6.254],"uv_size":[-0.492,0.246]},"west":{"uv":[7.008,6.254],"uv_size":[0.492,0.246]},"up":{"uv":[10.984,1.996],"uv_size":[-3.984,-0.246]},"down":{"uv":[10.984,2.246],"uv_size":[-3.984,-0.246]}}},{"origin":[-14,14.3128,17.4274],"size":[32,4,2],"pivot":[2,16.3128,15.4274],"uv":{"north":{"uv":[1.492,6.984],"uv_size":[-0.492,-3.984]},"south":{"uv":[1.492,6.984],"uv_size":[-0.492,-3.984]},"east":{"uv":[7.492,6.254],"uv_size":[-0.492,0.246]},"west":{"uv":[7.008,6.254],"uv_size":[0.492,0.246]},"up":{"uv":[10.984,1.996],"uv_size":[-3.984,-0.246]},"down":{"uv":[10.984,2.246],"uv_size":[-3.984,-0.246]}}},{"origin":[-14,7.3128,17.4274],"size":[32,4,2],"pivot":[2,16.3128,15.4274],"uv":{"north":{"uv":[1.492,6.984],"uv_size":[-0.492,-3.984]},"south":{"uv":[1.492,6.984],"uv_size":[-0.492,-3.984]},"east":{"uv":[7.492,6.254],"uv_size":[-0.492,0.246]},"west":{"uv":[7.008,6.254],"uv_size":[0.492,0.246]},"up":{"uv":[10.984,1.996],"uv_size":[-3.984,-0.246]},"down":{"uv":[10.984,2.246],"uv_size":[-3.984,-0.246]}}},{"origin":[-14,0.3128,17.4274],"size":[32,4,2],"pivot":[2,16.3128,15.4274],"uv":{"north":{"uv":[1.492,6.984],"uv_size":[-0.492,-3.984]},"south":{"uv":[1.492,6.984],"uv_size":[-0.492,-3.984]},"east":{"uv":[7.492,6.254],"uv_size":[-0.492,0.246]},"west":{"uv":[7.008,6.254],"uv_size":[0.492,0.246]},"up":{"uv":[10.984,1.996],"uv_size":[-3.984,-0.246]},"down":{"uv":[10.984,2.246],"uv_size":[-3.984,-0.246]}}},{"origin":[-14,28,11.4274],"size":[32,4,2],"pivot":[2,16.3128,15.4274],"uv":{"north":{"uv":[1.492,6.984],"uv_size":[-0.492,-3.984]},"south":{"uv":[1.492,6.984],"uv_size":[-0.492,-3.984]},"east":{"uv":[7.492,6.254],"uv_size":[-0.492,0.246]},"west":{"uv":[7.008,6.254],"uv_size":[0.492,0.246]},"up":{"uv":[10.984,1.996],"uv_size":[-3.984,-0.246]},"down":{"uv":[10.984,2.246],"uv_size":[-3.984,-0.246]}}},{"origin":[-14,21.3128,11.4274],"size":[32,4,2],"pivot":[2,16.3128,15.4274],"uv":{"north":{"uv":[1.492,6.984],"uv_size":[-0.492,-3.984]},"south":{"uv":[1.492,6.984],"uv_size":[-0.492,-3.984]},"east":{"uv":[7.492,6.254],"uv_size":[-0.492,0.246]},"west":{"uv":[7.008,6.254],"uv_size":[0.492,0.246]},"up":{"uv":[10.984,1.996],"uv_size":[-3.984,-0.246]},"down":{"uv":[10.984,2.246],"uv_size":[-3.984,-0.246]}}},{"origin":[-14,0.3128,11.4274],"size":[32,4,2],"pivot":[2,16.3128,15.4274],"uv":{"north":{"uv":[1.492,6.984],"uv_size":[-0.492,-3.984]},"south":{"uv":[1.492,6.984],"uv_size":[-0.492,-3.984]},"east":{"uv":[7.492,6.254],"uv_size":[-0.492,0.246]},"west":{"uv":[7.008,6.254],"uv_size":[0.492,0.246]},"up":{"uv":[10.984,1.996],"uv_size":[-3.984,-0.246]},"down":{"uv":[10.984,2.246],"uv_size":[-3.984,-0.246]}}},{"origin":[-14,14.3128,11.4274],"size":[32,4,2],"pivot":[2,16.3128,15.4274],"uv":{"north":{"uv":[1.492,6.984],"uv_size":[-0.492,-3.984]},"south":{"uv":[1.492,6.984],"uv_size":[-0.492,-3.984]},"east":{"uv":[7.492,6.254],"uv_size":[-0.492,0.246]},"west":{"uv":[7.008,6.254],"uv_size":[0.492,0.246]},"up":{"uv":[10.984,1.996],"uv_size":[-3.984,-0.246]},"down":{"uv":[10.984,2.246],"uv_size":[-3.984,-0.246]}}},{"origin":[-14,7.3128,11.4274],"size":[32,4,2],"pivot":[2,16.3128,15.4274],"uv":{"north":{"uv":[1.492,6.984],"uv_size":[-0.492,-3.984]},"south":{"uv":[1.492,6.984],"uv_size":[-0.492,-3.984]},"east":{"uv":[7.492,6.254],"uv_size":[-0.492,0.246]},"west":{"uv":[7.008,6.254],"uv_size":[0.492,0.246]},"up":{"uv":[10.984,1.996],"uv_size":[-3.984,-0.246]},"down":{"uv":[10.984,2.246],"uv_size":[-3.984,-0.246]}}}],"name":"rot_3"}]}]}
