{"format_version":"1.16.0","minecraft:geometry":[{"description":{"identifier":"geometry.geyser_custom.geo_d26f60f","texture_width":16,"texture_height":16,"visible_bounds_width":4,"visible_bounds_height":4.5,"visible_bounds_offset":[0,0.75,0]},"bones":[{"name":"geyser_custom","binding":"c.item_slot == 'head' ? 'head' : q.item_slot_to_bone_name(c.item_slot)","pivot":[0,8,0]},{"name":"geyser_custom_x","parent":"geyser_custom","pivot":[0,8,0]},{"name":"geyser_custom_y","parent":"geyser_custom_x","pivot":[0,8,0]},{"name":"geyser_custom_z","parent":"geyser_custom_y","pivot":[0,8,0],"cubes":[{"origin":[-5,0,6],"size":[10,16,2],"uv":{"north":{"uv":[0.016,0.016],"uv_size":[2.484,3.984]},"south":{"uv":[2.516,0.016],"uv_size":[2.484,3.984]},"east":{"uv":[1.008,6.766],"uv_size":[0.492,3.984]},"west":{"uv":[1.508,6.766],"uv_size":[0.492,3.984]},"up":{"uv":[3.516,6.758],"uv_size":[2.484,0.492]},"down":{"uv":[6.016,7.242],"uv_size":[2.484,-0.492]}}},{"origin":[-2,10,-6],"size":[4,4,12],"uv":{"north":{"uv":[5.016,3.016],"uv_size":[0.984,0.984]},"south":{"uv":[7.016,4.766],"uv_size":[0.984,0.984]},"east":{"uv":[0.016,4.016],"uv_size":[2.984,0.984]},"west":{"uv":[3.016,4.016],"uv_size":[2.984,0.984]},"up":{"uv":[0.016,5.016],"uv_size":[0.984,2.984]},"down":{"uv":[5.016,2.984],"uv_size":[0.984,-2.984]}}},{"origin":[-3,-6,-5.25],"size":[6,7,6],"uv":{"north":{"uv":[5.516,5.016],"uv_size":[1.484,1.734]},"south":{"uv":[5.516,5.016],"uv_size":[1.484,1.734]},"east":{"uv":[5.516,5.016],"uv_size":[1.484,1.734]},"west":{"uv":[5.516,5.016],"uv_size":[1.484,1.734]},"up":{"uv":[6.016,0.016],"uv_size":[1.484,1.484]},"down":{"uv":[6.016,2.984],"uv_size":[1.484,-1.484]}}},{"origin":[-2,1,-4.25],"size":[4,2,4],"uv":{"north":{"uv":[7.516,0.008],"uv_size":[0.984,0.492]},"south":{"uv":[7.516,0.008],"uv_size":[0.984,0.492]},"east":{"uv":[7.516,0.008],"uv_size":[0.984,0.492]},"west":{"uv":[7.516,0.008],"uv_size":[0.984,0.492]},"up":{"uv":[7.016,5.766],"uv_size":[0.984,0.984]},"down":{"uv":[3.516,8.234],"uv_size":[0.984,-0.984]}}},{"origin":[0,3,-3.75],"size":[0,7,3],"uv":{"north":{"uv":[0,0.016],"uv_size":[0,1.734]},"south":{"uv":[0,0.016],"uv_size":[0,1.734]},"east":{"uv":[6.012,3.016],"uv_size":[0.738,1.734]},"west":{"uv":[2.012,6.766],"uv_size":[0.738,1.734]},"up":{"uv":[0,0.012],"uv_size":[0,0.738]},"down":{"uv":[0,0.738],"uv_size":[0,-0.738]}}}]},{"parent":"geyser_custom_z","pivot":[0,6.5,-9.25],"rotation":[0,-0,0],"cubes":[{"origin":[-1.5,3,-2.25],"size":[3,7,0],"pivot":[0,6.5,-9.25],"uv":{"north":{"uv":[2.762,6.766],"uv_size":[0.738,1.734]},"south":{"uv":[6.762,3.016],"uv_size":[0.738,1.734]},"east":{"uv":[0,0.016],"uv_size":[0,1.734]},"west":{"uv":[0,0.016],"uv_size":[0,1.734]},"up":{"uv":[0.012,0],"uv_size":[0.738,0]},"down":{"uv":[0.012,0],"uv_size":[0.738,0]}}}],"name":"rot_1"}]}]}
