{"format_version":"1.16.0","minecraft:geometry":[{"description":{"identifier":"geometry.geyser_custom.geo_3990ea6","texture_width":16,"texture_height":16,"visible_bounds_width":4,"visible_bounds_height":4.5,"visible_bounds_offset":[0,0.75,0]},"bones":[{"name":"geyser_custom","binding":"c.item_slot == 'head' ? 'head' : q.item_slot_to_bone_name(c.item_slot)","pivot":[0,8,0]},{"name":"geyser_custom_x","parent":"geyser_custom","pivot":[0,8,0]},{"name":"geyser_custom_y","parent":"geyser_custom_x","pivot":[0,8,0]},{"name":"geyser_custom_z","parent":"geyser_custom_y","pivot":[0,8,0],"cubes":[{"origin":[5,0,-8],"size":[3,14,3],"uv":{"north":{"uv":[1.012,8.516],"uv_size":[0.738,3.484]},"south":{"uv":[1.012,8.516],"uv_size":[0.738,3.484]},"east":{"uv":[1.012,8.516],"uv_size":[0.738,3.484]},"west":{"uv":[1.012,8.516],"uv_size":[0.738,3.484]},"up":{"uv":[0.012,11.512],"uv_size":[0.738,0.738]},"down":{"uv":[11.762,9.238],"uv_size":[0.738,-0.738]}}},{"origin":[-8,0,-8],"size":[3,14,3],"uv":{"north":{"uv":[1.012,8.516],"uv_size":[0.738,3.484]},"south":{"uv":[1.012,8.516],"uv_size":[0.738,3.484]},"east":{"uv":[1.012,8.516],"uv_size":[0.738,3.484]},"west":{"uv":[1.012,8.516],"uv_size":[0.738,3.484]},"up":{"uv":[0.012,11.512],"uv_size":[0.738,0.738]},"down":{"uv":[11.762,9.238],"uv_size":[0.738,-0.738]}}},{"origin":[-8,0,5],"size":[3,14,3],"uv":{"north":{"uv":[1.012,8.516],"uv_size":[0.738,3.484]},"south":{"uv":[1.012,8.516],"uv_size":[0.738,3.484]},"east":{"uv":[1.012,8.516],"uv_size":[0.738,3.484]},"west":{"uv":[1.012,8.516],"uv_size":[0.738,3.484]},"up":{"uv":[0.012,11.512],"uv_size":[0.738,0.738]},"down":{"uv":[11.762,9.238],"uv_size":[0.738,-0.738]}}},{"origin":[5,0,5],"size":[3,14,3],"uv":{"north":{"uv":[1.012,8.516],"uv_size":[0.738,3.484]},"south":{"uv":[1.012,8.516],"uv_size":[0.738,3.484]},"east":{"uv":[1.012,8.516],"uv_size":[0.738,3.484]},"west":{"uv":[1.012,8.516],"uv_size":[0.738,3.484]},"up":{"uv":[0.012,11.512],"uv_size":[0.738,0.738]},"down":{"uv":[11.762,9.238],"uv_size":[0.738,-0.738]}}}]},{"parent":"geyser_custom_z","pivot":[8,2,-8],"rotation":[0,-0,0],"cubes":[{"origin":[5,14,-9],"size":[4,2,18],"pivot":[8,2,-8],"uv":{"north":{"uv":[3.266,12.008],"uv_size":[0.984,0.492]},"south":{"uv":[12.016,4.008],"uv_size":[0.984,0.492]},"east":{"uv":[11.516,3.008],"uv_size":[4.484,0.492]},"west":{"uv":[11.516,3.508],"uv_size":[4.484,0.492]},"up":{"uv":[4.516,7.516],"uv_size":[0.984,4.484]},"down":{"uv":[4.516,11.984],"uv_size":[0.984,-4.484]}}},{"origin":[-5,14,5],"size":[10,2,4],"pivot":[8,2,-8],"uv":{"north":{"uv":[11.766,7.508],"uv_size":[2.484,0.492]},"south":{"uv":[11.766,8.008],"uv_size":[2.484,0.492]},"east":{"uv":[4.266,12.008],"uv_size":[0.984,0.492]},"west":{"uv":[12.016,4.508],"uv_size":[0.984,0.492]},"up":{"uv":[10.516,0.016],"uv_size":[2.484,0.984]},"down":{"uv":[10.516,0.984],"uv_size":[2.484,-0.984]}}}],"name":"rot_1"},{"parent":"geyser_custom_z","pivot":[5,9,-8],"rotation":[0,-0,0],"cubes":[{"origin":[-7,5,-7],"size":[14,2,14],"pivot":[5,9,-8],"uv":{"north":{"uv":[7.016,2.508],"uv_size":[3.484,0.492]},"south":{"uv":[7.016,2.508],"uv_size":[3.484,0.492]},"east":{"uv":[7.016,2.508],"uv_size":[3.484,0.492]},"west":{"uv":[7.016,2.508],"uv_size":[3.484,0.492]},"up":{"uv":[0.016,3.516],"uv_size":[3.484,3.484]},"down":{"uv":[0.016,6.984],"uv_size":[3.484,-3.484]}}},{"origin":[-7,7,-7],"size":[14,4,14],"pivot":[5,9,-8],"uv":{"north":{"uv":[7.016,1.516],"uv_size":[3.484,0.984]},"south":{"uv":[7.016,1.516],"uv_size":[3.484,0.984]},"east":{"uv":[7.016,1.516],"uv_size":[3.484,0.984]},"west":{"uv":[7.016,1.516],"uv_size":[3.484,0.984]},"up":{"uv":[0.016,0.016],"uv_size":[3.484,3.484]},"down":{"uv":[0.016,3.484],"uv_size":[3.484,-3.484]}}}],"name":"rot_2"},{"parent":"geyser_custom_z","pivot":[5,12,-8],"rotation":[0,-0,0],"cubes":[{"origin":[-7,11,3],"size":[14,12,4],"pivot":[5,12,-8],"uv":{"north":{"uv":[3.516,0.016],"uv_size":[3.484,2.984]},"south":{"uv":[3.516,0.016],"uv_size":[3.484,2.984]},"east":{"uv":[8.016,4.016],"uv_size":[0.984,2.984]},"west":{"uv":[0.016,8.516],"uv_size":[0.984,2.984]},"up":{"uv":[6.516,7.516],"uv_size":[3.484,0.984]},"down":{"uv":[8.016,3.984],"uv_size":[3.484,-0.984]}}}],"name":"rot_3"},{"parent":"geyser_custom_z","pivot":[-6,2,-8],"rotation":[0,-0,0],"cubes":[{"origin":[-9,14,-9],"size":[4,2,18],"pivot":[-6,2,-8],"uv":{"north":{"uv":[3.266,12.008],"uv_size":[0.984,0.492]},"south":{"uv":[12.016,4.008],"uv_size":[0.984,0.492]},"east":{"uv":[11.516,3.008],"uv_size":[4.484,0.492]},"west":{"uv":[11.516,3.508],"uv_size":[4.484,0.492]},"up":{"uv":[4.516,7.516],"uv_size":[0.984,4.484]},"down":{"uv":[4.516,11.984],"uv_size":[0.984,-4.484]}}}],"name":"rot_4"}]}]}
