{"format_version":"1.16.0","minecraft:geometry":[{"description":{"identifier":"geometry.geyser_custom.geo_4ddd1d7","texture_width":16,"texture_height":16,"visible_bounds_width":4,"visible_bounds_height":4.5,"visible_bounds_offset":[0,0.75,0]},"bones":[{"name":"geyser_custom","binding":"c.item_slot == 'head' ? 'head' : q.item_slot_to_bone_name(c.item_slot)","pivot":[0,8,0]},{"name":"geyser_custom_x","parent":"geyser_custom","pivot":[0,8,0]},{"name":"geyser_custom_y","parent":"geyser_custom_x","pivot":[0,8,0]},{"name":"geyser_custom_z","parent":"geyser_custom_y","pivot":[0,8,0],"cubes":[]},{"parent":"geyser_custom_z","pivot":[0,0.5,0],"rotation":[0,-0,0],"cubes":[{"origin":[-8,-16,0],"size":[32,48,0],"pivot":[0,0.5,0],"uv":{"north":{"uv":[0.016,0.016],"uv_size":[3.984,5.984]},"south":{"uv":[3.984,0.016],"uv_size":[-3.984,5.984]},"east":{"uv":[0,6.141],"uv_size":[0,5.984]},"west":{"uv":[0.125,6.141],"uv_size":[0,5.984]},"up":{"uv":[0.266,6.125],"uv_size":[3.984,0]},"down":{"uv":[4.391,6.125],"uv_size":[3.984,0]}}}],"name":"rot_1"}]}]}
